nohup: ignoring input
wandb: [wandb.login()] Loaded credentials for https://api.wandb.ai from /home/anant/.netrc.
wandb: Currently logged in as: anant-jain (dcll-iiitd) to https://api.wandb.ai. Use `wandb login --relogin` to force relogin
wandb: setting up run 5b2u4osk
wandb: Tracking run with wandb version 0.29.0
wandb: Run data is saved locally in /home/anant/update-trinity/Trinity-opt-DSAA2026/wandb/run-20260910_193526-5b2u4osk
wandb: Run `wandb offline` to turn off syncing.
wandb: Syncing run adam
wandb: ⭐️ View project at https://wandb.ai/dcll-iiitd/ablation-new-transformer
wandb: 🚀 View run at https://wandb.ai/dcll-iiitd/ablation-new-transformer/runs/5b2u4osk
[*] Generated Long-Tailed CIFAR-10 (Imbalance: 0.01). Total train samples: 12406
[adam] Epoch 1/200 - Loss: 1.3929, Val Acc: 19.07%, Head: 23.84%, Med: 0.00%, Tail: 0.00%
[adam] Epoch 2/200 - Loss: 1.3248, Val Acc: 22.74%, Head: 28.43%, Med: 0.00%, Tail: 0.00%
[adam] Epoch 3/200 - Loss: 1.1453, Val Acc: 28.13%, Head: 35.16%, Med: 0.00%, Tail: 0.00%
[adam] Epoch 4/200 - Loss: 1.0955, Val Acc: 22.88%, Head: 28.60%, Med: 0.00%, Tail: 0.00%
[adam] Epoch 5/200 - Loss: 1.1255, Val Acc: 24.39%, Head: 30.49%, Med: 0.00%, Tail: 0.00%
[adam] Epoch 6/200 - Loss: 1.0798, Val Acc: 25.49%, Head: 31.86%, Med: 0.00%, Tail: 0.00%
[adam] Epoch 7/200 - Loss: 1.0620, Val Acc: 29.81%, Head: 37.26%, Med: 0.00%, Tail: 0.00%
[adam] Epoch 8/200 - Loss: 1.0383, Val Acc: 24.71%, Head: 30.89%, Med: 0.00%, Tail: 0.00%
[adam] Epoch 9/200 - Loss: 1.0135, Val Acc: 27.42%, Head: 34.27%, Med: 0.00%, Tail: 0.00%
[adam] Epoch 10/200 - Loss: 1.0093, Val Acc: 25.12%, Head: 31.40%, Med: 0.00%, Tail: 0.00%
[adam] Epoch 11/200 - Loss: 0.9852, Val Acc: 27.88%, Head: 34.84%, Med: 0.05%, Tail: 0.00%
[adam] Epoch 12/200 - Loss: 0.9670, Val Acc: 29.46%, Head: 36.83%, Med: 0.00%, Tail: 0.00%
[adam] Epoch 13/200 - Loss: 0.9343, Val Acc: 31.91%, Head: 39.89%, Med: 0.00%, Tail: 0.00%
[adam] Epoch 14/200 - Loss: 0.9383, Val Acc: 25.24%, Head: 31.55%, Med: 0.00%, Tail: 0.00%
[adam] Epoch 15/200 - Loss: 0.9173, Val Acc: 33.72%, Head: 42.15%, Med: 0.00%, Tail: 0.00%
[adam] Epoch 16/200 - Loss: 0.8938, Val Acc: 29.41%, Head: 36.76%, Med: 0.00%, Tail: 0.00%
[adam] Epoch 17/200 - Loss: 0.8928, Val Acc: 36.72%, Head: 45.89%, Med: 0.05%, Tail: 0.00%
[adam] Epoch 18/200 - Loss: 0.8726, Val Acc: 33.00%, Head: 41.25%, Med: 0.00%, Tail: 0.00%
[adam] Epoch 19/200 - Loss: 0.8608, Val Acc: 34.71%, Head: 43.39%, Med: 0.00%, Tail: 0.00%
[adam] Epoch 20/200 - Loss: 0.8491, Val Acc: 31.24%, Head: 39.05%, Med: 0.00%, Tail: 0.00%
[adam] Epoch 21/200 - Loss: 0.8414, Val Acc: 33.22%, Head: 41.52%, Med: 0.00%, Tail: 0.00%
[adam] Epoch 22/200 - Loss: 0.8364, Val Acc: 32.50%, Head: 40.62%, Med: 0.00%, Tail: 0.00%
[adam] Epoch 23/200 - Loss: 0.8190, Val Acc: 34.23%, Head: 42.77%, Med: 0.05%, Tail: 0.00%
[adam] Epoch 24/200 - Loss: 0.8171, Val Acc: 35.62%, Head: 44.49%, Med: 0.15%, Tail: 0.00%
[adam] Epoch 25/200 - Loss: 0.7973, Val Acc: 37.29%, Head: 46.46%, Med: 0.60%, Tail: 0.00%
[adam] Epoch 26/200 - Loss: 0.8009, Val Acc: 36.90%, Head: 46.12%, Med: 0.00%, Tail: 0.00%
[adam] Epoch 27/200 - Loss: 0.7808, Val Acc: 35.94%, Head: 44.81%, Med: 0.45%, Tail: 0.00%
[adam] Epoch 28/200 - Loss: 0.7684, Val Acc: 39.14%, Head: 48.54%, Med: 1.55%, Tail: 0.00%
[adam] Epoch 29/200 - Loss: 0.7617, Val Acc: 41.22%, Head: 51.21%, Med: 1.25%, Tail: 0.00%
[adam] Epoch 30/200 - Loss: 0.7578, Val Acc: 37.49%, Head: 46.52%, Med: 1.35%, Tail: 0.00%
[adam] Epoch 31/200 - Loss: 0.7355, Val Acc: 40.69%, Head: 50.40%, Med: 1.85%, Tail: 0.00%
[adam] Epoch 32/200 - Loss: 0.7331, Val Acc: 41.31%, Head: 51.44%, Med: 0.80%, Tail: 0.00%
[adam] Epoch 33/200 - Loss: 0.7260, Val Acc: 38.47%, Head: 48.00%, Med: 0.35%, Tail: 0.00%
[adam] Epoch 34/200 - Loss: 0.7160, Val Acc: 37.05%, Head: 45.92%, Med: 1.55%, Tail: 0.00%
[adam] Epoch 35/200 - Loss: 0.7063, Val Acc: 37.85%, Head: 47.24%, Med: 0.30%, Tail: 0.00%
[adam] Epoch 36/200 - Loss: 0.6950, Val Acc: 36.95%, Head: 45.92%, Med: 1.05%, Tail: 0.00%
[adam] Epoch 37/200 - Loss: 0.6919, Val Acc: 40.59%, Head: 49.81%, Med: 3.70%, Tail: 0.00%
[adam] Epoch 38/200 - Loss: 0.6878, Val Acc: 40.01%, Head: 49.59%, Med: 1.70%, Tail: 0.00%
[adam] Epoch 39/200 - Loss: 0.6829, Val Acc: 43.30%, Head: 52.74%, Med: 5.55%, Tail: 0.00%
[adam] Epoch 40/200 - Loss: 0.6695, Val Acc: 38.20%, Head: 47.66%, Med: 0.35%, Tail: 0.00%
[adam] Epoch 41/200 - Loss: 0.6568, Val Acc: 45.40%, Head: 55.00%, Med: 7.00%, Tail: 0.00%
[adam] Epoch 42/200 - Loss: 0.6466, Val Acc: 42.32%, Head: 51.60%, Med: 5.20%, Tail: 0.00%
[adam] Epoch 43/200 - Loss: 0.6415, Val Acc: 43.44%, Head: 54.09%, Med: 0.85%, Tail: 0.00%
[adam] Epoch 44/200 - Loss: 0.6435, Val Acc: 42.47%, Head: 52.79%, Med: 1.20%, Tail: 0.00%
[adam] Epoch 45/200 - Loss: 0.6332, Val Acc: 37.04%, Head: 46.14%, Med: 0.65%, Tail: 0.00%
[adam] Epoch 46/200 - Loss: 0.6187, Val Acc: 41.77%, Head: 51.98%, Med: 0.95%, Tail: 0.00%
[adam] Epoch 47/200 - Loss: 0.6193, Val Acc: 45.98%, Head: 56.48%, Med: 4.00%, Tail: 0.00%
[adam] Epoch 48/200 - Loss: 0.5994, Val Acc: 41.85%, Head: 50.48%, Med: 7.35%, Tail: 0.00%
[adam] Epoch 49/200 - Loss: 0.5957, Val Acc: 45.21%, Head: 55.40%, Med: 4.45%, Tail: 0.00%
[adam] Epoch 50/200 - Loss: 0.5914, Val Acc: 43.98%, Head: 53.95%, Med: 4.10%, Tail: 0.00%
[adam] Epoch 51/200 - Loss: 0.5829, Val Acc: 43.15%, Head: 52.50%, Med: 5.75%, Tail: 0.00%
[adam] Epoch 52/200 - Loss: 0.5693, Val Acc: 45.81%, Head: 55.04%, Med: 8.90%, Tail: 0.00%
[adam] Epoch 53/200 - Loss: 0.5695, Val Acc: 42.82%, Head: 53.23%, Med: 1.20%, Tail: 0.00%
[adam] Epoch 54/200 - Loss: 0.5536, Val Acc: 47.02%, Head: 56.70%, Med: 8.30%, Tail: 0.00%
[adam] Epoch 55/200 - Loss: 0.5464, Val Acc: 48.07%, Head: 56.34%, Med: 15.00%, Tail: 0.00%
[adam] Epoch 56/200 - Loss: 0.5495, Val Acc: 47.03%, Head: 57.67%, Med: 4.45%, Tail: 0.00%
[adam] Epoch 57/200 - Loss: 0.5334, Val Acc: 46.42%, Head: 54.54%, Med: 13.95%, Tail: 0.00%
[adam] Epoch 58/200 - Loss: 0.5247, Val Acc: 45.21%, Head: 54.67%, Med: 7.35%, Tail: 0.00%
[adam] Epoch 59/200 - Loss: 0.5262, Val Acc: 44.33%, Head: 54.48%, Med: 3.75%, Tail: 0.00%
[adam] Epoch 60/200 - Loss: 0.5111, Val Acc: 46.01%, Head: 55.79%, Med: 6.90%, Tail: 0.00%
[adam] Epoch 61/200 - Loss: 0.4979, Val Acc: 46.05%, Head: 55.17%, Med: 9.55%, Tail: 0.00%
[adam] Epoch 62/200 - Loss: 0.4843, Val Acc: 47.10%, Head: 55.12%, Med: 15.00%, Tail: 0.00%
[adam] Epoch 63/200 - Loss: 0.4901, Val Acc: 48.31%, Head: 56.40%, Med: 15.95%, Tail: 0.00%
[adam] Epoch 64/200 - Loss: 0.4791, Val Acc: 47.06%, Head: 57.42%, Med: 5.60%, Tail: 0.00%
[adam] Epoch 65/200 - Loss: 0.4657, Val Acc: 50.18%, Head: 58.31%, Med: 17.65%, Tail: 0.00%
[adam] Epoch 66/200 - Loss: 0.4638, Val Acc: 48.09%, Head: 58.58%, Med: 6.15%, Tail: 0.00%
[adam] Epoch 67/200 - Loss: 0.4541, Val Acc: 46.75%, Head: 55.34%, Med: 12.40%, Tail: 0.00%
[adam] Epoch 68/200 - Loss: 0.4484, Val Acc: 47.58%, Head: 56.91%, Med: 10.25%, Tail: 0.00%
[adam] Epoch 69/200 - Loss: 0.4392, Val Acc: 48.35%, Head: 56.26%, Med: 16.70%, Tail: 0.00%
[adam] Epoch 70/200 - Loss: 0.4308, Val Acc: 48.61%, Head: 57.34%, Med: 13.70%, Tail: 0.00%
[adam] Epoch 71/200 - Loss: 0.4290, Val Acc: 49.28%, Head: 58.08%, Med: 14.10%, Tail: 0.00%
[adam] Epoch 72/200 - Loss: 0.4119, Val Acc: 49.88%, Head: 60.01%, Med: 9.35%, Tail: 0.00%
[adam] Epoch 73/200 - Loss: 0.3982, Val Acc: 49.68%, Head: 58.69%, Med: 13.65%, Tail: 0.00%
[adam] Epoch 74/200 - Loss: 0.4022, Val Acc: 48.13%, Head: 56.94%, Med: 12.90%, Tail: 0.00%
[adam] Epoch 75/200 - Loss: 0.3886, Val Acc: 52.52%, Head: 58.55%, Med: 28.40%, Tail: 0.00%
[adam] Epoch 76/200 - Loss: 0.3710, Val Acc: 48.73%, Head: 56.36%, Med: 18.20%, Tail: 0.00%
[adam] Epoch 77/200 - Loss: 0.3670, Val Acc: 48.23%, Head: 56.30%, Med: 15.95%, Tail: 0.00%
[adam] Epoch 78/200 - Loss: 0.3614, Val Acc: 49.58%, Head: 56.73%, Med: 21.00%, Tail: 0.00%
[adam] Epoch 79/200 - Loss: 0.3599, Val Acc: 48.98%, Head: 58.29%, Med: 11.75%, Tail: 0.00%
[adam] Epoch 80/200 - Loss: 0.3467, Val Acc: 50.33%, Head: 58.61%, Med: 17.20%, Tail: 0.00%
[adam] Epoch 81/200 - Loss: 0.3319, Val Acc: 50.78%, Head: 58.04%, Med: 21.75%, Tail: 0.00%
[adam] Epoch 82/200 - Loss: 0.3228, Val Acc: 51.80%, Head: 60.62%, Med: 16.50%, Tail: 0.00%
[adam] Epoch 83/200 - Loss: 0.3178, Val Acc: 51.65%, Head: 59.30%, Med: 21.05%, Tail: 0.00%
[adam] Epoch 84/200 - Loss: 0.3163, Val Acc: 49.66%, Head: 57.60%, Med: 17.90%, Tail: 0.00%
[adam] Epoch 85/200 - Loss: 0.3139, Val Acc: 47.56%, Head: 56.46%, Med: 11.95%, Tail: 0.00%
[adam] Epoch 86/200 - Loss: 0.2955, Val Acc: 49.48%, Head: 57.10%, Med: 19.00%, Tail: 0.00%
[adam] Epoch 87/200 - Loss: 0.3059, Val Acc: 47.46%, Head: 56.15%, Med: 12.70%, Tail: 0.00%
[adam] Epoch 88/200 - Loss: 0.2814, Val Acc: 48.93%, Head: 58.79%, Med: 9.50%, Tail: 0.00%
[adam] Epoch 89/200 - Loss: 0.2777, Val Acc: 50.48%, Head: 58.76%, Med: 17.35%, Tail: 0.00%
[adam] Epoch 90/200 - Loss: 0.2717, Val Acc: 47.52%, Head: 56.44%, Med: 11.85%, Tail: 0.00%
[adam] Epoch 91/200 - Loss: 0.2792, Val Acc: 48.90%, Head: 55.66%, Med: 21.85%, Tail: 0.00%
[adam] Epoch 92/200 - Loss: 0.2539, Val Acc: 49.75%, Head: 58.69%, Med: 14.00%, Tail: 0.00%
[adam] Epoch 93/200 - Loss: 0.2566, Val Acc: 49.20%, Head: 57.84%, Med: 14.65%, Tail: 0.00%
[adam] Epoch 94/200 - Loss: 0.2523, Val Acc: 50.33%, Head: 59.75%, Med: 12.65%, Tail: 0.00%
[adam] Epoch 95/200 - Loss: 0.2341, Val Acc: 48.78%, Head: 56.71%, Med: 17.05%, Tail: 0.00%
[adam] Epoch 96/200 - Loss: 0.2379, Val Acc: 48.15%, Head: 57.48%, Med: 10.85%, Tail: 0.00%
[adam] Epoch 97/200 - Loss: 0.2270, Val Acc: 49.21%, Head: 55.02%, Med: 25.95%, Tail: 0.00%
[adam] Epoch 98/200 - Loss: 0.2186, Val Acc: 47.58%, Head: 56.02%, Med: 13.80%, Tail: 0.00%
[adam] Epoch 99/200 - Loss: 0.2196, Val Acc: 49.43%, Head: 58.39%, Med: 13.60%, Tail: 0.00%
[adam] Epoch 100/200 - Loss: 0.2051, Val Acc: 47.46%, Head: 55.92%, Med: 13.60%, Tail: 0.00%
[adam] Epoch 101/200 - Loss: 0.2018, Val Acc: 49.35%, Head: 57.46%, Med: 16.90%, Tail: 0.00%
[adam] Epoch 102/200 - Loss: 0.1988, Val Acc: 47.68%, Head: 55.51%, Med: 16.35%, Tail: 0.00%
[adam] Epoch 103/200 - Loss: 0.1959, Val Acc: 48.81%, Head: 57.66%, Med: 13.40%, Tail: 0.00%
[adam] Epoch 104/200 - Loss: 0.1898, Val Acc: 48.89%, Head: 57.19%, Med: 15.70%, Tail: 0.00%
[adam] Epoch 105/200 - Loss: 0.1740, Val Acc: 46.65%, Head: 55.66%, Med: 10.60%, Tail: 0.00%
[adam] Epoch 106/200 - Loss: 0.1760, Val Acc: 48.96%, Head: 57.49%, Med: 14.85%, Tail: 0.00%
[adam] Epoch 107/200 - Loss: 0.1687, Val Acc: 49.06%, Head: 57.20%, Med: 16.50%, Tail: 0.00%
[adam] Epoch 108/200 - Loss: 0.1756, Val Acc: 48.50%, Head: 56.76%, Med: 15.45%, Tail: 0.00%
[adam] Epoch 109/200 - Loss: 0.1650, Val Acc: 46.89%, Head: 55.59%, Med: 12.10%, Tail: 0.00%
[adam] Epoch 110/200 - Loss: 0.1579, Val Acc: 47.14%, Head: 54.90%, Med: 16.10%, Tail: 0.00%
[adam] Epoch 111/200 - Loss: 0.1523, Val Acc: 49.73%, Head: 57.75%, Med: 17.65%, Tail: 0.00%
[adam] Epoch 112/200 - Loss: 0.1465, Val Acc: 48.85%, Head: 57.80%, Med: 13.05%, Tail: 0.00%
[adam] Epoch 113/200 - Loss: 0.1352, Val Acc: 48.35%, Head: 56.69%, Med: 15.00%, Tail: 0.00%
[adam] Epoch 114/200 - Loss: 0.1395, Val Acc: 49.45%, Head: 57.34%, Med: 17.90%, Tail: 0.00%
[adam] Epoch 115/200 - Loss: 0.1369, Val Acc: 49.44%, Head: 57.39%, Med: 17.65%, Tail: 0.00%
[adam] Epoch 116/200 - Loss: 0.1287, Val Acc: 50.31%, Head: 58.62%, Med: 17.05%, Tail: 0.00%
[adam] Epoch 117/200 - Loss: 0.1261, Val Acc: 47.84%, Head: 55.79%, Med: 16.05%, Tail: 0.00%
[adam] Epoch 118/200 - Loss: 0.1238, Val Acc: 47.45%, Head: 56.02%, Med: 13.15%, Tail: 0.00%
[adam] Epoch 119/200 - Loss: 0.1119, Val Acc: 47.83%, Head: 56.94%, Med: 11.40%, Tail: 0.00%
[adam] Epoch 120/200 - Loss: 0.1135, Val Acc: 50.56%, Head: 57.80%, Med: 21.60%, Tail: 0.00%
[adam] Epoch 121/200 - Loss: 0.1146, Val Acc: 49.48%, Head: 56.65%, Med: 20.80%, Tail: 0.00%
[adam] Epoch 122/200 - Loss: 0.1046, Val Acc: 48.54%, Head: 58.26%, Med: 9.65%, Tail: 0.00%
[adam] Epoch 123/200 - Loss: 0.1045, Val Acc: 48.13%, Head: 57.23%, Med: 11.75%, Tail: 0.00%
[adam] Epoch 124/200 - Loss: 0.0944, Val Acc: 49.74%, Head: 58.29%, Med: 15.55%, Tail: 0.00%
[adam] Epoch 125/200 - Loss: 0.0973, Val Acc: 48.24%, Head: 55.96%, Med: 17.35%, Tail: 0.00%
[adam] Epoch 126/200 - Loss: 0.0964, Val Acc: 48.97%, Head: 58.31%, Med: 11.60%, Tail: 0.00%
[adam] Epoch 127/200 - Loss: 0.0951, Val Acc: 48.67%, Head: 57.45%, Med: 13.55%, Tail: 0.00%
[adam] Epoch 128/200 - Loss: 0.0829, Val Acc: 49.84%, Head: 57.96%, Med: 17.35%, Tail: 0.00%
[adam] Epoch 129/200 - Loss: 0.0835, Val Acc: 48.72%, Head: 57.81%, Med: 12.35%, Tail: 0.00%
[adam] Epoch 130/200 - Loss: 0.0832, Val Acc: 49.94%, Head: 58.52%, Med: 15.60%, Tail: 0.00%
[adam] Epoch 131/200 - Loss: 0.0736, Val Acc: 46.83%, Head: 55.73%, Med: 11.25%, Tail: 0.00%
[adam] Epoch 132/200 - Loss: 0.0757, Val Acc: 49.14%, Head: 57.09%, Med: 17.35%, Tail: 0.00%
[adam] Epoch 133/200 - Loss: 0.0744, Val Acc: 49.03%, Head: 57.40%, Med: 15.55%, Tail: 0.00%
[adam] Epoch 134/200 - Loss: 0.0702, Val Acc: 48.92%, Head: 56.85%, Med: 17.20%, Tail: 0.00%
[adam] Epoch 135/200 - Loss: 0.0689, Val Acc: 47.38%, Head: 55.74%, Med: 13.95%, Tail: 0.00%
[adam] Epoch 136/200 - Loss: 0.0675, Val Acc: 48.34%, Head: 57.48%, Med: 11.80%, Tail: 0.00%
[adam] Epoch 137/200 - Loss: 0.0652, Val Acc: 48.34%, Head: 56.80%, Med: 14.50%, Tail: 0.00%
[adam] Epoch 138/200 - Loss: 0.0604, Val Acc: 48.96%, Head: 56.70%, Med: 18.00%, Tail: 0.00%
[adam] Epoch 139/200 - Loss: 0.0568, Val Acc: 47.11%, Head: 55.77%, Med: 12.45%, Tail: 0.00%
[adam] Epoch 140/200 - Loss: 0.0569, Val Acc: 48.72%, Head: 57.30%, Med: 14.40%, Tail: 0.00%
[adam] Epoch 141/200 - Loss: 0.0527, Val Acc: 49.10%, Head: 56.85%, Med: 18.10%, Tail: 0.00%
[adam] Epoch 142/200 - Loss: 0.0487, Val Acc: 47.70%, Head: 57.40%, Med: 8.90%, Tail: 0.00%
[adam] Epoch 143/200 - Loss: 0.0552, Val Acc: 47.55%, Head: 56.42%, Med: 12.05%, Tail: 0.00%
[adam] Epoch 144/200 - Loss: 0.0541, Val Acc: 48.67%, Head: 58.09%, Med: 11.00%, Tail: 0.00%
[adam] Epoch 145/200 - Loss: 0.0463, Val Acc: 48.10%, Head: 56.64%, Med: 13.95%, Tail: 0.00%
[adam] Epoch 146/200 - Loss: 0.0432, Val Acc: 49.03%, Head: 57.46%, Med: 15.30%, Tail: 0.00%
[adam] Epoch 147/200 - Loss: 0.0463, Val Acc: 48.96%, Head: 57.40%, Med: 15.20%, Tail: 0.00%
[adam] Epoch 148/200 - Loss: 0.0467, Val Acc: 48.20%, Head: 56.08%, Med: 16.70%, Tail: 0.00%
[adam] Epoch 149/200 - Loss: 0.0381, Val Acc: 49.14%, Head: 57.00%, Med: 17.70%, Tail: 0.00%
[adam] Epoch 150/200 - Loss: 0.0403, Val Acc: 47.48%, Head: 57.11%, Med: 8.95%, Tail: 0.00%
[adam] Epoch 151/200 - Loss: 0.0365, Val Acc: 49.41%, Head: 57.64%, Med: 16.50%, Tail: 0.00%
[adam] Epoch 152/200 - Loss: 0.0336, Val Acc: 48.22%, Head: 56.42%, Med: 15.40%, Tail: 0.00%
[adam] Epoch 153/200 - Loss: 0.0351, Val Acc: 48.68%, Head: 57.31%, Med: 14.15%, Tail: 0.00%
[adam] Epoch 154/200 - Loss: 0.0322, Val Acc: 47.87%, Head: 56.51%, Med: 13.30%, Tail: 0.00%
[adam] Epoch 155/200 - Loss: 0.0309, Val Acc: 48.19%, Head: 57.19%, Med: 12.20%, Tail: 0.00%
[adam] Epoch 156/200 - Loss: 0.0294, Val Acc: 48.68%, Head: 57.15%, Med: 14.80%, Tail: 0.00%
[adam] Epoch 157/200 - Loss: 0.0258, Val Acc: 48.29%, Head: 56.46%, Med: 15.60%, Tail: 0.00%
[adam] Epoch 158/200 - Loss: 0.0286, Val Acc: 48.13%, Head: 56.46%, Med: 14.80%, Tail: 0.00%
[adam] Epoch 159/200 - Loss: 0.0234, Val Acc: 48.18%, Head: 57.00%, Med: 12.90%, Tail: 0.00%
[adam] Epoch 160/200 - Loss: 0.0248, Val Acc: 48.15%, Head: 56.56%, Med: 14.50%, Tail: 0.00%
[adam] Epoch 161/200 - Loss: 0.0206, Val Acc: 48.53%, Head: 57.52%, Med: 12.55%, Tail: 0.00%
[adam] Epoch 162/200 - Loss: 0.0191, Val Acc: 48.65%, Head: 56.99%, Med: 15.30%, Tail: 0.00%
[adam] Epoch 163/200 - Loss: 0.0240, Val Acc: 48.71%, Head: 57.10%, Med: 15.15%, Tail: 0.00%
[adam] Epoch 164/200 - Loss: 0.0200, Val Acc: 48.49%, Head: 56.49%, Med: 16.50%, Tail: 0.00%
[adam] Epoch 165/200 - Loss: 0.0183, Val Acc: 48.47%, Head: 57.12%, Med: 13.85%, Tail: 0.00%
[adam] Epoch 166/200 - Loss: 0.0162, Val Acc: 48.49%, Head: 57.00%, Med: 14.45%, Tail: 0.00%
[adam] Epoch 167/200 - Loss: 0.0145, Val Acc: 48.46%, Head: 57.38%, Med: 12.80%, Tail: 0.00%
[adam] Epoch 168/200 - Loss: 0.0166, Val Acc: 48.09%, Head: 56.62%, Med: 13.95%, Tail: 0.00%
[adam] Epoch 169/200 - Loss: 0.0164, Val Acc: 48.22%, Head: 56.62%, Med: 14.60%, Tail: 0.00%
[adam] Epoch 170/200 - Loss: 0.0173, Val Acc: 47.95%, Head: 56.04%, Med: 15.60%, Tail: 0.00%
[adam] Epoch 171/200 - Loss: 0.0141, Val Acc: 48.16%, Head: 56.55%, Med: 14.60%, Tail: 0.00%
[adam] Epoch 172/200 - Loss: 0.0136, Val Acc: 48.40%, Head: 56.96%, Med: 14.15%, Tail: 0.00%
[adam] Epoch 173/200 - Loss: 0.0123, Val Acc: 48.00%, Head: 56.92%, Med: 12.30%, Tail: 0.00%
[adam] Epoch 174/200 - Loss: 0.0138, Val Acc: 48.16%, Head: 56.99%, Med: 12.85%, Tail: 0.00%
[adam] Epoch 175/200 - Loss: 0.0117, Val Acc: 48.68%, Head: 57.33%, Med: 14.10%, Tail: 0.00%
[adam] Epoch 176/200 - Loss: 0.0102, Val Acc: 48.50%, Head: 57.12%, Med: 14.00%, Tail: 0.00%
[adam] Epoch 177/200 - Loss: 0.0119, Val Acc: 48.56%, Head: 56.81%, Med: 15.55%, Tail: 0.00%
[adam] Epoch 178/200 - Loss: 0.0112, Val Acc: 48.89%, Head: 57.27%, Med: 15.35%, Tail: 0.00%
[adam] Epoch 179/200 - Loss: 0.0102, Val Acc: 48.71%, Head: 57.14%, Med: 15.00%, Tail: 0.00%
[adam] Epoch 180/200 - Loss: 0.0102, Val Acc: 48.79%, Head: 56.98%, Med: 16.05%, Tail: 0.00%
[adam] Epoch 181/200 - Loss: 0.0084, Val Acc: 48.21%, Head: 56.59%, Med: 14.70%, Tail: 0.00%
[adam] Epoch 182/200 - Loss: 0.0075, Val Acc: 48.69%, Head: 56.79%, Med: 16.30%, Tail: 0.00%
[adam] Epoch 183/200 - Loss: 0.0093, Val Acc: 48.98%, Head: 57.24%, Med: 15.95%, Tail: 0.00%
[adam] Epoch 184/200 - Loss: 0.0094, Val Acc: 48.21%, Head: 56.75%, Med: 14.05%, Tail: 0.00%
[adam] Epoch 185/200 - Loss: 0.0091, Val Acc: 48.43%, Head: 56.83%, Med: 14.85%, Tail: 0.00%
[adam] Epoch 186/200 - Loss: 0.0089, Val Acc: 48.46%, Head: 56.88%, Med: 14.80%, Tail: 0.00%
[adam] Epoch 187/200 - Loss: 0.0070, Val Acc: 48.55%, Head: 57.01%, Med: 14.70%, Tail: 0.00%
[adam] Epoch 188/200 - Loss: 0.0077, Val Acc: 48.54%, Head: 56.98%, Med: 14.80%, Tail: 0.00%
[adam] Epoch 189/200 - Loss: 0.0084, Val Acc: 48.36%, Head: 56.75%, Med: 14.80%, Tail: 0.00%
[adam] Epoch 190/200 - Loss: 0.0072, Val Acc: 48.37%, Head: 56.96%, Med: 14.00%, Tail: 0.00%
[adam] Epoch 191/200 - Loss: 0.0073, Val Acc: 48.61%, Head: 57.15%, Med: 14.45%, Tail: 0.00%
[adam] Epoch 192/200 - Loss: 0.0078, Val Acc: 48.66%, Head: 57.20%, Med: 14.50%, Tail: 0.00%
[adam] Epoch 193/200 - Loss: 0.0077, Val Acc: 48.51%, Head: 57.11%, Med: 14.10%, Tail: 0.00%
[adam] Epoch 194/200 - Loss: 0.0081, Val Acc: 48.75%, Head: 57.29%, Med: 14.60%, Tail: 0.00%
[adam] Epoch 195/200 - Loss: 0.0081, Val Acc: 48.74%, Head: 57.20%, Med: 14.90%, Tail: 0.00%
[adam] Epoch 196/200 - Loss: 0.0082, Val Acc: 48.65%, Head: 57.14%, Med: 14.70%, Tail: 0.00%
[adam] Epoch 197/200 - Loss: 0.0064, Val Acc: 48.63%, Head: 57.14%, Med: 14.60%, Tail: 0.00%
[adam] Epoch 198/200 - Loss: 0.0064, Val Acc: 48.52%, Head: 57.06%, Med: 14.35%, Tail: 0.00%
[adam] Epoch 199/200 - Loss: 0.0080, Val Acc: 48.48%, Head: 57.08%, Med: 14.10%, Tail: 0.00%
wandb: updating run metadata
wandb: uploading output.log; uploading wandb-summary.json; uploading config.yaml
wandb: uploading wandb-summary.json; uploading config.yaml
wandb: uploading history steps 198-199, summary, console lines 198-199
wandb: 
wandb: Run history:
wandb:        epoch ▁▁▁▂▂▂▂▃▃▃▃▃▃▃▄▄▄▄▅▅▅▆▆▆▆▆▆▆▆▆▇▇▇▇▇▇▇▇▇█
wandb:    train/acc ▁▁▁▁▂▃▄▄▄▄▅▅▅▅▆▆▆▇▇▇▇▇▇█████████████████
wandb:   train/loss █▇▆▆▅▅▅▅▅▅▄▄▄▄▄▃▃▃▃▂▂▂▂▂▂▁▁▁▁▁▁▁▁▁▁▁▁▁▁▁
wandb:      val/acc ▂▁▁▃▅▅▄▅▅▆▇▇▇▇▇▇██▇▇█▇▇█▇██▇██▇▇▇▇▇▇▇▇▇▇
wandb: val/head_acc ▂▁▃▂▁▄▃▅▅▇▆▇▇▇▇█▇█▇▇█▇▇███▇█████▇█▇▇████
wandb:     val/loss ▅▄▃▃▃▂▃▁▂▁▂▁▁▁▁▂▂▂▃▂▂▃▃▃▄▄▄▅▆▇▇▇▇▇▇█████
wandb:  val/med_acc ▁▁▁▁▁▁▁▁▁▂▄▃▅▆▅▇██▆▆▅▇▇▅▇▆▆▇▆▅▅▅▅▆▆▆▆▆▆▆
wandb: val/tail_acc ▁▁▁▁▁▁▁▁▁▁▁▁▁▁▁▁▁▁▁▁▁▁▁▁▁▁▁▁▁▁▁▁▁▁▁▁▁▁▁▁
wandb: 
wandb: Run summary:
wandb:        epoch 200
wandb:    train/acc 99.91939
wandb:   train/loss 0.00624
wandb:      val/acc 48.47
wandb: val/head_acc 56.9875
wandb:     val/loss 3.84361
wandb:  val/med_acc 14.4
wandb: val/tail_acc 0
wandb: 
wandb: 🚀 View run adam at: https://wandb.ai/dcll-iiitd/ablation-new-transformer/runs/5b2u4osk
wandb: ⭐️ View project at: https://wandb.ai/dcll-iiitd/ablation-new-transformer
wandb: Synced 5 W&B file(s), 0 media file(s), 0 artifact file(s) and 0 other file(s)
wandb: Find logs at: ./wandb/run-20260910_193526-5b2u4osk/logs
[adam] Epoch 200/200 - Loss: 0.0062, Val Acc: 48.47%, Head: 56.99%, Med: 14.40%, Tail: 0.00%
wandb: [wandb.login()] Loaded credentials for https://api.wandb.ai from /home/anant/.netrc.
wandb: Currently logged in as: anant-jain (dcll-iiitd) to https://api.wandb.ai. Use `wandb login --relogin` to force relogin
wandb: setting up run uteo1vdn
wandb: Tracking run with wandb version 0.29.0
wandb: Run data is saved locally in /home/anant/update-trinity/Trinity-opt-DSAA2026/wandb/run-20260910_194529-uteo1vdn
wandb: Run `wandb offline` to turn off syncing.
wandb: Syncing run kfac_always_on
wandb: ⭐️ View project at https://wandb.ai/dcll-iiitd/ablation-new-transformer
wandb: 🚀 View run at https://wandb.ai/dcll-iiitd/ablation-new-transformer/runs/uteo1vdn
[*] Generated Long-Tailed CIFAR-10 (Imbalance: 0.01). Total train samples: 12406
<sys>:0: UserWarning: Full backward hook is firing when gradients are computed with respect to module outputs since no inputs require gradients. See https://docs.pytorch.org/docs/main/generated/torch.nn.Module.html#torch.nn.Module.register_full_backward_hook for more details.
[trinity] Epoch 1/200 - Loss: 1.5105, Val Acc: 19.23%, Head: 24.04%, Med: 0.00%, Tail: 0.00% | SO: 38/38, rho: 1.000, nu: 0.000, escape: 0, kfac_inv: 0/0, graft_scale: 1.000
[trinity] Epoch 2/200 - Loss: 1.2469, Val Acc: 24.98%, Head: 31.23%, Med: 0.00%, Tail: 0.00% | SO: 38/38, rho: 1.000, nu: 0.000, escape: 0, kfac_inv: 38/38, graft_scale: 0.854
[trinity] Epoch 3/200 - Loss: 1.1420, Val Acc: 26.51%, Head: 33.14%, Med: 0.00%, Tail: 0.00% | SO: 38/38, rho: 1.000, nu: 0.000, escape: 0, kfac_inv: 38/38, graft_scale: 0.916
[trinity] Epoch 4/200 - Loss: 1.0547, Val Acc: 23.67%, Head: 29.59%, Med: 0.00%, Tail: 0.00% | SO: 38/38, rho: 1.000, nu: 0.000, escape: 0, kfac_inv: 38/38, graft_scale: 0.926
[trinity] Epoch 5/200 - Loss: 1.0218, Val Acc: 28.49%, Head: 35.61%, Med: 0.00%, Tail: 0.00% | SO: 38/38, rho: 1.000, nu: 0.000, escape: 0, kfac_inv: 38/38, graft_scale: 0.933
[trinity] Epoch 6/200 - Loss: 0.9853, Val Acc: 26.41%, Head: 33.01%, Med: 0.00%, Tail: 0.00% | SO: 38/38, rho: 1.000, nu: 0.000, escape: 0, kfac_inv: 38/38, graft_scale: 0.943
[trinity] Epoch 7/200 - Loss: 0.9306, Val Acc: 28.97%, Head: 36.21%, Med: 0.00%, Tail: 0.00% | SO: 38/38, rho: 1.000, nu: 0.000, escape: 0, kfac_inv: 38/38, graft_scale: 0.940
[trinity] Epoch 8/200 - Loss: 0.9049, Val Acc: 30.63%, Head: 38.29%, Med: 0.00%, Tail: 0.00% | SO: 38/38, rho: 1.000, nu: 0.000, escape: 0, kfac_inv: 38/38, graft_scale: 0.951
[trinity] Epoch 9/200 - Loss: 0.8632, Val Acc: 25.72%, Head: 32.15%, Med: 0.00%, Tail: 0.00% | SO: 38/38, rho: 1.000, nu: 0.000, escape: 0, kfac_inv: 38/38, graft_scale: 0.952
[trinity] Epoch 10/200 - Loss: 0.8502, Val Acc: 31.93%, Head: 39.90%, Med: 0.05%, Tail: 0.00% | SO: 38/38, rho: 1.000, nu: 0.000, escape: 0, kfac_inv: 38/38, graft_scale: 0.952
[trinity] Epoch 11/200 - Loss: 0.8309, Val Acc: 34.20%, Head: 42.74%, Med: 0.05%, Tail: 0.00% | SO: 38/38, rho: 1.000, nu: 0.000, escape: 0, kfac_inv: 38/38, graft_scale: 0.952
[trinity] Epoch 12/200 - Loss: 0.8199, Val Acc: 28.24%, Head: 35.29%, Med: 0.05%, Tail: 0.00% | SO: 38/38, rho: 1.000, nu: 0.000, escape: 0, kfac_inv: 38/38, graft_scale: 0.960
[trinity] Epoch 13/200 - Loss: 0.7932, Val Acc: 36.02%, Head: 45.02%, Med: 0.00%, Tail: 0.00% | SO: 38/38, rho: 1.000, nu: 0.000, escape: 0, kfac_inv: 38/38, graft_scale: 0.954
[trinity] Epoch 14/200 - Loss: 0.7869, Val Acc: 34.82%, Head: 43.45%, Med: 0.30%, Tail: 0.00% | SO: 38/38, rho: 1.000, nu: 0.000, escape: 0, kfac_inv: 38/38, graft_scale: 0.955
[trinity] Epoch 15/200 - Loss: 0.7629, Val Acc: 35.80%, Head: 44.42%, Med: 1.30%, Tail: 0.00% | SO: 38/38, rho: 1.000, nu: 0.000, escape: 0, kfac_inv: 38/38, graft_scale: 0.954
[trinity] Epoch 16/200 - Loss: 0.7499, Val Acc: 34.52%, Head: 42.98%, Med: 0.70%, Tail: 0.00% | SO: 38/38, rho: 1.000, nu: 0.000, escape: 0, kfac_inv: 38/38, graft_scale: 0.953
[trinity] Epoch 17/200 - Loss: 0.7555, Val Acc: 40.27%, Head: 49.65%, Med: 2.75%, Tail: 0.00% | SO: 38/38, rho: 1.000, nu: 0.000, escape: 0, kfac_inv: 38/38, graft_scale: 0.957
[trinity] Epoch 18/200 - Loss: 0.7165, Val Acc: 39.28%, Head: 45.71%, Med: 13.55%, Tail: 0.00% | SO: 38/38, rho: 1.000, nu: 0.000, escape: 0, kfac_inv: 38/38, graft_scale: 0.948
[trinity] Epoch 19/200 - Loss: 0.7225, Val Acc: 39.03%, Head: 48.49%, Med: 1.20%, Tail: 0.00% | SO: 38/38, rho: 1.000, nu: 0.000, escape: 0, kfac_inv: 38/38, graft_scale: 0.953
[trinity] Epoch 20/200 - Loss: 0.6949, Val Acc: 34.99%, Head: 43.39%, Med: 1.40%, Tail: 0.00% | SO: 38/38, rho: 1.000, nu: 0.000, escape: 0, kfac_inv: 38/38, graft_scale: 0.953
[trinity] Epoch 21/200 - Loss: 0.6841, Val Acc: 37.14%, Head: 45.17%, Med: 5.00%, Tail: 0.00% | SO: 38/38, rho: 1.000, nu: 0.000, escape: 0, kfac_inv: 38/38, graft_scale: 0.951
[trinity] Epoch 22/200 - Loss: 0.6728, Val Acc: 38.81%, Head: 47.55%, Med: 3.85%, Tail: 0.00% | SO: 38/38, rho: 1.000, nu: 0.000, escape: 0, kfac_inv: 38/38, graft_scale: 0.950
[trinity] Epoch 23/200 - Loss: 0.6671, Val Acc: 39.34%, Head: 48.00%, Med: 4.70%, Tail: 0.00% | SO: 38/38, rho: 1.000, nu: 0.000, escape: 0, kfac_inv: 38/38, graft_scale: 0.952
[trinity] Epoch 24/200 - Loss: 0.6480, Val Acc: 42.10%, Head: 50.11%, Med: 10.05%, Tail: 0.00% | SO: 38/38, rho: 1.000, nu: 0.000, escape: 0, kfac_inv: 38/38, graft_scale: 0.956
[trinity] Epoch 25/200 - Loss: 0.6414, Val Acc: 41.43%, Head: 50.02%, Med: 7.05%, Tail: 0.00% | SO: 38/38, rho: 1.000, nu: 0.000, escape: 0, kfac_inv: 38/38, graft_scale: 0.956
[trinity] Epoch 26/200 - Loss: 0.6321, Val Acc: 43.90%, Head: 54.08%, Med: 3.20%, Tail: 0.00% | SO: 38/38, rho: 1.000, nu: 0.000, escape: 0, kfac_inv: 38/38, graft_scale: 0.955
[trinity] Epoch 27/200 - Loss: 0.6102, Val Acc: 39.88%, Head: 48.48%, Med: 5.50%, Tail: 0.00% | SO: 38/38, rho: 1.000, nu: 0.000, escape: 0, kfac_inv: 38/38, graft_scale: 0.953
[trinity] Epoch 28/200 - Loss: 0.6092, Val Acc: 44.19%, Head: 52.41%, Med: 11.30%, Tail: 0.00% | SO: 38/38, rho: 1.000, nu: 0.000, escape: 0, kfac_inv: 38/38, graft_scale: 0.960
[trinity] Epoch 29/200 - Loss: 0.5911, Val Acc: 40.79%, Head: 47.84%, Med: 12.60%, Tail: 0.00% | SO: 38/38, rho: 1.000, nu: 0.000, escape: 0, kfac_inv: 38/38, graft_scale: 0.953
[trinity] Epoch 30/200 - Loss: 0.5873, Val Acc: 40.66%, Head: 49.42%, Med: 5.60%, Tail: 0.00% | SO: 38/38, rho: 1.000, nu: 0.000, escape: 0, kfac_inv: 38/38, graft_scale: 0.958
[trinity] Epoch 31/200 - Loss: 0.5609, Val Acc: 41.27%, Head: 50.06%, Med: 6.10%, Tail: 0.00% | SO: 38/38, rho: 1.000, nu: 0.000, escape: 0, kfac_inv: 38/38, graft_scale: 0.955
[trinity] Epoch 32/200 - Loss: 0.5669, Val Acc: 45.45%, Head: 54.71%, Med: 8.40%, Tail: 0.00% | SO: 38/38, rho: 1.000, nu: 0.000, escape: 0, kfac_inv: 38/38, graft_scale: 0.964
[trinity] Epoch 33/200 - Loss: 0.5375, Val Acc: 41.46%, Head: 50.10%, Med: 6.90%, Tail: 0.00% | SO: 38/38, rho: 1.000, nu: 0.000, escape: 0, kfac_inv: 38/38, graft_scale: 0.962
[trinity] Epoch 34/200 - Loss: 0.5228, Val Acc: 43.73%, Head: 51.80%, Med: 11.45%, Tail: 0.00% | SO: 38/38, rho: 1.000, nu: 0.000, escape: 0, kfac_inv: 0/0, graft_scale: 0.959
[trinity] Epoch 35/200 - Loss: 0.5098, Val Acc: 46.79%, Head: 56.76%, Med: 6.90%, Tail: 0.00% | SO: 38/38, rho: 1.000, nu: 0.000, escape: 0, kfac_inv: 38/38, graft_scale: 0.963
[trinity] Epoch 36/200 - Loss: 0.5040, Val Acc: 43.67%, Head: 52.83%, Med: 7.05%, Tail: 0.00% | SO: 38/38, rho: 1.000, nu: 0.000, escape: 0, kfac_inv: 38/38, graft_scale: 0.968
[trinity] Epoch 37/200 - Loss: 0.4840, Val Acc: 45.61%, Head: 54.12%, Med: 11.55%, Tail: 0.00% | SO: 38/38, rho: 1.000, nu: 0.000, escape: 0, kfac_inv: 38/38, graft_scale: 0.962
[trinity] Epoch 38/200 - Loss: 0.4712, Val Acc: 45.23%, Head: 53.48%, Med: 12.25%, Tail: 0.00% | SO: 38/38, rho: 1.000, nu: 0.000, escape: 0, kfac_inv: 38/38, graft_scale: 0.966
[trinity] Epoch 39/200 - Loss: 0.4615, Val Acc: 45.64%, Head: 54.41%, Med: 10.55%, Tail: 0.00% | SO: 38/38, rho: 1.000, nu: 0.000, escape: 0, kfac_inv: 38/38, graft_scale: 0.969
[trinity] Epoch 40/200 - Loss: 0.4367, Val Acc: 46.56%, Head: 55.19%, Med: 12.05%, Tail: 0.00% | SO: 38/38, rho: 1.000, nu: 0.000, escape: 0, kfac_inv: 38/38, graft_scale: 0.966
[trinity] Epoch 41/200 - Loss: 0.4323, Val Acc: 45.36%, Head: 54.70%, Med: 8.00%, Tail: 0.00% | SO: 38/38, rho: 1.000, nu: 0.000, escape: 0, kfac_inv: 38/38, graft_scale: 0.970
[trinity] Epoch 42/200 - Loss: 0.4111, Val Acc: 44.15%, Head: 52.42%, Med: 11.05%, Tail: 0.00% | SO: 38/38, rho: 1.000, nu: 0.000, escape: 0, kfac_inv: 38/38, graft_scale: 0.971
[trinity] Epoch 43/200 - Loss: 0.3934, Val Acc: 43.06%, Head: 52.50%, Med: 5.30%, Tail: 0.00% | SO: 38/38, rho: 1.000, nu: 0.000, escape: 0, kfac_inv: 38/38, graft_scale: 0.967
[trinity] Epoch 44/200 - Loss: 0.3851, Val Acc: 47.91%, Head: 56.23%, Med: 14.65%, Tail: 0.00% | SO: 38/38, rho: 1.000, nu: 0.000, escape: 0, kfac_inv: 38/38, graft_scale: 0.973
[trinity] Epoch 45/200 - Loss: 0.3657, Val Acc: 45.88%, Head: 54.17%, Med: 12.70%, Tail: 0.00% | SO: 38/38, rho: 1.000, nu: 0.000, escape: 0, kfac_inv: 38/38, graft_scale: 0.972
[trinity] Epoch 46/200 - Loss: 0.3579, Val Acc: 44.48%, Head: 54.05%, Med: 6.20%, Tail: 0.00% | SO: 38/38, rho: 1.000, nu: 0.000, escape: 0, kfac_inv: 38/38, graft_scale: 0.976
[trinity] Epoch 47/200 - Loss: 0.3360, Val Acc: 44.67%, Head: 52.12%, Med: 14.85%, Tail: 0.00% | SO: 38/38, rho: 1.000, nu: 0.000, escape: 0, kfac_inv: 38/38, graft_scale: 0.974
[trinity] Epoch 48/200 - Loss: 0.3195, Val Acc: 44.78%, Head: 54.12%, Med: 7.40%, Tail: 0.00% | SO: 38/38, rho: 1.000, nu: 0.000, escape: 0, kfac_inv: 38/38, graft_scale: 0.975
[trinity] Epoch 49/200 - Loss: 0.3052, Val Acc: 48.34%, Head: 57.12%, Med: 13.20%, Tail: 0.00% | SO: 38/38, rho: 1.000, nu: 0.000, escape: 0, kfac_inv: 38/38, graft_scale: 0.975
[trinity] Epoch 50/200 - Loss: 0.2955, Val Acc: 46.57%, Head: 55.09%, Med: 12.50%, Tail: 0.00% | SO: 38/38, rho: 1.000, nu: 0.000, escape: 0, kfac_inv: 38/38, graft_scale: 0.977
[trinity] Epoch 51/200 - Loss: 0.2784, Val Acc: 45.82%, Head: 54.76%, Med: 10.05%, Tail: 0.00% | SO: 38/38, rho: 1.000, nu: 0.000, escape: 0, kfac_inv: 38/38, graft_scale: 0.979
[trinity] Epoch 52/200 - Loss: 0.2710, Val Acc: 48.23%, Head: 56.81%, Med: 13.90%, Tail: 0.00% | SO: 38/38, rho: 1.000, nu: 0.000, escape: 0, kfac_inv: 38/38, graft_scale: 0.981
[trinity] Epoch 53/200 - Loss: 0.2599, Val Acc: 45.45%, Head: 55.39%, Med: 5.70%, Tail: 0.00% | SO: 38/38, rho: 1.000, nu: 0.000, escape: 0, kfac_inv: 38/38, graft_scale: 0.978
[trinity] Epoch 54/200 - Loss: 0.2556, Val Acc: 48.41%, Head: 56.54%, Med: 15.90%, Tail: 0.00% | SO: 38/38, rho: 1.000, nu: 0.000, escape: 0, kfac_inv: 38/38, graft_scale: 0.982
[trinity] Epoch 55/200 - Loss: 0.2309, Val Acc: 48.25%, Head: 56.38%, Med: 15.75%, Tail: 0.00% | SO: 38/38, rho: 1.000, nu: 0.000, escape: 0, kfac_inv: 38/38, graft_scale: 0.982
[trinity] Epoch 56/200 - Loss: 0.2188, Val Acc: 46.66%, Head: 55.51%, Med: 11.25%, Tail: 0.00% | SO: 38/38, rho: 1.000, nu: 0.000, escape: 0, kfac_inv: 38/38, graft_scale: 0.980
[trinity] Epoch 57/200 - Loss: 0.2116, Val Acc: 44.30%, Head: 53.64%, Med: 6.95%, Tail: 0.00% | SO: 38/38, rho: 1.000, nu: 0.000, escape: 0, kfac_inv: 38/38, graft_scale: 0.983
[trinity] Epoch 58/200 - Loss: 0.1985, Val Acc: 45.23%, Head: 53.62%, Med: 11.65%, Tail: 0.00% | SO: 38/38, rho: 1.000, nu: 0.000, escape: 0, kfac_inv: 38/38, graft_scale: 0.980
[trinity] Epoch 59/200 - Loss: 0.1986, Val Acc: 45.88%, Head: 55.54%, Med: 7.25%, Tail: 0.00% | SO: 38/38, rho: 1.000, nu: 0.000, escape: 0, kfac_inv: 38/38, graft_scale: 0.983
[trinity] Epoch 60/200 - Loss: 0.1838, Val Acc: 47.33%, Head: 56.12%, Med: 12.15%, Tail: 0.00% | SO: 38/38, rho: 1.000, nu: 0.000, escape: 0, kfac_inv: 38/38, graft_scale: 0.987
[trinity] Epoch 61/200 - Loss: 0.1729, Val Acc: 46.49%, Head: 54.84%, Med: 13.10%, Tail: 0.00% | SO: 38/38, rho: 1.000, nu: 0.000, escape: 0, kfac_inv: 38/38, graft_scale: 0.985
[trinity] Epoch 62/200 - Loss: 0.1665, Val Acc: 42.98%, Head: 51.31%, Med: 9.65%, Tail: 0.00% | SO: 38/38, rho: 1.000, nu: 0.000, escape: 0, kfac_inv: 38/38, graft_scale: 0.986
[trinity] Epoch 63/200 - Loss: 0.1718, Val Acc: 46.27%, Head: 55.50%, Med: 9.35%, Tail: 0.00% | SO: 38/38, rho: 1.000, nu: 0.000, escape: 0, kfac_inv: 38/38, graft_scale: 0.984
[trinity] Epoch 64/200 - Loss: 0.1608, Val Acc: 45.08%, Head: 53.45%, Med: 11.60%, Tail: 0.00% | SO: 38/38, rho: 1.000, nu: 0.000, escape: 0, kfac_inv: 38/38, graft_scale: 0.987
[trinity] Epoch 65/200 - Loss: 0.1410, Val Acc: 48.64%, Head: 57.16%, Med: 14.55%, Tail: 0.00% | SO: 38/38, rho: 1.000, nu: 0.000, escape: 0, kfac_inv: 38/38, graft_scale: 0.987
[trinity] Epoch 66/200 - Loss: 0.1364, Val Acc: 45.79%, Head: 54.44%, Med: 11.20%, Tail: 0.00% | SO: 38/38, rho: 1.000, nu: 0.000, escape: 0, kfac_inv: 38/38, graft_scale: 0.987
[trinity] Epoch 67/200 - Loss: 0.1345, Val Acc: 47.72%, Head: 56.73%, Med: 11.70%, Tail: 0.00% | SO: 38/38, rho: 1.000, nu: 0.000, escape: 0, kfac_inv: 0/0, graft_scale: 0.985
[trinity] Epoch 68/200 - Loss: 0.1214, Val Acc: 49.08%, Head: 57.12%, Med: 16.90%, Tail: 0.00% | SO: 38/38, rho: 1.000, nu: 0.000, escape: 0, kfac_inv: 38/38, graft_scale: 0.990
[trinity] Epoch 69/200 - Loss: 0.1205, Val Acc: 44.99%, Head: 52.38%, Med: 15.45%, Tail: 0.00% | SO: 38/38, rho: 1.000, nu: 0.000, escape: 0, kfac_inv: 38/38, graft_scale: 0.992
[trinity] Epoch 70/200 - Loss: 0.1135, Val Acc: 46.23%, Head: 55.42%, Med: 9.45%, Tail: 0.00% | SO: 38/38, rho: 1.000, nu: 0.000, escape: 0, kfac_inv: 38/38, graft_scale: 0.988
[trinity] Epoch 71/200 - Loss: 0.1043, Val Acc: 47.97%, Head: 54.66%, Med: 21.20%, Tail: 0.00% | SO: 38/38, rho: 1.000, nu: 0.000, escape: 0, kfac_inv: 38/38, graft_scale: 0.990
[trinity] Epoch 72/200 - Loss: 0.1016, Val Acc: 45.34%, Head: 54.10%, Med: 10.30%, Tail: 0.00% | SO: 38/38, rho: 1.000, nu: 0.000, escape: 0, kfac_inv: 38/38, graft_scale: 0.991
[trinity] Epoch 73/200 - Loss: 0.0999, Val Acc: 47.19%, Head: 55.46%, Med: 14.10%, Tail: 0.00% | SO: 38/38, rho: 1.000, nu: 0.000, escape: 0, kfac_inv: 38/38, graft_scale: 0.989
[trinity] Epoch 74/200 - Loss: 0.0939, Val Acc: 46.12%, Head: 54.19%, Med: 13.85%, Tail: 0.00% | SO: 38/38, rho: 1.000, nu: 0.000, escape: 0, kfac_inv: 38/38, graft_scale: 0.991
[trinity] Epoch 75/200 - Loss: 0.0973, Val Acc: 45.31%, Head: 52.90%, Med: 14.95%, Tail: 0.00% | SO: 38/38, rho: 1.000, nu: 0.000, escape: 0, kfac_inv: 38/38, graft_scale: 0.996
[trinity] Epoch 76/200 - Loss: 0.0893, Val Acc: 46.36%, Head: 53.99%, Med: 15.85%, Tail: 0.00% | SO: 38/38, rho: 1.000, nu: 0.000, escape: 0, kfac_inv: 38/38, graft_scale: 0.991
[trinity] Epoch 77/200 - Loss: 0.0860, Val Acc: 48.38%, Head: 56.67%, Med: 15.20%, Tail: 0.00% | SO: 38/38, rho: 1.000, nu: 0.000, escape: 0, kfac_inv: 38/38, graft_scale: 0.989
[trinity] Epoch 78/200 - Loss: 0.0833, Val Acc: 45.17%, Head: 52.59%, Med: 15.50%, Tail: 0.00% | SO: 38/38, rho: 1.000, nu: 0.000, escape: 0, kfac_inv: 38/38, graft_scale: 0.992
[trinity] Epoch 79/200 - Loss: 0.0782, Val Acc: 44.59%, Head: 53.51%, Med: 8.90%, Tail: 0.00% | SO: 38/38, rho: 1.000, nu: 0.000, escape: 0, kfac_inv: 38/38, graft_scale: 0.991
[trinity] Epoch 80/200 - Loss: 0.0802, Val Acc: 45.00%, Head: 53.86%, Med: 9.55%, Tail: 0.00% | SO: 38/38, rho: 1.000, nu: 0.000, escape: 0, kfac_inv: 38/38, graft_scale: 0.996
[trinity] Epoch 81/200 - Loss: 0.0772, Val Acc: 45.23%, Head: 54.66%, Med: 7.50%, Tail: 0.00% | SO: 38/38, rho: 1.000, nu: 0.000, escape: 0, kfac_inv: 38/38, graft_scale: 0.997
[trinity] Epoch 82/200 - Loss: 0.0684, Val Acc: 47.13%, Head: 55.36%, Med: 14.20%, Tail: 0.00% | SO: 38/38, rho: 1.000, nu: 0.000, escape: 0, kfac_inv: 38/38, graft_scale: 0.991
[trinity] Epoch 83/200 - Loss: 0.0736, Val Acc: 47.03%, Head: 55.58%, Med: 12.85%, Tail: 0.00% | SO: 38/38, rho: 1.000, nu: 0.000, escape: 0, kfac_inv: 38/38, graft_scale: 0.994
[trinity] Epoch 84/200 - Loss: 0.0620, Val Acc: 46.96%, Head: 55.11%, Med: 14.35%, Tail: 0.00% | SO: 38/38, rho: 1.000, nu: 0.000, escape: 0, kfac_inv: 38/38, graft_scale: 0.989
[trinity] Epoch 85/200 - Loss: 0.0647, Val Acc: 44.70%, Head: 52.84%, Med: 12.15%, Tail: 0.00% | SO: 38/38, rho: 1.000, nu: 0.000, escape: 0, kfac_inv: 38/38, graft_scale: 0.990
[trinity] Epoch 86/200 - Loss: 0.0612, Val Acc: 46.89%, Head: 56.38%, Med: 8.95%, Tail: 0.00% | SO: 38/38, rho: 1.000, nu: 0.000, escape: 0, kfac_inv: 38/38, graft_scale: 0.998
[trinity] Epoch 87/200 - Loss: 0.0564, Val Acc: 46.08%, Head: 54.19%, Med: 13.65%, Tail: 0.00% | SO: 38/38, rho: 1.000, nu: 0.000, escape: 0, kfac_inv: 38/38, graft_scale: 0.991
[trinity] Epoch 88/200 - Loss: 0.0582, Val Acc: 47.61%, Head: 56.10%, Med: 13.65%, Tail: 0.00% | SO: 38/38, rho: 1.000, nu: 0.000, escape: 0, kfac_inv: 38/38, graft_scale: 0.992
[trinity] Epoch 89/200 - Loss: 0.0504, Val Acc: 47.00%, Head: 55.33%, Med: 13.70%, Tail: 0.00% | SO: 38/38, rho: 1.000, nu: 0.000, escape: 0, kfac_inv: 38/38, graft_scale: 0.993
[trinity] Epoch 90/200 - Loss: 0.0582, Val Acc: 47.15%, Head: 54.99%, Med: 15.80%, Tail: 0.00% | SO: 38/38, rho: 1.000, nu: 0.000, escape: 0, kfac_inv: 38/38, graft_scale: 0.991
[trinity] Epoch 91/200 - Loss: 0.0555, Val Acc: 47.26%, Head: 55.38%, Med: 14.80%, Tail: 0.00% | SO: 38/38, rho: 1.000, nu: 0.000, escape: 0, kfac_inv: 38/38, graft_scale: 0.999
[trinity] Epoch 92/200 - Loss: 0.0458, Val Acc: 46.24%, Head: 55.23%, Med: 10.30%, Tail: 0.00% | SO: 38/38, rho: 1.000, nu: 0.000, escape: 0, kfac_inv: 38/38, graft_scale: 0.996
[trinity] Epoch 93/200 - Loss: 0.0464, Val Acc: 46.37%, Head: 54.98%, Med: 11.95%, Tail: 0.00% | SO: 38/38, rho: 1.000, nu: 0.000, escape: 0, kfac_inv: 38/38, graft_scale: 0.996
[trinity] Epoch 94/200 - Loss: 0.0447, Val Acc: 47.32%, Head: 56.98%, Med: 8.70%, Tail: 0.00% | SO: 38/38, rho: 1.000, nu: 0.000, escape: 0, kfac_inv: 38/38, graft_scale: 0.996
[trinity] Epoch 95/200 - Loss: 0.0425, Val Acc: 45.35%, Head: 55.12%, Med: 6.25%, Tail: 0.00% | SO: 38/38, rho: 1.000, nu: 0.000, escape: 0, kfac_inv: 38/38, graft_scale: 0.994
[trinity] Epoch 96/200 - Loss: 0.0427, Val Acc: 47.75%, Head: 56.44%, Med: 13.00%, Tail: 0.00% | SO: 38/38, rho: 1.000, nu: 0.000, escape: 0, kfac_inv: 38/38, graft_scale: 0.991
[trinity] Epoch 97/200 - Loss: 0.0385, Val Acc: 46.08%, Head: 55.08%, Med: 10.10%, Tail: 0.00% | SO: 38/38, rho: 1.000, nu: 0.000, escape: 0, kfac_inv: 38/38, graft_scale: 0.998
[trinity] Epoch 98/200 - Loss: 0.0371, Val Acc: 46.07%, Head: 54.41%, Med: 12.70%, Tail: 0.00% | SO: 38/38, rho: 1.000, nu: 0.000, escape: 0, kfac_inv: 38/38, graft_scale: 0.996
[trinity] Epoch 99/200 - Loss: 0.0374, Val Acc: 46.39%, Head: 56.00%, Med: 7.95%, Tail: 0.00% | SO: 38/38, rho: 1.000, nu: 0.000, escape: 0, kfac_inv: 38/38, graft_scale: 0.996
[trinity] Epoch 100/200 - Loss: 0.0355, Val Acc: 47.16%, Head: 56.33%, Med: 10.50%, Tail: 0.00% | SO: 38/38, rho: 1.000, nu: 0.000, escape: 0, kfac_inv: 38/38, graft_scale: 0.996
[trinity] Epoch 101/200 - Loss: 0.0413, Val Acc: 45.55%, Head: 55.42%, Med: 6.05%, Tail: 0.00% | SO: 38/38, rho: 1.000, nu: 0.000, escape: 0, kfac_inv: 0/0, graft_scale: 1.000
[trinity] Epoch 102/200 - Loss: 0.0361, Val Acc: 47.87%, Head: 56.02%, Med: 15.25%, Tail: 0.00% | SO: 38/38, rho: 1.000, nu: 0.000, escape: 0, kfac_inv: 38/38, graft_scale: 0.999
[trinity] Epoch 103/200 - Loss: 0.0315, Val Acc: 45.25%, Head: 54.39%, Med: 8.70%, Tail: 0.00% | SO: 38/38, rho: 1.000, nu: 0.000, escape: 0, kfac_inv: 38/38, graft_scale: 0.995
[trinity] Epoch 104/200 - Loss: 0.0285, Val Acc: 47.06%, Head: 55.90%, Med: 11.70%, Tail: 0.00% | SO: 38/38, rho: 1.000, nu: 0.000, escape: 0, kfac_inv: 38/38, graft_scale: 0.994
[trinity] Epoch 105/200 - Loss: 0.0291, Val Acc: 46.85%, Head: 56.25%, Med: 9.25%, Tail: 0.00% | SO: 38/38, rho: 1.000, nu: 0.000, escape: 0, kfac_inv: 38/38, graft_scale: 0.998
[trinity] Epoch 106/200 - Loss: 0.0309, Val Acc: 47.31%, Head: 56.51%, Med: 10.50%, Tail: 0.00% | SO: 38/38, rho: 1.000, nu: 0.000, escape: 0, kfac_inv: 38/38, graft_scale: 0.999
[trinity] Epoch 107/200 - Loss: 0.0292, Val Acc: 47.74%, Head: 57.30%, Med: 9.50%, Tail: 0.00% | SO: 38/38, rho: 1.000, nu: 0.000, escape: 0, kfac_inv: 38/38, graft_scale: 0.999
[trinity] Epoch 108/200 - Loss: 0.0234, Val Acc: 47.87%, Head: 56.84%, Med: 12.00%, Tail: 0.00% | SO: 38/38, rho: 1.000, nu: 0.000, escape: 0, kfac_inv: 38/38, graft_scale: 0.995
[trinity] Epoch 109/200 - Loss: 0.0229, Val Acc: 46.10%, Head: 55.56%, Med: 8.25%, Tail: 0.00% | SO: 38/38, rho: 1.000, nu: 0.000, escape: 0, kfac_inv: 38/38, graft_scale: 1.000
[trinity] Epoch 110/200 - Loss: 0.0214, Val Acc: 46.23%, Head: 55.06%, Med: 10.90%, Tail: 0.00% | SO: 38/38, rho: 1.000, nu: 0.000, escape: 0, kfac_inv: 38/38, graft_scale: 0.998
[trinity] Epoch 111/200 - Loss: 0.0244, Val Acc: 45.93%, Head: 55.15%, Med: 9.05%, Tail: 0.00% | SO: 38/38, rho: 1.000, nu: 0.000, escape: 0, kfac_inv: 38/38, graft_scale: 0.994
[trinity] Epoch 112/200 - Loss: 0.0226, Val Acc: 46.69%, Head: 56.38%, Med: 7.95%, Tail: 0.00% | SO: 38/38, rho: 1.000, nu: 0.000, escape: 0, kfac_inv: 38/38, graft_scale: 0.993
[trinity] Epoch 113/200 - Loss: 0.0193, Val Acc: 46.21%, Head: 55.38%, Med: 9.55%, Tail: 0.00% | SO: 38/38, rho: 1.000, nu: 0.000, escape: 0, kfac_inv: 38/38, graft_scale: 1.000
[trinity] Epoch 114/200 - Loss: 0.0198, Val Acc: 46.64%, Head: 56.34%, Med: 7.85%, Tail: 0.00% | SO: 38/38, rho: 1.000, nu: 0.000, escape: 0, kfac_inv: 38/38, graft_scale: 0.998
[trinity] Epoch 115/200 - Loss: 0.0171, Val Acc: 45.86%, Head: 55.55%, Med: 7.10%, Tail: 0.00% | SO: 38/38, rho: 1.000, nu: 0.000, escape: 0, kfac_inv: 38/38, graft_scale: 0.998
[trinity] Epoch 116/200 - Loss: 0.0129, Val Acc: 46.28%, Head: 55.21%, Med: 10.55%, Tail: 0.00% | SO: 38/38, rho: 1.000, nu: 0.000, escape: 0, kfac_inv: 38/38, graft_scale: 0.992
[trinity] Epoch 117/200 - Loss: 0.0148, Val Acc: 47.45%, Head: 55.90%, Med: 13.65%, Tail: 0.00% | SO: 38/38, rho: 1.000, nu: 0.000, escape: 0, kfac_inv: 38/38, graft_scale: 1.000
[trinity] Epoch 118/200 - Loss: 0.0124, Val Acc: 46.30%, Head: 55.76%, Med: 8.45%, Tail: 0.00% | SO: 38/38, rho: 1.000, nu: 0.000, escape: 0, kfac_inv: 38/38, graft_scale: 1.004
[trinity] Epoch 119/200 - Loss: 0.0135, Val Acc: 46.39%, Head: 56.11%, Med: 7.50%, Tail: 0.00% | SO: 38/38, rho: 1.000, nu: 0.000, escape: 0, kfac_inv: 38/38, graft_scale: 1.003
[trinity] Epoch 120/200 - Loss: 0.0108, Val Acc: 47.84%, Head: 57.06%, Med: 10.95%, Tail: 0.00% | SO: 38/38, rho: 1.000, nu: 0.000, escape: 0, kfac_inv: 38/38, graft_scale: 0.995
[trinity] Epoch 121/200 - Loss: 0.0149, Val Acc: 45.87%, Head: 55.12%, Med: 8.85%, Tail: 0.00% | SO: 38/38, rho: 1.000, nu: 0.000, escape: 0, kfac_inv: 38/38, graft_scale: 0.999
[trinity] Epoch 122/200 - Loss: 0.0142, Val Acc: 46.78%, Head: 55.45%, Med: 12.10%, Tail: 0.00% | SO: 38/38, rho: 1.000, nu: 0.000, escape: 0, kfac_inv: 38/38, graft_scale: 1.000
[trinity] Epoch 123/200 - Loss: 0.0140, Val Acc: 46.47%, Head: 55.74%, Med: 9.40%, Tail: 0.00% | SO: 38/38, rho: 1.000, nu: 0.000, escape: 0, kfac_inv: 38/38, graft_scale: 0.996
[trinity] Epoch 124/200 - Loss: 0.0119, Val Acc: 46.70%, Head: 55.92%, Med: 9.80%, Tail: 0.00% | SO: 38/38, rho: 1.000, nu: 0.000, escape: 0, kfac_inv: 38/38, graft_scale: 1.000
[trinity] Epoch 125/200 - Loss: 0.0106, Val Acc: 47.84%, Head: 56.76%, Med: 12.15%, Tail: 0.00% | SO: 38/38, rho: 1.000, nu: 0.000, escape: 0, kfac_inv: 38/38, graft_scale: 1.008
[trinity] Epoch 126/200 - Loss: 0.0120, Val Acc: 47.18%, Head: 56.81%, Med: 8.65%, Tail: 0.00% | SO: 38/38, rho: 1.000, nu: 0.000, escape: 0, kfac_inv: 38/38, graft_scale: 0.997
[trinity] Epoch 127/200 - Loss: 0.0125, Val Acc: 46.03%, Head: 54.66%, Med: 11.50%, Tail: 0.00% | SO: 38/38, rho: 1.000, nu: 0.000, escape: 0, kfac_inv: 38/38, graft_scale: 1.001
[trinity] Epoch 128/200 - Loss: 0.0071, Val Acc: 45.00%, Head: 54.25%, Med: 8.00%, Tail: 0.00% | SO: 38/38, rho: 1.000, nu: 0.000, escape: 0, kfac_inv: 38/38, graft_scale: 1.000
[trinity] Epoch 129/200 - Loss: 0.0061, Val Acc: 47.57%, Head: 56.40%, Med: 12.25%, Tail: 0.00% | SO: 38/38, rho: 1.000, nu: 0.000, escape: 0, kfac_inv: 38/38, graft_scale: 1.000
[trinity] Epoch 130/200 - Loss: 0.0106, Val Acc: 46.40%, Head: 56.09%, Med: 7.65%, Tail: 0.00% | SO: 38/38, rho: 1.000, nu: 0.000, escape: 0, kfac_inv: 38/38, graft_scale: 1.003
[trinity] Epoch 131/200 - Loss: 0.0088, Val Acc: 45.38%, Head: 54.34%, Med: 9.55%, Tail: 0.00% | SO: 38/38, rho: 1.000, nu: 0.000, escape: 0, kfac_inv: 38/38, graft_scale: 1.000
[trinity] Epoch 132/200 - Loss: 0.0053, Val Acc: 46.54%, Head: 55.81%, Med: 9.45%, Tail: 0.00% | SO: 38/38, rho: 1.000, nu: 0.000, escape: 0, kfac_inv: 38/38, graft_scale: 0.997
[trinity] Epoch 133/200 - Loss: 0.0083, Val Acc: 46.61%, Head: 55.73%, Med: 10.15%, Tail: 0.00% | SO: 38/38, rho: 1.000, nu: 0.000, escape: 0, kfac_inv: 38/38, graft_scale: 1.002
[trinity] Epoch 134/200 - Loss: 0.0062, Val Acc: 47.02%, Head: 55.79%, Med: 11.95%, Tail: 0.00% | SO: 38/38, rho: 1.000, nu: 0.000, escape: 0, kfac_inv: 0/0, graft_scale: 0.997
[trinity] Epoch 135/200 - Loss: 0.0055, Val Acc: 45.78%, Head: 54.71%, Med: 10.05%, Tail: 0.00% | SO: 38/38, rho: 1.000, nu: 0.000, escape: 0, kfac_inv: 38/38, graft_scale: 0.993
[trinity] Epoch 136/200 - Loss: 0.0046, Val Acc: 45.71%, Head: 55.24%, Med: 7.60%, Tail: 0.00% | SO: 38/38, rho: 1.000, nu: 0.000, escape: 0, kfac_inv: 38/38, graft_scale: 0.998
[trinity] Epoch 137/200 - Loss: 0.0057, Val Acc: 45.99%, Head: 55.45%, Med: 8.15%, Tail: 0.00% | SO: 38/38, rho: 1.000, nu: 0.000, escape: 0, kfac_inv: 38/38, graft_scale: 1.000
[trinity] Epoch 138/200 - Loss: 0.0055, Val Acc: 46.59%, Head: 55.66%, Med: 10.30%, Tail: 0.00% | SO: 38/38, rho: 1.000, nu: 0.000, escape: 0, kfac_inv: 38/38, graft_scale: 1.000
[trinity] Epoch 139/200 - Loss: 0.0064, Val Acc: 46.87%, Head: 56.19%, Med: 9.60%, Tail: 0.00% | SO: 38/38, rho: 1.000, nu: 0.000, escape: 0, kfac_inv: 38/38, graft_scale: 0.999
[trinity] Epoch 140/200 - Loss: 0.0041, Val Acc: 46.41%, Head: 55.84%, Med: 8.70%, Tail: 0.00% | SO: 38/38, rho: 1.000, nu: 0.000, escape: 0, kfac_inv: 38/38, graft_scale: 0.996
[trinity] Epoch 141/200 - Loss: 0.0035, Val Acc: 46.99%, Head: 56.41%, Med: 9.30%, Tail: 0.00% | SO: 38/38, rho: 1.000, nu: 0.000, escape: 0, kfac_inv: 38/38, graft_scale: 1.004
[trinity] Epoch 142/200 - Loss: 0.0040, Val Acc: 46.36%, Head: 55.38%, Med: 10.30%, Tail: 0.00% | SO: 38/38, rho: 1.000, nu: 0.000, escape: 0, kfac_inv: 38/38, graft_scale: 1.004
[trinity] Epoch 143/200 - Loss: 0.0057, Val Acc: 46.03%, Head: 54.94%, Med: 10.40%, Tail: 0.00% | SO: 38/38, rho: 1.000, nu: 0.000, escape: 0, kfac_inv: 38/38, graft_scale: 1.006
[trinity] Epoch 144/200 - Loss: 0.0029, Val Acc: 46.08%, Head: 55.86%, Med: 6.95%, Tail: 0.00% | SO: 38/38, rho: 1.000, nu: 0.000, escape: 0, kfac_inv: 38/38, graft_scale: 1.003
[trinity] Epoch 145/200 - Loss: 0.0024, Val Acc: 45.55%, Head: 54.75%, Med: 8.75%, Tail: 0.00% | SO: 38/38, rho: 1.000, nu: 0.000, escape: 0, kfac_inv: 38/38, graft_scale: 1.002
[trinity] Epoch 146/200 - Loss: 0.0019, Val Acc: 45.96%, Head: 55.25%, Med: 8.80%, Tail: 0.00% | SO: 38/38, rho: 1.000, nu: 0.000, escape: 0, kfac_inv: 38/38, graft_scale: 0.994
[trinity] Epoch 147/200 - Loss: 0.0040, Val Acc: 46.08%, Head: 55.40%, Med: 8.80%, Tail: 0.00% | SO: 38/38, rho: 1.000, nu: 0.000, escape: 0, kfac_inv: 38/38, graft_scale: 0.998
[trinity] Epoch 148/200 - Loss: 0.0045, Val Acc: 45.67%, Head: 55.04%, Med: 8.20%, Tail: 0.00% | SO: 38/38, rho: 1.000, nu: 0.000, escape: 0, kfac_inv: 38/38, graft_scale: 1.011
[trinity] Epoch 149/200 - Loss: 0.0024, Val Acc: 46.36%, Head: 55.55%, Med: 9.60%, Tail: 0.00% | SO: 38/38, rho: 1.000, nu: 0.000, escape: 0, kfac_inv: 38/38, graft_scale: 0.996
[trinity] Epoch 150/200 - Loss: 0.0012, Val Acc: 46.26%, Head: 54.99%, Med: 11.35%, Tail: 0.00% | SO: 38/38, rho: 1.000, nu: 0.000, escape: 0, kfac_inv: 38/38, graft_scale: 0.998
[trinity] Epoch 151/200 - Loss: 0.0015, Val Acc: 45.87%, Head: 55.49%, Med: 7.40%, Tail: 0.00% | SO: 38/38, rho: 1.000, nu: 0.000, escape: 0, kfac_inv: 38/38, graft_scale: 1.006
[trinity] Epoch 152/200 - Loss: 0.0021, Val Acc: 46.57%, Head: 55.77%, Med: 9.75%, Tail: 0.00% | SO: 38/38, rho: 1.000, nu: 0.000, escape: 0, kfac_inv: 38/38, graft_scale: 0.995
[trinity] Epoch 153/200 - Loss: 0.0020, Val Acc: 46.71%, Head: 56.29%, Med: 8.40%, Tail: 0.00% | SO: 38/38, rho: 1.000, nu: 0.000, escape: 0, kfac_inv: 38/38, graft_scale: 0.997
[trinity] Epoch 154/200 - Loss: 0.0024, Val Acc: 45.56%, Head: 54.44%, Med: 10.05%, Tail: 0.00% | SO: 38/38, rho: 1.000, nu: 0.000, escape: 0, kfac_inv: 38/38, graft_scale: 1.005
[trinity] Epoch 155/200 - Loss: 0.0024, Val Acc: 46.10%, Head: 55.29%, Med: 9.35%, Tail: 0.00% | SO: 38/38, rho: 1.000, nu: 0.000, escape: 0, kfac_inv: 38/38, graft_scale: 0.997
[trinity] Epoch 156/200 - Loss: 0.0018, Val Acc: 46.26%, Head: 56.38%, Med: 5.80%, Tail: 0.00% | SO: 38/38, rho: 1.000, nu: 0.000, escape: 0, kfac_inv: 38/38, graft_scale: 1.005
[trinity] Epoch 157/200 - Loss: 0.0018, Val Acc: 45.66%, Head: 55.08%, Med: 8.00%, Tail: 0.00% | SO: 38/38, rho: 1.000, nu: 0.000, escape: 0, kfac_inv: 38/38, graft_scale: 1.002
[trinity] Epoch 158/200 - Loss: 0.0008, Val Acc: 45.37%, Head: 54.91%, Med: 7.20%, Tail: 0.00% | SO: 38/38, rho: 1.000, nu: 0.000, escape: 0, kfac_inv: 38/38, graft_scale: 0.994
[trinity] Epoch 159/200 - Loss: 0.0008, Val Acc: 46.74%, Head: 56.45%, Med: 7.90%, Tail: 0.00% | SO: 38/38, rho: 1.000, nu: 0.000, escape: 0, kfac_inv: 38/38, graft_scale: 1.007
[trinity] Epoch 160/200 - Loss: 0.0009, Val Acc: 46.25%, Head: 55.59%, Med: 8.90%, Tail: 0.00% | SO: 38/38, rho: 1.000, nu: 0.000, escape: 0, kfac_inv: 38/38, graft_scale: 1.004
[trinity] Epoch 161/200 - Loss: 0.0005, Val Acc: 46.52%, Head: 55.54%, Med: 10.45%, Tail: 0.00% | SO: 38/38, rho: 1.000, nu: 0.000, escape: 0, kfac_inv: 38/38, graft_scale: 1.004
[trinity] Epoch 162/200 - Loss: 0.0008, Val Acc: 46.50%, Head: 55.84%, Med: 9.15%, Tail: 0.00% | SO: 38/38, rho: 1.000, nu: 0.000, escape: 0, kfac_inv: 38/38, graft_scale: 1.002
[trinity] Epoch 163/200 - Loss: 0.0005, Val Acc: 46.21%, Head: 55.67%, Med: 8.35%, Tail: 0.00% | SO: 38/38, rho: 1.000, nu: 0.000, escape: 0, kfac_inv: 38/38, graft_scale: 1.008
[trinity] Epoch 164/200 - Loss: 0.0004, Val Acc: 46.36%, Head: 55.89%, Med: 8.25%, Tail: 0.00% | SO: 38/38, rho: 1.000, nu: 0.000, escape: 0, kfac_inv: 38/38, graft_scale: 0.994
[trinity] Epoch 165/200 - Loss: 0.0005, Val Acc: 46.44%, Head: 55.94%, Med: 8.45%, Tail: 0.00% | SO: 38/38, rho: 1.000, nu: 0.000, escape: 0, kfac_inv: 38/38, graft_scale: 1.006
[trinity] Epoch 166/200 - Loss: 0.0004, Val Acc: 45.61%, Head: 54.95%, Med: 8.25%, Tail: 0.00% | SO: 38/38, rho: 1.000, nu: 0.000, escape: 0, kfac_inv: 38/38, graft_scale: 1.008
[trinity] Epoch 167/200 - Loss: 0.0003, Val Acc: 46.74%, Head: 55.90%, Med: 10.10%, Tail: 0.00% | SO: 38/38, rho: 1.000, nu: 0.000, escape: 0, kfac_inv: 0/0, graft_scale: 1.005
[trinity] Epoch 168/200 - Loss: 0.0003, Val Acc: 46.45%, Head: 55.65%, Med: 9.65%, Tail: 0.00% | SO: 38/38, rho: 1.000, nu: 0.000, escape: 0, kfac_inv: 38/38, graft_scale: 0.994
[trinity] Epoch 169/200 - Loss: 0.0009, Val Acc: 46.32%, Head: 55.71%, Med: 8.75%, Tail: 0.00% | SO: 38/38, rho: 1.000, nu: 0.000, escape: 0, kfac_inv: 38/38, graft_scale: 1.003
[trinity] Epoch 170/200 - Loss: 0.0006, Val Acc: 46.38%, Head: 55.69%, Med: 9.15%, Tail: 0.00% | SO: 38/38, rho: 1.000, nu: 0.000, escape: 0, kfac_inv: 38/38, graft_scale: 1.008
[trinity] Epoch 171/200 - Loss: 0.0005, Val Acc: 46.54%, Head: 56.00%, Med: 8.70%, Tail: 0.00% | SO: 38/38, rho: 1.000, nu: 0.000, escape: 0, kfac_inv: 38/38, graft_scale: 1.004
[trinity] Epoch 172/200 - Loss: 0.0010, Val Acc: 46.97%, Head: 56.21%, Med: 10.00%, Tail: 0.00% | SO: 38/38, rho: 1.000, nu: 0.000, escape: 0, kfac_inv: 38/38, graft_scale: 0.992
[trinity] Epoch 173/200 - Loss: 0.0001, Val Acc: 46.71%, Head: 55.94%, Med: 9.80%, Tail: 0.00% | SO: 38/38, rho: 1.000, nu: 0.000, escape: 0, kfac_inv: 38/38, graft_scale: 1.001
[trinity] Epoch 174/200 - Loss: 0.0004, Val Acc: 46.89%, Head: 56.00%, Med: 10.45%, Tail: 0.00% | SO: 38/38, rho: 1.000, nu: 0.000, escape: 0, kfac_inv: 38/38, graft_scale: 1.013
[trinity] Epoch 175/200 - Loss: 0.0005, Val Acc: 47.14%, Head: 56.40%, Med: 10.10%, Tail: 0.00% | SO: 38/38, rho: 1.000, nu: 0.000, escape: 0, kfac_inv: 38/38, graft_scale: 1.006
[trinity] Epoch 176/200 - Loss: 0.0002, Val Acc: 46.75%, Head: 56.05%, Med: 9.55%, Tail: 0.00% | SO: 38/38, rho: 1.000, nu: 0.000, escape: 0, kfac_inv: 38/38, graft_scale: 1.007
[trinity] Epoch 177/200 - Loss: 0.0002, Val Acc: 46.46%, Head: 55.75%, Med: 9.30%, Tail: 0.00% | SO: 38/38, rho: 1.000, nu: 0.000, escape: 0, kfac_inv: 38/38, graft_scale: 1.010
[trinity] Epoch 178/200 - Loss: 0.0002, Val Acc: 46.14%, Head: 55.58%, Med: 8.40%, Tail: 0.00% | SO: 38/38, rho: 1.000, nu: 0.000, escape: 0, kfac_inv: 38/38, graft_scale: 1.004
[trinity] Epoch 179/200 - Loss: 0.0001, Val Acc: 46.51%, Head: 55.96%, Med: 8.70%, Tail: 0.00% | SO: 38/38, rho: 1.000, nu: 0.000, escape: 0, kfac_inv: 38/38, graft_scale: 1.009
[trinity] Epoch 180/200 - Loss: 0.0004, Val Acc: 46.59%, Head: 55.90%, Med: 9.35%, Tail: 0.00% | SO: 38/38, rho: 1.000, nu: 0.000, escape: 0, kfac_inv: 38/38, graft_scale: 1.022
[trinity] Epoch 181/200 - Loss: 0.0001, Val Acc: 46.61%, Head: 55.95%, Med: 9.25%, Tail: 0.00% | SO: 38/38, rho: 1.000, nu: 0.000, escape: 0, kfac_inv: 38/38, graft_scale: 1.000
[trinity] Epoch 182/200 - Loss: 0.0001, Val Acc: 46.56%, Head: 55.89%, Med: 9.25%, Tail: 0.00% | SO: 38/38, rho: 1.000, nu: 0.000, escape: 0, kfac_inv: 38/38, graft_scale: 1.010
[trinity] Epoch 183/200 - Loss: 0.0002, Val Acc: 46.66%, Head: 56.02%, Med: 9.20%, Tail: 0.00% | SO: 38/38, rho: 1.000, nu: 0.000, escape: 0, kfac_inv: 38/38, graft_scale: 1.006
[trinity] Epoch 184/200 - Loss: 0.0001, Val Acc: 46.58%, Head: 55.96%, Med: 9.05%, Tail: 0.00% | SO: 38/38, rho: 1.000, nu: 0.000, escape: 0, kfac_inv: 38/38, graft_scale: 1.001
[trinity] Epoch 185/200 - Loss: 0.0001, Val Acc: 46.57%, Head: 55.96%, Med: 9.00%, Tail: 0.00% | SO: 38/38, rho: 1.000, nu: 0.000, escape: 0, kfac_inv: 38/38, graft_scale: 1.000
[trinity] Epoch 186/200 - Loss: 0.0002, Val Acc: 46.35%, Head: 55.76%, Med: 8.70%, Tail: 0.00% | SO: 38/38, rho: 1.000, nu: 0.000, escape: 0, kfac_inv: 38/38, graft_scale: 1.006
[trinity] Epoch 187/200 - Loss: 0.0006, Val Acc: 46.59%, Head: 56.05%, Med: 8.75%, Tail: 0.00% | SO: 38/38, rho: 1.000, nu: 0.000, escape: 0, kfac_inv: 38/38, graft_scale: 0.999
[trinity] Epoch 188/200 - Loss: 0.0001, Val Acc: 46.59%, Head: 56.04%, Med: 8.80%, Tail: 0.00% | SO: 38/38, rho: 1.000, nu: 0.000, escape: 0, kfac_inv: 38/38, graft_scale: 1.009
[trinity] Epoch 189/200 - Loss: 0.0001, Val Acc: 46.69%, Head: 56.10%, Med: 9.05%, Tail: 0.00% | SO: 38/38, rho: 1.000, nu: 0.000, escape: 0, kfac_inv: 38/38, graft_scale: 1.012
[trinity] Epoch 190/200 - Loss: 0.0001, Val Acc: 46.69%, Head: 56.10%, Med: 9.05%, Tail: 0.00% | SO: 38/38, rho: 1.000, nu: 0.000, escape: 0, kfac_inv: 38/38, graft_scale: 1.013
[trinity] Epoch 191/200 - Loss: 0.0001, Val Acc: 46.78%, Head: 56.25%, Med: 8.90%, Tail: 0.00% | SO: 38/38, rho: 1.000, nu: 0.000, escape: 0, kfac_inv: 38/38, graft_scale: 1.004
[trinity] Epoch 192/200 - Loss: 0.0001, Val Acc: 46.75%, Head: 56.23%, Med: 8.85%, Tail: 0.00% | SO: 38/38, rho: 1.000, nu: 0.000, escape: 0, kfac_inv: 38/38, graft_scale: 1.009
[trinity] Epoch 193/200 - Loss: 0.0002, Val Acc: 46.69%, Head: 56.06%, Med: 9.20%, Tail: 0.00% | SO: 38/38, rho: 1.000, nu: 0.000, escape: 0, kfac_inv: 38/38, graft_scale: 1.008
[trinity] Epoch 194/200 - Loss: 0.0001, Val Acc: 46.72%, Head: 56.08%, Med: 9.30%, Tail: 0.00% | SO: 38/38, rho: 1.000, nu: 0.000, escape: 0, kfac_inv: 38/38, graft_scale: 1.017
[trinity] Epoch 195/200 - Loss: 0.0008, Val Acc: 46.73%, Head: 56.16%, Med: 9.00%, Tail: 0.00% | SO: 38/38, rho: 1.000, nu: 0.000, escape: 0, kfac_inv: 38/38, graft_scale: 1.017
[trinity] Epoch 196/200 - Loss: 0.0004, Val Acc: 46.72%, Head: 56.09%, Med: 9.25%, Tail: 0.00% | SO: 38/38, rho: 1.000, nu: 0.000, escape: 0, kfac_inv: 38/38, graft_scale: 1.010
[trinity] Epoch 197/200 - Loss: 0.0001, Val Acc: 46.70%, Head: 56.06%, Med: 9.25%, Tail: 0.00% | SO: 38/38, rho: 1.000, nu: 0.000, escape: 0, kfac_inv: 38/38, graft_scale: 1.003
[trinity] Epoch 198/200 - Loss: 0.0002, Val Acc: 46.82%, Head: 56.20%, Med: 9.30%, Tail: 0.00% | SO: 38/38, rho: 1.000, nu: 0.000, escape: 0, kfac_inv: 38/38, graft_scale: 1.015
[trinity] Epoch 199/200 - Loss: 0.0002, Val Acc: 46.73%, Head: 56.16%, Med: 9.00%, Tail: 0.00% | SO: 38/38, rho: 1.000, nu: 0.000, escape: 0, kfac_inv: 38/38, graft_scale: 1.008
wandb: updating run metadata
wandb: uploading output.log; uploading wandb-summary.json; uploading config.yaml
wandb: uploading wandb-summary.json; uploading config.yaml
wandb: uploading history steps 199-199, summary, console lines 200-200
wandb: 
wandb: Run history:
wandb:                       epoch ▁▁▁▁▁▁▂▂▂▂▂▃▃▃▃▃▃▄▄▄▄▄▄▅▅▅▆▆▆▆▆▇▇▇▇▇▇███
wandb:                   train/acc ▁▂▃▃▃▄▄▄▄▄▅▅▅▆▆▇▇███████████████████████
wandb:                  train/loss █▆▆▆▆▅▅▄▄▄▃▂▂▂▂▁▁▁▁▁▁▁▁▁▁▁▁▁▁▁▁▁▁▁▁▁▁▁▁▁
wandb:       trinity/blocks_probed ▁▁▁▁▁▁▁▁▁▁▁▁▁▁▁▁▁▁▁▁▁▁▁▁▁▁▁▁▁▁▁▁▁▁▁▁▁▁▁▁
wandb:        trinity/escape_fires ▁▁▁▁▁▁▁▁▁▁▁▁▁▁▁▁▁▁▁▁▁▁▁▁▁▁▁▁▁▁▁▁▁▁▁▁▁▁▁▁
wandb:  trinity/grafting_scale_max ▄█▅▂▃▃▁▁▁▁▁▂▂▂▃▂▂▁▂▂▂▂▂▃▃▁▃▄▄▃▃▅▅▃▅▆▆▆▆▃
wandb: trinity/grafting_scale_mean ▁▃▃▄▄▃▃▄▄▅▅▅▅▅▆▆▆▇▆▇▇▇▇▆▇▇▇▇▇▇▇▇▇▆▇█▇▇█▇
wandb:  trinity/grafting_scale_min ▁▁▂▂▂▃▄▃▅▄▆▆▆▆▆▇▇█▇▇█▇▆▇▇▅█▅▅▆▃▅▆▃▇▄▅▇▆▆
wandb:       trinity/kfac_inv_fail ▁▁▁▁▁▁▁▁▁▁▁▁▁▁▁▁▁▁▁▁▁▁▁▁▁▁▁▁▁▁▁▁▁▁▁▁▁▁▁▁
wandb:    trinity/kfac_inv_success ▁██████████████████████████████████▁████
wandb:                         +13 ...
wandb: 
wandb: Run summary:
wandb:                       epoch 200
wandb:                   train/acc 99.98388
wandb:                  train/loss 0.00044
wandb:       trinity/blocks_probed 0
wandb:        trinity/escape_fires 0
wandb:  trinity/grafting_scale_max 1.30319
wandb: trinity/grafting_scale_mean 1.00542
wandb:  trinity/grafting_scale_min 0.86193
wandb:       trinity/kfac_inv_fail 0
wandb:    trinity/kfac_inv_success 38
wandb:                         +13 ...
wandb: 
wandb: 🚀 View run kfac_always_on at: https://wandb.ai/dcll-iiitd/ablation-new-transformer/runs/uteo1vdn
wandb: ⭐️ View project at: https://wandb.ai/dcll-iiitd/ablation-new-transformer
wandb: Synced 5 W&B file(s), 0 media file(s), 0 artifact file(s) and 0 other file(s)
wandb: Find logs at: ./wandb/run-20260910_194529-uteo1vdn/logs
[trinity] Epoch 200/200 - Loss: 0.0004, Val Acc: 46.66%, Head: 56.14%, Med: 8.75%, Tail: 0.00% | SO: 38/38, rho: 1.000, nu: 0.000, escape: 0, kfac_inv: 38/38, graft_scale: 1.005
wandb: [wandb.login()] Loaded credentials for https://api.wandb.ai from /home/anant/.netrc.
wandb: Currently logged in as: anant-jain (dcll-iiitd) to https://api.wandb.ai. Use `wandb login --relogin` to force relogin
wandb: setting up run 5ythcqs3
wandb: Tracking run with wandb version 0.29.0
wandb: Run data is saved locally in /home/anant/update-trinity/Trinity-opt-DSAA2026/wandb/run-20260910_201044-5ythcqs3
wandb: Run `wandb offline` to turn off syncing.
wandb: Syncing run trinity_full
wandb: ⭐️ View project at https://wandb.ai/dcll-iiitd/ablation-new-transformer
wandb: 🚀 View run at https://wandb.ai/dcll-iiitd/ablation-new-transformer/runs/5ythcqs3
[*] Generated Long-Tailed CIFAR-10 (Imbalance: 0.01). Total train samples: 12406
<sys>:0: UserWarning: Full backward hook is firing when gradients are computed with respect to module outputs since no inputs require gradients. See https://docs.pytorch.org/docs/main/generated/torch.nn.Module.html#torch.nn.Module.register_full_backward_hook for more details.
[trinity] Epoch 1/200 - Loss: 1.5111, Val Acc: 18.59%, Head: 23.24%, Med: 0.00%, Tail: 0.00% | SO: 0/38, rho: 0.937, nu: 0.026, escape: 0, kfac_inv: 0/0, graft_scale: 1.000
[trinity] Epoch 2/200 - Loss: 1.2595, Val Acc: 24.12%, Head: 30.15%, Med: 0.00%, Tail: 0.00% | SO: 0/38, rho: 0.874, nu: 0.053, escape: 0, kfac_inv: 0/0, graft_scale: 1.000
[trinity] Epoch 3/200 - Loss: 1.1527, Val Acc: 25.38%, Head: 31.73%, Med: 0.00%, Tail: 0.00% | SO: 0/38, rho: 0.811, nu: 0.066, escape: 0, kfac_inv: 0/0, graft_scale: 1.000
[trinity] Epoch 4/200 - Loss: 1.0788, Val Acc: 24.30%, Head: 30.38%, Med: 0.00%, Tail: 0.00% | SO: 0/38, rho: 0.684, nu: 0.184, escape: 0, kfac_inv: 0/0, graft_scale: 1.000
[trinity] Epoch 5/200 - Loss: 1.0301, Val Acc: 28.74%, Head: 35.92%, Med: 0.00%, Tail: 0.00% | SO: 0/38, rho: 0.621, nu: 0.197, escape: 0, kfac_inv: 0/0, graft_scale: 1.000
[trinity] Epoch 6/200 - Loss: 1.0051, Val Acc: 29.85%, Head: 37.31%, Med: 0.00%, Tail: 0.00% | SO: 0/38, rho: 0.558, nu: 0.204, escape: 0, kfac_inv: 0/0, graft_scale: 1.000
[trinity] Epoch 7/200 - Loss: 0.9704, Val Acc: 33.07%, Head: 41.34%, Med: 0.00%, Tail: 0.00% | SO: 0/38, rho: 0.432, nu: 0.224, escape: 0, kfac_inv: 0/0, graft_scale: 1.000
[trinity] Epoch 8/200 - Loss: 0.9401, Val Acc: 27.97%, Head: 34.96%, Med: 0.00%, Tail: 0.00% | SO: 2/38, rho: 0.388, nu: 0.211, escape: 0, kfac_inv: 0/0, graft_scale: 1.000
[trinity] Epoch 9/200 - Loss: 0.9263, Val Acc: 28.42%, Head: 35.52%, Med: 0.00%, Tail: 0.00% | SO: 6/38, rho: 0.363, nu: 0.191, escape: 0, kfac_inv: 2/2, graft_scale: 0.975
[trinity] Epoch 10/200 - Loss: 0.8856, Val Acc: 28.94%, Head: 36.17%, Med: 0.00%, Tail: 0.00% | SO: 8/38, rho: 0.337, nu: 0.217, escape: 0, kfac_inv: 8/8, graft_scale: 0.898
[trinity] Epoch 11/200 - Loss: 0.8680, Val Acc: 34.41%, Head: 43.01%, Med: 0.00%, Tail: 0.00% | SO: 8/38, rho: 0.287, nu: 0.230, escape: 0, kfac_inv: 8/8, graft_scale: 0.901
[trinity] Epoch 12/200 - Loss: 0.8430, Val Acc: 32.84%, Head: 41.05%, Med: 0.00%, Tail: 0.00% | SO: 8/38, rho: 0.261, nu: 0.191, escape: 0, kfac_inv: 8/8, graft_scale: 0.915
[trinity] Epoch 13/200 - Loss: 0.8402, Val Acc: 34.52%, Head: 43.12%, Med: 0.10%, Tail: 0.00% | SO: 8/38, rho: 0.236, nu: 0.211, escape: 0, kfac_inv: 8/8, graft_scale: 0.909
[trinity] Epoch 14/200 - Loss: 0.8184, Val Acc: 35.27%, Head: 44.06%, Med: 0.10%, Tail: 0.00% | SO: 8/38, rho: 0.186, nu: 0.257, escape: 0, kfac_inv: 8/8, graft_scale: 0.914
[trinity] Epoch 15/200 - Loss: 0.8132, Val Acc: 32.23%, Head: 40.29%, Med: 0.00%, Tail: 0.00% | SO: 8/38, rho: 0.160, nu: 0.263, escape: 0, kfac_inv: 8/8, graft_scale: 0.925
[trinity] Epoch 16/200 - Loss: 0.7931, Val Acc: 35.59%, Head: 44.48%, Med: 0.05%, Tail: 0.00% | SO: 8/38, rho: 0.150, nu: 0.263, escape: 0, kfac_inv: 8/8, graft_scale: 0.909
[trinity] Epoch 17/200 - Loss: 0.7818, Val Acc: 40.56%, Head: 50.29%, Med: 1.65%, Tail: 0.00% | SO: 8/38, rho: 0.140, nu: 0.237, escape: 0, kfac_inv: 8/8, graft_scale: 0.897
[trinity] Epoch 18/200 - Loss: 0.7648, Val Acc: 35.13%, Head: 43.60%, Med: 1.25%, Tail: 0.00% | SO: 8/38, rho: 0.120, nu: 0.224, escape: 0, kfac_inv: 8/8, graft_scale: 0.893
[trinity] Epoch 19/200 - Loss: 0.7620, Val Acc: 36.46%, Head: 45.51%, Med: 0.25%, Tail: 0.00% | SO: 8/38, rho: 0.110, nu: 0.211, escape: 0, kfac_inv: 8/8, graft_scale: 0.894
[trinity] Epoch 20/200 - Loss: 0.7425, Val Acc: 37.68%, Head: 46.54%, Med: 2.25%, Tail: 0.00% | SO: 8/38, rho: 0.100, nu: 0.197, escape: 0, kfac_inv: 8/8, graft_scale: 0.888
[trinity] Epoch 21/200 - Loss: 0.7329, Val Acc: 35.57%, Head: 44.09%, Med: 1.50%, Tail: 0.00% | SO: 8/38, rho: 0.079, nu: 0.230, escape: 0, kfac_inv: 8/8, graft_scale: 0.905
[trinity] Epoch 22/200 - Loss: 0.7195, Val Acc: 37.47%, Head: 46.00%, Med: 3.35%, Tail: 0.00% | SO: 8/38, rho: 0.069, nu: 0.230, escape: 0, kfac_inv: 8/8, graft_scale: 0.900
[trinity] Epoch 23/200 - Loss: 0.7060, Val Acc: 39.63%, Head: 49.49%, Med: 0.20%, Tail: 0.00% | SO: 8/38, rho: 0.062, nu: 0.270, escape: 0, kfac_inv: 8/8, graft_scale: 0.897
[trinity] Epoch 24/200 - Loss: 0.6932, Val Acc: 41.76%, Head: 51.58%, Med: 2.50%, Tail: 0.00% | SO: 8/38, rho: 0.054, nu: 0.296, escape: 0, kfac_inv: 8/8, graft_scale: 0.890
[trinity] Epoch 25/200 - Loss: 0.6826, Val Acc: 38.10%, Head: 46.76%, Med: 3.45%, Tail: 0.00% | SO: 8/38, rho: 0.050, nu: 0.230, escape: 0, kfac_inv: 8/8, graft_scale: 0.886
[trinity] Epoch 26/200 - Loss: 0.6720, Val Acc: 41.21%, Head: 51.17%, Med: 1.35%, Tail: 0.00% | SO: 8/38, rho: 0.046, nu: 0.217, escape: 0, kfac_inv: 8/8, graft_scale: 0.899
[trinity] Epoch 27/200 - Loss: 0.6594, Val Acc: 38.18%, Head: 45.85%, Med: 7.50%, Tail: 0.00% | SO: 8/38, rho: 0.042, nu: 0.243, escape: 0, kfac_inv: 8/8, graft_scale: 0.906
[trinity] Epoch 28/200 - Loss: 0.6443, Val Acc: 41.49%, Head: 50.31%, Med: 6.20%, Tail: 0.00% | SO: 8/38, rho: 0.034, nu: 0.224, escape: 0, kfac_inv: 8/8, graft_scale: 0.901
[trinity] Epoch 29/200 - Loss: 0.6362, Val Acc: 41.98%, Head: 51.35%, Med: 4.50%, Tail: 0.00% | SO: 8/38, rho: 0.030, nu: 0.211, escape: 0, kfac_inv: 8/8, graft_scale: 0.895
[trinity] Epoch 30/200 - Loss: 0.6239, Val Acc: 43.06%, Head: 52.98%, Med: 3.40%, Tail: 0.00% | SO: 8/38, rho: 0.026, nu: 0.224, escape: 0, kfac_inv: 8/8, graft_scale: 0.895
[trinity] Epoch 31/200 - Loss: 0.6160, Val Acc: 40.41%, Head: 49.52%, Med: 3.95%, Tail: 0.00% | SO: 8/38, rho: 0.023, nu: 0.243, escape: 0, kfac_inv: 8/8, graft_scale: 0.897
[trinity] Epoch 32/200 - Loss: 0.5976, Val Acc: 43.30%, Head: 53.27%, Med: 3.40%, Tail: 0.00% | SO: 8/38, rho: 0.021, nu: 0.296, escape: 0, kfac_inv: 8/8, graft_scale: 0.893
[trinity] Epoch 33/200 - Loss: 0.5884, Val Acc: 43.59%, Head: 53.15%, Med: 5.35%, Tail: 0.00% | SO: 8/38, rho: 0.020, nu: 0.336, escape: 0, kfac_inv: 8/8, graft_scale: 0.888
[trinity] Epoch 34/200 - Loss: 0.5809, Val Acc: 42.87%, Head: 51.67%, Med: 7.65%, Tail: 0.00% | SO: 8/38, rho: 0.018, nu: 0.309, escape: 0, kfac_inv: 0/0, graft_scale: 0.896
[trinity] Epoch 35/200 - Loss: 0.5553, Val Acc: 45.82%, Head: 55.96%, Med: 5.25%, Tail: 0.00% | SO: 8/38, rho: 0.015, nu: 0.329, escape: 0, kfac_inv: 8/8, graft_scale: 0.899
[trinity] Epoch 36/200 - Loss: 0.5469, Val Acc: 41.33%, Head: 51.21%, Med: 1.80%, Tail: 0.00% | SO: 8/38, rho: 0.013, nu: 0.342, escape: 0, kfac_inv: 8/8, graft_scale: 0.901
[trinity] Epoch 37/200 - Loss: 0.5395, Val Acc: 43.23%, Head: 52.05%, Med: 7.95%, Tail: 0.00% | SO: 8/38, rho: 0.012, nu: 0.342, escape: 0, kfac_inv: 8/8, graft_scale: 0.894
[trinity] Epoch 38/200 - Loss: 0.5471, Val Acc: 44.53%, Head: 52.95%, Med: 10.85%, Tail: 0.00% | SO: 8/38, rho: 0.010, nu: 0.296, escape: 0, kfac_inv: 8/8, graft_scale: 0.896
[trinity] Epoch 39/200 - Loss: 0.5101, Val Acc: 44.15%, Head: 53.48%, Med: 6.85%, Tail: 0.00% | SO: 8/38, rho: 0.009, nu: 0.243, escape: 0, kfac_inv: 8/8, graft_scale: 0.894
[trinity] Epoch 40/200 - Loss: 0.5042, Val Acc: 41.11%, Head: 50.34%, Med: 4.20%, Tail: 0.00% | SO: 8/38, rho: 0.008, nu: 0.164, escape: 0, kfac_inv: 8/8, graft_scale: 0.894
[trinity] Epoch 41/200 - Loss: 0.4842, Val Acc: 46.51%, Head: 54.05%, Med: 16.35%, Tail: 0.00% | SO: 8/38, rho: 0.007, nu: 0.217, escape: 0, kfac_inv: 8/8, graft_scale: 0.895
[trinity] Epoch 42/200 - Loss: 0.4746, Val Acc: 43.60%, Head: 53.11%, Med: 5.55%, Tail: 0.00% | SO: 8/38, rho: 0.006, nu: 0.184, escape: 0, kfac_inv: 8/8, graft_scale: 0.902
[trinity] Epoch 43/200 - Loss: 0.4660, Val Acc: 45.44%, Head: 55.35%, Med: 5.80%, Tail: 0.00% | SO: 8/38, rho: 0.006, nu: 0.184, escape: 0, kfac_inv: 8/8, graft_scale: 0.904
[trinity] Epoch 44/200 - Loss: 0.4476, Val Acc: 46.90%, Head: 55.86%, Med: 11.05%, Tail: 0.00% | SO: 8/38, rho: 0.005, nu: 0.217, escape: 0, kfac_inv: 8/8, graft_scale: 0.903
[trinity] Epoch 45/200 - Loss: 0.4407, Val Acc: 41.79%, Head: 51.55%, Med: 2.75%, Tail: 0.00% | SO: 8/38, rho: 0.004, nu: 0.184, escape: 0, kfac_inv: 8/8, graft_scale: 0.909
[trinity] Epoch 46/200 - Loss: 0.4230, Val Acc: 44.14%, Head: 54.05%, Med: 4.50%, Tail: 0.00% | SO: 8/38, rho: 0.004, nu: 0.184, escape: 0, kfac_inv: 8/8, graft_scale: 0.896
[trinity] Epoch 47/200 - Loss: 0.4025, Val Acc: 44.54%, Head: 53.19%, Med: 9.95%, Tail: 0.00% | SO: 8/38, rho: 0.004, nu: 0.178, escape: 0, kfac_inv: 8/8, graft_scale: 0.891
[trinity] Epoch 48/200 - Loss: 0.3828, Val Acc: 45.82%, Head: 54.25%, Med: 12.10%, Tail: 0.00% | SO: 8/38, rho: 0.003, nu: 0.211, escape: 0, kfac_inv: 8/8, graft_scale: 0.885
[trinity] Epoch 49/200 - Loss: 0.3651, Val Acc: 47.12%, Head: 56.52%, Med: 9.50%, Tail: 0.00% | SO: 8/38, rho: 0.003, nu: 0.197, escape: 0, kfac_inv: 8/8, graft_scale: 0.893
[trinity] Epoch 50/200 - Loss: 0.3606, Val Acc: 47.83%, Head: 57.94%, Med: 7.40%, Tail: 0.00% | SO: 8/38, rho: 0.003, nu: 0.204, escape: 0, kfac_inv: 8/8, graft_scale: 0.892
[trinity] Epoch 51/200 - Loss: 0.3339, Val Acc: 45.70%, Head: 54.39%, Med: 10.95%, Tail: 0.00% | SO: 8/38, rho: 0.002, nu: 0.164, escape: 0, kfac_inv: 8/8, graft_scale: 0.890
[trinity] Epoch 52/200 - Loss: 0.3299, Val Acc: 46.38%, Head: 55.80%, Med: 8.70%, Tail: 0.00% | SO: 8/38, rho: 0.002, nu: 0.191, escape: 0, kfac_inv: 8/8, graft_scale: 0.893
[trinity] Epoch 53/200 - Loss: 0.3251, Val Acc: 45.85%, Head: 55.35%, Med: 7.85%, Tail: 0.00% | SO: 8/38, rho: 0.002, nu: 0.184, escape: 0, kfac_inv: 8/8, graft_scale: 0.886
[trinity] Epoch 54/200 - Loss: 0.2933, Val Acc: 46.82%, Head: 56.34%, Med: 8.75%, Tail: 0.00% | SO: 8/38, rho: 0.002, nu: 0.204, escape: 0, kfac_inv: 8/8, graft_scale: 0.886
[trinity] Epoch 55/200 - Loss: 0.2854, Val Acc: 48.26%, Head: 55.58%, Med: 19.00%, Tail: 0.00% | SO: 8/38, rho: 0.002, nu: 0.178, escape: 0, kfac_inv: 8/8, graft_scale: 0.875
[trinity] Epoch 56/200 - Loss: 0.2676, Val Acc: 48.01%, Head: 57.45%, Med: 10.25%, Tail: 0.00% | SO: 8/38, rho: 0.002, nu: 0.158, escape: 0, kfac_inv: 8/8, graft_scale: 0.878
[trinity] Epoch 57/200 - Loss: 0.2550, Val Acc: 47.98%, Head: 56.00%, Med: 15.90%, Tail: 0.00% | SO: 8/38, rho: 0.002, nu: 0.158, escape: 0, kfac_inv: 8/8, graft_scale: 0.882
[trinity] Epoch 58/200 - Loss: 0.2419, Val Acc: 44.86%, Head: 53.95%, Med: 8.50%, Tail: 0.00% | SO: 8/38, rho: 0.002, nu: 0.171, escape: 0, kfac_inv: 8/8, graft_scale: 0.888
[trinity] Epoch 59/200 - Loss: 0.2241, Val Acc: 46.56%, Head: 54.80%, Med: 13.60%, Tail: 0.00% | SO: 8/38, rho: 0.001, nu: 0.145, escape: 0, kfac_inv: 8/8, graft_scale: 0.894
[trinity] Epoch 60/200 - Loss: 0.2155, Val Acc: 47.01%, Head: 56.21%, Med: 10.20%, Tail: 0.00% | SO: 8/38, rho: 0.001, nu: 0.138, escape: 0, kfac_inv: 8/8, graft_scale: 0.878
[trinity] Epoch 61/200 - Loss: 0.2008, Val Acc: 44.66%, Head: 53.30%, Med: 10.10%, Tail: 0.00% | SO: 8/38, rho: 0.001, nu: 0.125, escape: 0, kfac_inv: 8/8, graft_scale: 0.898
[trinity] Epoch 62/200 - Loss: 0.2052, Val Acc: 47.06%, Head: 56.29%, Med: 10.15%, Tail: 0.00% | SO: 8/38, rho: 0.001, nu: 0.105, escape: 0, kfac_inv: 8/8, graft_scale: 0.895
[trinity] Epoch 63/200 - Loss: 0.1836, Val Acc: 47.24%, Head: 56.15%, Med: 11.60%, Tail: 0.00% | SO: 8/38, rho: 0.001, nu: 0.092, escape: 0, kfac_inv: 8/8, graft_scale: 0.890
[trinity] Epoch 64/200 - Loss: 0.1761, Val Acc: 47.03%, Head: 56.65%, Med: 8.55%, Tail: 0.00% | SO: 8/38, rho: 0.001, nu: 0.079, escape: 0, kfac_inv: 8/8, graft_scale: 0.886
[trinity] Epoch 65/200 - Loss: 0.1569, Val Acc: 47.17%, Head: 56.61%, Med: 9.40%, Tail: 0.00% | SO: 8/38, rho: 0.001, nu: 0.033, escape: 0, kfac_inv: 8/8, graft_scale: 0.877
[trinity] Epoch 66/200 - Loss: 0.1674, Val Acc: 44.70%, Head: 54.62%, Med: 5.00%, Tail: 0.00% | SO: 8/38, rho: 0.001, nu: 0.066, escape: 0, kfac_inv: 8/8, graft_scale: 0.893
[trinity] Epoch 67/200 - Loss: 0.1511, Val Acc: 44.80%, Head: 54.35%, Med: 6.60%, Tail: 0.00% | SO: 8/38, rho: 0.001, nu: 0.066, escape: 0, kfac_inv: 0/0, graft_scale: 0.906
[trinity] Epoch 68/200 - Loss: 0.1529, Val Acc: 46.65%, Head: 56.46%, Med: 7.40%, Tail: 0.00% | SO: 8/38, rho: 0.001, nu: 0.066, escape: 0, kfac_inv: 8/8, graft_scale: 0.909
[trinity] Epoch 69/200 - Loss: 0.1288, Val Acc: 45.80%, Head: 54.29%, Med: 11.85%, Tail: 0.00% | SO: 8/38, rho: 0.001, nu: 0.066, escape: 0, kfac_inv: 8/8, graft_scale: 0.905
[trinity] Epoch 70/200 - Loss: 0.1372, Val Acc: 47.17%, Head: 56.17%, Med: 11.15%, Tail: 0.00% | SO: 8/38, rho: 0.001, nu: 0.053, escape: 0, kfac_inv: 8/8, graft_scale: 0.896
[trinity] Epoch 71/200 - Loss: 0.1171, Val Acc: 46.68%, Head: 56.24%, Med: 8.45%, Tail: 0.00% | SO: 8/38, rho: 0.001, nu: 0.046, escape: 0, kfac_inv: 8/8, graft_scale: 0.897
[trinity] Epoch 72/200 - Loss: 0.1208, Val Acc: 46.31%, Head: 54.70%, Med: 12.75%, Tail: 0.00% | SO: 8/38, rho: 0.001, nu: 0.099, escape: 0, kfac_inv: 8/8, graft_scale: 0.899
[trinity] Epoch 73/200 - Loss: 0.1157, Val Acc: 48.08%, Head: 57.36%, Med: 10.95%, Tail: 0.00% | SO: 8/38, rho: 0.001, nu: 0.092, escape: 0, kfac_inv: 8/8, graft_scale: 0.909
[trinity] Epoch 74/200 - Loss: 0.1113, Val Acc: 47.69%, Head: 56.80%, Med: 11.25%, Tail: 0.00% | SO: 8/38, rho: 0.001, nu: 0.066, escape: 0, kfac_inv: 8/8, graft_scale: 0.914
[trinity] Epoch 75/200 - Loss: 0.1054, Val Acc: 47.80%, Head: 56.49%, Med: 13.05%, Tail: 0.00% | SO: 8/38, rho: 0.001, nu: 0.066, escape: 0, kfac_inv: 8/8, graft_scale: 0.916
[trinity] Epoch 76/200 - Loss: 0.0983, Val Acc: 47.41%, Head: 55.98%, Med: 13.15%, Tail: 0.00% | SO: 8/38, rho: 0.001, nu: 0.099, escape: 0, kfac_inv: 8/8, graft_scale: 0.904
[trinity] Epoch 77/200 - Loss: 0.0921, Val Acc: 48.93%, Head: 57.39%, Med: 15.10%, Tail: 0.00% | SO: 8/38, rho: 0.001, nu: 0.099, escape: 0, kfac_inv: 8/8, graft_scale: 0.910
[trinity] Epoch 78/200 - Loss: 0.0941, Val Acc: 45.34%, Head: 52.52%, Med: 16.60%, Tail: 0.00% | SO: 8/38, rho: 0.001, nu: 0.099, escape: 0, kfac_inv: 8/8, graft_scale: 0.915
[trinity] Epoch 79/200 - Loss: 0.0847, Val Acc: 46.38%, Head: 54.98%, Med: 12.00%, Tail: 0.00% | SO: 8/38, rho: 0.001, nu: 0.086, escape: 0, kfac_inv: 8/8, graft_scale: 0.919
[trinity] Epoch 80/200 - Loss: 0.0788, Val Acc: 46.32%, Head: 56.38%, Med: 6.10%, Tail: 0.00% | SO: 8/38, rho: 0.001, nu: 0.079, escape: 0, kfac_inv: 8/8, graft_scale: 0.920
[trinity] Epoch 81/200 - Loss: 0.0797, Val Acc: 45.99%, Head: 55.24%, Med: 9.00%, Tail: 0.00% | SO: 8/38, rho: 0.001, nu: 0.112, escape: 0, kfac_inv: 8/8, graft_scale: 0.918
[trinity] Epoch 82/200 - Loss: 0.0777, Val Acc: 48.40%, Head: 56.62%, Med: 15.50%, Tail: 0.00% | SO: 8/38, rho: 0.000, nu: 0.178, escape: 0, kfac_inv: 8/8, graft_scale: 0.916
[trinity] Epoch 83/200 - Loss: 0.0634, Val Acc: 47.72%, Head: 56.98%, Med: 10.70%, Tail: 0.00% | SO: 8/38, rho: 0.000, nu: 0.171, escape: 0, kfac_inv: 8/8, graft_scale: 0.923
[trinity] Epoch 84/200 - Loss: 0.0721, Val Acc: 46.34%, Head: 55.64%, Med: 9.15%, Tail: 0.00% | SO: 8/38, rho: 0.000, nu: 0.184, escape: 0, kfac_inv: 8/8, graft_scale: 0.924
[trinity] Epoch 85/200 - Loss: 0.0633, Val Acc: 44.81%, Head: 53.09%, Med: 11.70%, Tail: 0.00% | SO: 8/38, rho: 0.000, nu: 0.204, escape: 0, kfac_inv: 8/8, graft_scale: 0.927
[trinity] Epoch 86/200 - Loss: 0.0657, Val Acc: 46.70%, Head: 55.76%, Med: 10.45%, Tail: 0.00% | SO: 8/38, rho: 0.000, nu: 0.184, escape: 0, kfac_inv: 8/8, graft_scale: 0.925
[trinity] Epoch 87/200 - Loss: 0.0622, Val Acc: 48.27%, Head: 56.23%, Med: 16.45%, Tail: 0.00% | SO: 8/38, rho: 0.000, nu: 0.184, escape: 0, kfac_inv: 8/8, graft_scale: 0.921
[trinity] Epoch 88/200 - Loss: 0.0581, Val Acc: 44.73%, Head: 54.14%, Med: 7.10%, Tail: 0.00% | SO: 8/38, rho: 0.000, nu: 0.184, escape: 0, kfac_inv: 8/8, graft_scale: 0.925
[trinity] Epoch 89/200 - Loss: 0.0588, Val Acc: 47.72%, Head: 56.49%, Med: 12.65%, Tail: 0.00% | SO: 8/38, rho: 0.000, nu: 0.211, escape: 0, kfac_inv: 8/8, graft_scale: 0.929
[trinity] Epoch 90/200 - Loss: 0.0554, Val Acc: 46.92%, Head: 56.35%, Med: 9.20%, Tail: 0.00% | SO: 8/38, rho: 0.000, nu: 0.158, escape: 0, kfac_inv: 8/8, graft_scale: 0.927
[trinity] Epoch 91/200 - Loss: 0.0579, Val Acc: 47.09%, Head: 56.12%, Med: 10.95%, Tail: 0.00% | SO: 8/38, rho: 0.000, nu: 0.138, escape: 0, kfac_inv: 8/8, graft_scale: 0.916
[trinity] Epoch 92/200 - Loss: 0.0479, Val Acc: 45.78%, Head: 54.00%, Med: 12.90%, Tail: 0.00% | SO: 8/38, rho: 0.000, nu: 0.132, escape: 0, kfac_inv: 8/8, graft_scale: 0.917
[trinity] Epoch 93/200 - Loss: 0.0499, Val Acc: 46.05%, Head: 54.45%, Med: 12.45%, Tail: 0.00% | SO: 8/38, rho: 0.000, nu: 0.145, escape: 0, kfac_inv: 8/8, graft_scale: 0.919
[trinity] Epoch 94/200 - Loss: 0.0534, Val Acc: 47.23%, Head: 56.55%, Med: 9.95%, Tail: 0.00% | SO: 8/38, rho: 0.000, nu: 0.138, escape: 0, kfac_inv: 8/8, graft_scale: 0.928
[trinity] Epoch 95/200 - Loss: 0.0513, Val Acc: 46.85%, Head: 55.66%, Med: 11.60%, Tail: 0.00% | SO: 8/38, rho: 0.000, nu: 0.145, escape: 0, kfac_inv: 8/8, graft_scale: 0.929
[trinity] Epoch 96/200 - Loss: 0.0403, Val Acc: 46.49%, Head: 55.30%, Med: 11.25%, Tail: 0.00% | SO: 8/38, rho: 0.000, nu: 0.072, escape: 0, kfac_inv: 8/8, graft_scale: 0.937
[trinity] Epoch 97/200 - Loss: 0.0404, Val Acc: 45.90%, Head: 54.12%, Med: 13.00%, Tail: 0.00% | SO: 8/38, rho: 0.000, nu: 0.066, escape: 0, kfac_inv: 8/8, graft_scale: 0.944
[trinity] Epoch 98/200 - Loss: 0.0420, Val Acc: 46.22%, Head: 54.83%, Med: 11.80%, Tail: 0.00% | SO: 8/38, rho: 0.000, nu: 0.059, escape: 0, kfac_inv: 8/8, graft_scale: 0.940
[trinity] Epoch 99/200 - Loss: 0.0417, Val Acc: 45.45%, Head: 55.59%, Med: 4.90%, Tail: 0.00% | SO: 8/38, rho: 0.000, nu: 0.066, escape: 0, kfac_inv: 8/8, graft_scale: 0.939
[trinity] Epoch 100/200 - Loss: 0.0323, Val Acc: 45.50%, Head: 55.21%, Med: 6.65%, Tail: 0.00% | SO: 8/38, rho: 0.000, nu: 0.039, escape: 0, kfac_inv: 8/8, graft_scale: 0.930
[trinity] Epoch 101/200 - Loss: 0.0354, Val Acc: 46.94%, Head: 55.96%, Med: 10.85%, Tail: 0.00% | SO: 8/38, rho: 0.000, nu: 0.059, escape: 0, kfac_inv: 0/0, graft_scale: 0.929
[trinity] Epoch 102/200 - Loss: 0.0394, Val Acc: 46.55%, Head: 55.44%, Med: 11.00%, Tail: 0.00% | SO: 8/38, rho: 0.000, nu: 0.053, escape: 0, kfac_inv: 8/8, graft_scale: 0.929
[trinity] Epoch 103/200 - Loss: 0.0339, Val Acc: 47.26%, Head: 56.17%, Med: 11.60%, Tail: 0.00% | SO: 8/38, rho: 0.000, nu: 0.079, escape: 0, kfac_inv: 8/8, graft_scale: 0.936
[trinity] Epoch 104/200 - Loss: 0.0399, Val Acc: 47.95%, Head: 57.11%, Med: 11.30%, Tail: 0.00% | SO: 8/38, rho: 0.000, nu: 0.145, escape: 0, kfac_inv: 8/8, graft_scale: 0.937
[trinity] Epoch 105/200 - Loss: 0.0339, Val Acc: 46.00%, Head: 56.02%, Med: 5.90%, Tail: 0.00% | SO: 8/38, rho: 0.000, nu: 0.145, escape: 0, kfac_inv: 8/8, graft_scale: 0.945
[trinity] Epoch 106/200 - Loss: 0.0337, Val Acc: 47.89%, Head: 56.95%, Med: 11.65%, Tail: 0.00% | SO: 8/38, rho: 0.000, nu: 0.184, escape: 0, kfac_inv: 8/8, graft_scale: 0.946
[trinity] Epoch 107/200 - Loss: 0.0304, Val Acc: 46.03%, Head: 55.92%, Med: 6.45%, Tail: 0.00% | SO: 8/38, rho: 0.000, nu: 0.197, escape: 0, kfac_inv: 8/8, graft_scale: 0.946
[trinity] Epoch 108/200 - Loss: 0.0228, Val Acc: 47.94%, Head: 56.75%, Med: 12.70%, Tail: 0.00% | SO: 8/38, rho: 0.000, nu: 0.197, escape: 0, kfac_inv: 8/8, graft_scale: 0.929
[trinity] Epoch 109/200 - Loss: 0.0210, Val Acc: 47.18%, Head: 55.76%, Med: 12.85%, Tail: 0.00% | SO: 8/38, rho: 0.000, nu: 0.230, escape: 0, kfac_inv: 8/8, graft_scale: 0.921
[trinity] Epoch 110/200 - Loss: 0.0282, Val Acc: 47.55%, Head: 56.83%, Med: 10.45%, Tail: 0.00% | SO: 8/38, rho: 0.000, nu: 0.243, escape: 0, kfac_inv: 8/8, graft_scale: 0.926
[trinity] Epoch 111/200 - Loss: 0.0253, Val Acc: 47.19%, Head: 55.50%, Med: 13.95%, Tail: 0.00% | SO: 8/38, rho: 0.000, nu: 0.204, escape: 0, kfac_inv: 8/8, graft_scale: 0.922
[trinity] Epoch 112/200 - Loss: 0.0234, Val Acc: 46.53%, Head: 56.41%, Med: 7.00%, Tail: 0.00% | SO: 8/38, rho: 0.000, nu: 0.184, escape: 0, kfac_inv: 8/8, graft_scale: 0.925
[trinity] Epoch 113/200 - Loss: 0.0214, Val Acc: 45.26%, Head: 55.10%, Med: 5.90%, Tail: 0.00% | SO: 8/38, rho: 0.000, nu: 0.211, escape: 0, kfac_inv: 8/8, graft_scale: 0.918
[trinity] Epoch 114/200 - Loss: 0.0161, Val Acc: 46.41%, Head: 56.23%, Med: 7.15%, Tail: 0.00% | SO: 8/38, rho: 0.000, nu: 0.217, escape: 0, kfac_inv: 8/8, graft_scale: 0.919
[trinity] Epoch 115/200 - Loss: 0.0157, Val Acc: 45.90%, Head: 55.27%, Med: 8.40%, Tail: 0.00% | SO: 8/38, rho: 0.000, nu: 0.184, escape: 0, kfac_inv: 8/8, graft_scale: 0.921
[trinity] Epoch 116/200 - Loss: 0.0177, Val Acc: 47.54%, Head: 56.56%, Med: 11.45%, Tail: 0.00% | SO: 8/38, rho: 0.000, nu: 0.132, escape: 0, kfac_inv: 8/8, graft_scale: 0.929
[trinity] Epoch 117/200 - Loss: 0.0138, Val Acc: 46.60%, Head: 56.31%, Med: 7.75%, Tail: 0.00% | SO: 8/38, rho: 0.000, nu: 0.105, escape: 0, kfac_inv: 8/8, graft_scale: 0.932
[trinity] Epoch 118/200 - Loss: 0.0164, Val Acc: 46.24%, Head: 54.75%, Med: 12.20%, Tail: 0.00% | SO: 8/38, rho: 0.000, nu: 0.092, escape: 0, kfac_inv: 8/8, graft_scale: 0.925
[trinity] Epoch 119/200 - Loss: 0.0126, Val Acc: 46.28%, Head: 56.20%, Med: 6.60%, Tail: 0.00% | SO: 8/38, rho: 0.000, nu: 0.092, escape: 0, kfac_inv: 8/8, graft_scale: 0.924
[trinity] Epoch 120/200 - Loss: 0.0120, Val Acc: 47.34%, Head: 56.88%, Med: 9.20%, Tail: 0.00% | SO: 8/38, rho: 0.000, nu: 0.046, escape: 0, kfac_inv: 8/8, graft_scale: 0.927
[trinity] Epoch 121/200 - Loss: 0.0152, Val Acc: 47.29%, Head: 56.81%, Med: 9.20%, Tail: 0.00% | SO: 8/38, rho: 0.000, nu: 0.046, escape: 0, kfac_inv: 8/8, graft_scale: 0.935
[trinity] Epoch 122/200 - Loss: 0.0151, Val Acc: 47.14%, Head: 56.38%, Med: 10.20%, Tail: 0.00% | SO: 8/38, rho: 0.000, nu: 0.033, escape: 0, kfac_inv: 8/8, graft_scale: 0.942
[trinity] Epoch 123/200 - Loss: 0.0108, Val Acc: 45.71%, Head: 55.16%, Med: 7.90%, Tail: 0.00% | SO: 8/38, rho: 0.000, nu: 0.033, escape: 0, kfac_inv: 8/8, graft_scale: 0.930
[trinity] Epoch 124/200 - Loss: 0.0137, Val Acc: 46.31%, Head: 55.49%, Med: 9.60%, Tail: 0.00% | SO: 8/38, rho: 0.000, nu: 0.033, escape: 0, kfac_inv: 8/8, graft_scale: 0.918
[trinity] Epoch 125/200 - Loss: 0.0113, Val Acc: 45.10%, Head: 54.40%, Med: 7.90%, Tail: 0.00% | SO: 8/38, rho: 0.000, nu: 0.039, escape: 0, kfac_inv: 8/8, graft_scale: 0.913
[trinity] Epoch 126/200 - Loss: 0.0091, Val Acc: 45.21%, Head: 53.96%, Med: 10.20%, Tail: 0.00% | SO: 8/38, rho: 0.000, nu: 0.053, escape: 0, kfac_inv: 8/8, graft_scale: 0.916
[trinity] Epoch 127/200 - Loss: 0.0101, Val Acc: 46.82%, Head: 56.31%, Med: 8.85%, Tail: 0.00% | SO: 8/38, rho: 0.000, nu: 0.072, escape: 0, kfac_inv: 8/8, graft_scale: 0.921
[trinity] Epoch 128/200 - Loss: 0.0081, Val Acc: 46.70%, Head: 56.77%, Med: 6.40%, Tail: 0.00% | SO: 8/38, rho: 0.000, nu: 0.086, escape: 0, kfac_inv: 8/8, graft_scale: 0.922
[trinity] Epoch 129/200 - Loss: 0.0097, Val Acc: 46.94%, Head: 56.34%, Med: 9.35%, Tail: 0.00% | SO: 8/38, rho: 0.000, nu: 0.118, escape: 0, kfac_inv: 8/8, graft_scale: 0.921
[trinity] Epoch 130/200 - Loss: 0.0078, Val Acc: 45.77%, Head: 54.70%, Med: 10.05%, Tail: 0.00% | SO: 8/38, rho: 0.000, nu: 0.118, escape: 0, kfac_inv: 8/8, graft_scale: 0.926
[trinity] Epoch 131/200 - Loss: 0.0097, Val Acc: 46.73%, Head: 56.45%, Med: 7.85%, Tail: 0.00% | SO: 8/38, rho: 0.000, nu: 0.138, escape: 0, kfac_inv: 8/8, graft_scale: 0.913
[trinity] Epoch 132/200 - Loss: 0.0082, Val Acc: 45.92%, Head: 56.20%, Med: 4.80%, Tail: 0.00% | SO: 8/38, rho: 0.000, nu: 0.158, escape: 0, kfac_inv: 8/8, graft_scale: 0.922
[trinity] Epoch 133/200 - Loss: 0.0103, Val Acc: 46.42%, Head: 55.74%, Med: 9.15%, Tail: 0.00% | SO: 8/38, rho: 0.000, nu: 0.132, escape: 0, kfac_inv: 8/8, graft_scale: 0.924
[trinity] Epoch 134/200 - Loss: 0.0060, Val Acc: 46.59%, Head: 55.60%, Med: 10.55%, Tail: 0.00% | SO: 8/38, rho: 0.000, nu: 0.118, escape: 0, kfac_inv: 0/0, graft_scale: 0.918
[trinity] Epoch 135/200 - Loss: 0.0067, Val Acc: 46.94%, Head: 56.83%, Med: 7.40%, Tail: 0.00% | SO: 8/38, rho: 0.000, nu: 0.099, escape: 0, kfac_inv: 8/8, graft_scale: 0.914
[trinity] Epoch 136/200 - Loss: 0.0068, Val Acc: 47.45%, Head: 57.24%, Med: 8.30%, Tail: 0.00% | SO: 8/38, rho: 0.000, nu: 0.079, escape: 0, kfac_inv: 8/8, graft_scale: 0.918
[trinity] Epoch 137/200 - Loss: 0.0054, Val Acc: 46.67%, Head: 56.09%, Med: 9.00%, Tail: 0.00% | SO: 8/38, rho: 0.000, nu: 0.125, escape: 0, kfac_inv: 8/8, graft_scale: 0.926
[trinity] Epoch 138/200 - Loss: 0.0044, Val Acc: 46.86%, Head: 56.48%, Med: 8.40%, Tail: 0.00% | SO: 8/38, rho: 0.000, nu: 0.105, escape: 0, kfac_inv: 8/8, graft_scale: 0.925
[trinity] Epoch 139/200 - Loss: 0.0038, Val Acc: 46.67%, Head: 56.02%, Med: 9.25%, Tail: 0.00% | SO: 8/38, rho: 0.000, nu: 0.184, escape: 0, kfac_inv: 8/8, graft_scale: 0.931
[trinity] Epoch 140/200 - Loss: 0.0035, Val Acc: 47.33%, Head: 56.77%, Med: 9.55%, Tail: 0.00% | SO: 8/38, rho: 0.000, nu: 0.171, escape: 0, kfac_inv: 8/8, graft_scale: 0.935
[trinity] Epoch 141/200 - Loss: 0.0038, Val Acc: 47.44%, Head: 56.91%, Med: 9.55%, Tail: 0.00% | SO: 8/38, rho: 0.000, nu: 0.178, escape: 0, kfac_inv: 8/8, graft_scale: 0.940
[trinity] Epoch 142/200 - Loss: 0.0038, Val Acc: 46.39%, Head: 55.83%, Med: 8.65%, Tail: 0.00% | SO: 8/38, rho: 0.000, nu: 0.184, escape: 0, kfac_inv: 8/8, graft_scale: 0.943
[trinity] Epoch 143/200 - Loss: 0.0035, Val Acc: 47.47%, Head: 57.02%, Med: 9.25%, Tail: 0.00% | SO: 8/38, rho: 0.000, nu: 0.197, escape: 0, kfac_inv: 8/8, graft_scale: 0.947
[trinity] Epoch 144/200 - Loss: 0.0020, Val Acc: 46.61%, Head: 56.35%, Med: 7.65%, Tail: 0.00% | SO: 8/38, rho: 0.000, nu: 0.132, escape: 0, kfac_inv: 8/8, graft_scale: 0.929
[trinity] Epoch 145/200 - Loss: 0.0034, Val Acc: 45.54%, Head: 54.92%, Med: 8.00%, Tail: 0.00% | SO: 8/38, rho: 0.000, nu: 0.118, escape: 0, kfac_inv: 8/8, graft_scale: 0.916
[trinity] Epoch 146/200 - Loss: 0.0028, Val Acc: 48.05%, Head: 57.40%, Med: 10.65%, Tail: 0.00% | SO: 8/38, rho: 0.000, nu: 0.079, escape: 0, kfac_inv: 8/8, graft_scale: 0.925
[trinity] Epoch 147/200 - Loss: 0.0017, Val Acc: 47.19%, Head: 56.92%, Med: 8.25%, Tail: 0.00% | SO: 8/38, rho: 0.000, nu: 0.046, escape: 0, kfac_inv: 8/8, graft_scale: 0.928
[trinity] Epoch 148/200 - Loss: 0.0017, Val Acc: 48.46%, Head: 57.73%, Med: 11.40%, Tail: 0.00% | SO: 8/38, rho: 0.000, nu: 0.046, escape: 0, kfac_inv: 8/8, graft_scale: 0.928
[trinity] Epoch 149/200 - Loss: 0.0009, Val Acc: 47.04%, Head: 56.55%, Med: 9.00%, Tail: 0.00% | SO: 8/38, rho: 0.000, nu: 0.026, escape: 0, kfac_inv: 8/8, graft_scale: 0.920
[trinity] Epoch 150/200 - Loss: 0.0013, Val Acc: 47.08%, Head: 56.92%, Med: 7.70%, Tail: 0.00% | SO: 8/38, rho: 0.000, nu: 0.033, escape: 0, kfac_inv: 8/8, graft_scale: 0.916
[trinity] Epoch 151/200 - Loss: 0.0026, Val Acc: 47.86%, Head: 57.04%, Med: 11.15%, Tail: 0.00% | SO: 8/38, rho: 0.000, nu: 0.033, escape: 0, kfac_inv: 8/8, graft_scale: 0.922
[trinity] Epoch 152/200 - Loss: 0.0018, Val Acc: 47.28%, Head: 57.11%, Med: 7.95%, Tail: 0.00% | SO: 8/38, rho: 0.000, nu: 0.053, escape: 1, kfac_inv: 8/8, graft_scale: 0.927
[trinity] Epoch 153/200 - Loss: 0.0020, Val Acc: 47.82%, Head: 57.46%, Med: 9.25%, Tail: 0.00% | SO: 8/38, rho: 0.000, nu: 0.046, escape: 0, kfac_inv: 8/8, graft_scale: 0.930
[trinity] Epoch 154/200 - Loss: 0.0019, Val Acc: 46.95%, Head: 56.09%, Med: 10.40%, Tail: 0.00% | SO: 8/38, rho: 0.000, nu: 0.059, escape: 0, kfac_inv: 8/8, graft_scale: 0.932
[trinity] Epoch 155/200 - Loss: 0.0011, Val Acc: 47.78%, Head: 57.15%, Med: 10.30%, Tail: 0.00% | SO: 8/38, rho: 0.000, nu: 0.059, escape: 0, kfac_inv: 8/8, graft_scale: 0.935
[trinity] Epoch 156/200 - Loss: 0.0015, Val Acc: 46.97%, Head: 56.11%, Med: 10.40%, Tail: 0.00% | SO: 8/38, rho: 0.000, nu: 0.066, escape: 0, kfac_inv: 8/8, graft_scale: 0.926
[trinity] Epoch 157/200 - Loss: 0.0015, Val Acc: 47.08%, Head: 56.27%, Med: 10.30%, Tail: 0.00% | SO: 8/38, rho: 0.000, nu: 0.072, escape: 0, kfac_inv: 8/8, graft_scale: 0.926
[trinity] Epoch 158/200 - Loss: 0.0017, Val Acc: 47.69%, Head: 57.31%, Med: 9.20%, Tail: 0.00% | SO: 8/38, rho: 0.000, nu: 0.086, escape: 0, kfac_inv: 8/8, graft_scale: 0.931
[trinity] Epoch 159/200 - Loss: 0.0014, Val Acc: 47.53%, Head: 56.73%, Med: 10.75%, Tail: 0.00% | SO: 8/38, rho: 0.000, nu: 0.092, escape: 0, kfac_inv: 8/8, graft_scale: 0.934
[trinity] Epoch 160/200 - Loss: 0.0012, Val Acc: 48.11%, Head: 57.70%, Med: 9.75%, Tail: 0.00% | SO: 8/38, rho: 0.000, nu: 0.079, escape: 0, kfac_inv: 8/8, graft_scale: 0.936
[trinity] Epoch 161/200 - Loss: 0.0008, Val Acc: 46.85%, Head: 56.16%, Med: 9.60%, Tail: 0.00% | SO: 8/38, rho: 0.000, nu: 0.086, escape: 0, kfac_inv: 8/8, graft_scale: 0.939
[trinity] Epoch 162/200 - Loss: 0.0011, Val Acc: 47.28%, Head: 56.80%, Med: 9.20%, Tail: 0.00% | SO: 8/38, rho: 0.000, nu: 0.072, escape: 0, kfac_inv: 8/8, graft_scale: 0.941
[trinity] Epoch 163/200 - Loss: 0.0014, Val Acc: 46.25%, Head: 55.86%, Med: 7.80%, Tail: 0.00% | SO: 8/38, rho: 0.000, nu: 0.072, escape: 0, kfac_inv: 8/8, graft_scale: 0.947
[trinity] Epoch 164/200 - Loss: 0.0008, Val Acc: 47.01%, Head: 56.65%, Med: 8.45%, Tail: 0.00% | SO: 8/38, rho: 0.000, nu: 0.059, escape: 0, kfac_inv: 8/8, graft_scale: 0.944
[trinity] Epoch 165/200 - Loss: 0.0007, Val Acc: 46.70%, Head: 56.34%, Med: 8.15%, Tail: 0.00% | SO: 8/38, rho: 0.000, nu: 0.053, escape: 0, kfac_inv: 8/8, graft_scale: 0.946
[trinity] Epoch 166/200 - Loss: 0.0003, Val Acc: 47.34%, Head: 56.86%, Med: 9.25%, Tail: 0.00% | SO: 8/38, rho: 0.000, nu: 0.039, escape: 0, kfac_inv: 8/8, graft_scale: 0.935
[trinity] Epoch 167/200 - Loss: 0.0009, Val Acc: 46.52%, Head: 55.95%, Med: 8.80%, Tail: 0.00% | SO: 8/38, rho: 0.000, nu: 0.053, escape: 1, kfac_inv: 0/0, graft_scale: 0.934
[trinity] Epoch 168/200 - Loss: 0.0012, Val Acc: 46.89%, Head: 56.19%, Med: 9.70%, Tail: 0.00% | SO: 8/38, rho: 0.000, nu: 0.046, escape: 0, kfac_inv: 8/8, graft_scale: 0.940
[trinity] Epoch 169/200 - Loss: 0.0006, Val Acc: 46.96%, Head: 56.49%, Med: 8.85%, Tail: 0.00% | SO: 8/38, rho: 0.000, nu: 0.046, escape: 0, kfac_inv: 8/8, graft_scale: 0.928
[trinity] Epoch 170/200 - Loss: 0.0004, Val Acc: 47.10%, Head: 56.58%, Med: 9.20%, Tail: 0.00% | SO: 8/38, rho: 0.000, nu: 0.046, escape: 0, kfac_inv: 8/8, graft_scale: 0.930
[trinity] Epoch 171/200 - Loss: 0.0003, Val Acc: 46.93%, Head: 56.55%, Med: 8.45%, Tail: 0.00% | SO: 8/38, rho: 0.000, nu: 0.046, escape: 0, kfac_inv: 8/8, graft_scale: 0.931
[trinity] Epoch 172/200 - Loss: 0.0001, Val Acc: 46.95%, Head: 56.56%, Med: 8.50%, Tail: 0.00% | SO: 8/38, rho: 0.000, nu: 0.059, escape: 0, kfac_inv: 8/8, graft_scale: 0.930
[trinity] Epoch 173/200 - Loss: 0.0005, Val Acc: 47.10%, Head: 56.71%, Med: 8.65%, Tail: 0.00% | SO: 8/38, rho: 0.000, nu: 0.118, escape: 0, kfac_inv: 8/8, graft_scale: 0.937
[trinity] Epoch 174/200 - Loss: 0.0003, Val Acc: 47.19%, Head: 56.62%, Med: 9.45%, Tail: 0.00% | SO: 8/38, rho: 0.000, nu: 0.099, escape: 0, kfac_inv: 8/8, graft_scale: 0.937
[trinity] Epoch 175/200 - Loss: 0.0006, Val Acc: 47.26%, Head: 56.70%, Med: 9.50%, Tail: 0.00% | SO: 8/38, rho: 0.000, nu: 0.099, escape: 0, kfac_inv: 8/8, graft_scale: 0.920
[trinity] Epoch 176/200 - Loss: 0.0003, Val Acc: 46.83%, Head: 56.19%, Med: 9.40%, Tail: 0.00% | SO: 8/38, rho: 0.000, nu: 0.092, escape: 0, kfac_inv: 8/8, graft_scale: 0.926
[trinity] Epoch 177/200 - Loss: 0.0003, Val Acc: 47.40%, Head: 56.75%, Med: 10.00%, Tail: 0.00% | SO: 8/38, rho: 0.000, nu: 0.105, escape: 0, kfac_inv: 8/8, graft_scale: 0.931
[trinity] Epoch 178/200 - Loss: 0.0002, Val Acc: 47.00%, Head: 56.41%, Med: 9.35%, Tail: 0.00% | SO: 8/38, rho: 0.000, nu: 0.112, escape: 0, kfac_inv: 8/8, graft_scale: 0.932
[trinity] Epoch 179/200 - Loss: 0.0005, Val Acc: 47.01%, Head: 56.44%, Med: 9.30%, Tail: 0.00% | SO: 8/38, rho: 0.000, nu: 0.099, escape: 0, kfac_inv: 8/8, graft_scale: 0.943
[trinity] Epoch 180/200 - Loss: 0.0002, Val Acc: 47.12%, Head: 56.55%, Med: 9.40%, Tail: 0.00% | SO: 8/38, rho: 0.000, nu: 0.079, escape: 0, kfac_inv: 8/8, graft_scale: 0.940
[trinity] Epoch 181/200 - Loss: 0.0001, Val Acc: 47.23%, Head: 56.70%, Med: 9.35%, Tail: 0.00% | SO: 8/38, rho: 0.000, nu: 0.059, escape: 0, kfac_inv: 8/8, graft_scale: 0.927
[trinity] Epoch 182/200 - Loss: 0.0007, Val Acc: 47.61%, Head: 57.06%, Med: 9.80%, Tail: 0.00% | SO: 8/38, rho: 0.000, nu: 0.059, escape: 0, kfac_inv: 8/8, graft_scale: 0.924
[trinity] Epoch 183/200 - Loss: 0.0001, Val Acc: 47.53%, Head: 57.06%, Med: 9.40%, Tail: 0.00% | SO: 8/38, rho: 0.000, nu: 0.072, escape: 0, kfac_inv: 8/8, graft_scale: 0.924
[trinity] Epoch 184/200 - Loss: 0.0004, Val Acc: 47.11%, Head: 56.65%, Med: 8.95%, Tail: 0.00% | SO: 8/38, rho: 0.000, nu: 0.059, escape: 0, kfac_inv: 8/8, graft_scale: 0.934
[trinity] Epoch 185/200 - Loss: 0.0001, Val Acc: 47.16%, Head: 56.70%, Med: 9.00%, Tail: 0.00% | SO: 8/38, rho: 0.000, nu: 0.059, escape: 0, kfac_inv: 8/8, graft_scale: 0.928
[trinity] Epoch 186/200 - Loss: 0.0002, Val Acc: 47.02%, Head: 56.56%, Med: 8.85%, Tail: 0.00% | SO: 8/38, rho: 0.000, nu: 0.059, escape: 0, kfac_inv: 8/8, graft_scale: 0.932
[trinity] Epoch 187/200 - Loss: 0.0002, Val Acc: 47.16%, Head: 56.73%, Med: 8.90%, Tail: 0.00% | SO: 8/38, rho: 0.000, nu: 0.066, escape: 0, kfac_inv: 8/8, graft_scale: 0.923
[trinity] Epoch 188/200 - Loss: 0.0001, Val Acc: 47.20%, Head: 56.77%, Med: 8.90%, Tail: 0.00% | SO: 8/38, rho: 0.000, nu: 0.046, escape: 0, kfac_inv: 8/8, graft_scale: 0.897
[trinity] Epoch 189/200 - Loss: 0.0001, Val Acc: 47.18%, Head: 56.74%, Med: 8.95%, Tail: 0.00% | SO: 8/38, rho: 0.000, nu: 0.046, escape: 0, kfac_inv: 8/8, graft_scale: 0.889
[trinity] Epoch 190/200 - Loss: 0.0001, Val Acc: 47.21%, Head: 56.79%, Med: 8.90%, Tail: 0.00% | SO: 8/38, rho: 0.000, nu: 0.033, escape: 0, kfac_inv: 8/8, graft_scale: 0.890
[trinity] Epoch 191/200 - Loss: 0.0001, Val Acc: 47.19%, Head: 56.77%, Med: 8.85%, Tail: 0.00% | SO: 8/38, rho: 0.000, nu: 0.039, escape: 0, kfac_inv: 8/8, graft_scale: 0.884
[trinity] Epoch 192/200 - Loss: 0.0001, Val Acc: 47.17%, Head: 56.76%, Med: 8.80%, Tail: 0.00% | SO: 8/38, rho: 0.000, nu: 0.033, escape: 0, kfac_inv: 8/8, graft_scale: 0.882
[trinity] Epoch 193/200 - Loss: 0.0003, Val Acc: 47.30%, Head: 56.90%, Med: 8.90%, Tail: 0.00% | SO: 8/38, rho: 0.000, nu: 0.033, escape: 0, kfac_inv: 8/8, graft_scale: 0.901
[trinity] Epoch 194/200 - Loss: 0.0002, Val Acc: 47.29%, Head: 56.89%, Med: 8.90%, Tail: 0.00% | SO: 8/38, rho: 0.000, nu: 0.013, escape: 0, kfac_inv: 8/8, graft_scale: 0.893
[trinity] Epoch 195/200 - Loss: 0.0001, Val Acc: 47.22%, Head: 56.84%, Med: 8.75%, Tail: 0.00% | SO: 8/38, rho: 0.000, nu: 0.013, escape: 0, kfac_inv: 8/8, graft_scale: 0.896
[trinity] Epoch 196/200 - Loss: 0.0001, Val Acc: 47.23%, Head: 56.84%, Med: 8.80%, Tail: 0.00% | SO: 8/38, rho: 0.000, nu: 0.020, escape: 0, kfac_inv: 8/8, graft_scale: 0.890
[trinity] Epoch 197/200 - Loss: 0.0001, Val Acc: 47.27%, Head: 56.89%, Med: 8.80%, Tail: 0.00% | SO: 8/38, rho: 0.000, nu: 0.020, escape: 0, kfac_inv: 8/8, graft_scale: 0.894
[trinity] Epoch 198/200 - Loss: 0.0002, Val Acc: 47.28%, Head: 56.90%, Med: 8.80%, Tail: 0.00% | SO: 8/38, rho: 0.000, nu: 0.033, escape: 0, kfac_inv: 8/8, graft_scale: 0.902
[trinity] Epoch 199/200 - Loss: 0.0001, Val Acc: 47.28%, Head: 56.91%, Med: 8.75%, Tail: 0.00% | SO: 8/38, rho: 0.000, nu: 0.039, escape: 0, kfac_inv: 8/8, graft_scale: 0.884
wandb: updating run metadata
wandb: uploading output.log; uploading wandb-summary.json; uploading config.yaml
wandb: uploading history steps 198-199, summary, console lines 199-200
wandb: 
wandb: Run history:
wandb:                       epoch ▁▁▂▂▂▂▃▃▃▃▄▄▄▄▄▅▅▅▅▅▅▅▆▆▆▆▆▆▆▇▇▇▇▇▇▇████
wandb:                   train/acc ▁▂▃▄▄▅▅▅▅▅▅▅▆▆▆▇▇███████████████████████
wandb:                  train/loss █▇▇▇▆▆▅▅▅▅▄▄▄▄▃▃▂▂▂▂▂▁▁▁▁▁▁▁▁▁▁▁▁▁▁▁▁▁▁▁
wandb:       trinity/blocks_probed ███▁▁██▁█▁▁▁▁█▁▁▁▁▁█▁▁▁▁█▁▁█▁█▁█▁▁▁▁▁▁▁▁
wandb:        trinity/escape_fires ▁▁▁▁▁▁▁▁▁▁▁▁▁▁▁▁▁▁▁▁▁▁▁▁▁▁▁▁▁▁▁▁▁▁▁▁▁▁▁▁
wandb:  trinity/grafting_scale_max ▁▁▁▁▁▁▁▁▁▁▁▁▁▁▁▁▁▁▄▂▁▁▁▁▁▁▁▁█▃▂▂▁▁▁▁▁▁▁▁
wandb: trinity/grafting_scale_mean █▇▂▄▃▂▂▂▂▂▁▂▁▃▃▄▃▄▅▄▄▄▄▃▄▄▃▄▄▄▅▅▅▅▄▄▂▁▁▂
wandb:  trinity/grafting_scale_min ███▂▂▂▁▁▂▂▁▁▁▁▁▁▁▂▂▁▁▁▂▁▃▂▁▁▂▂▁▂▂▁▁▁▂▁▂▁
wandb:       trinity/kfac_inv_fail ▁▁▁▁▁▁▁▁▁▁▁▁▁▁▁▁▁▁▁▁▁▁▁▁▁▁▁▁▁▁▁▁▁▁▁▁▁▁▁▁
wandb:    trinity/kfac_inv_success ▁▁▁█████████████████████████████▁███████
wandb:                         +13 ...
wandb: 
wandb: Run summary:
wandb:                       epoch 200
wandb:                   train/acc 100
wandb:                  train/loss 0.00011
wandb:       trinity/blocks_probed 4
wandb:        trinity/escape_fires 0
wandb:  trinity/grafting_scale_max 1
wandb: trinity/grafting_scale_mean 0.88401
wandb:  trinity/grafting_scale_min 0.17334
wandb:       trinity/kfac_inv_fail 0
wandb:    trinity/kfac_inv_success 8
wandb:                         +13 ...
wandb: 
wandb: 🚀 View run trinity_full at: https://wandb.ai/dcll-iiitd/ablation-new-transformer/runs/5ythcqs3
wandb: ⭐️ View project at: https://wandb.ai/dcll-iiitd/ablation-new-transformer
wandb: Synced 5 W&B file(s), 0 media file(s), 0 artifact file(s) and 0 other file(s)
wandb: Find logs at: ./wandb/run-20260910_201044-5ythcqs3/logs
[trinity] Epoch 200/200 - Loss: 0.0001, Val Acc: 47.27%, Head: 56.90%, Med: 8.75%, Tail: 0.00% | SO: 8/38, rho: 0.000, nu: 0.039, escape: 0, kfac_inv: 8/8, graft_scale: 0.884
wandb: [wandb.login()] Loaded credentials for https://api.wandb.ai from /home/anant/.netrc.
wandb: Currently logged in as: anant-jain (dcll-iiitd) to https://api.wandb.ai. Use `wandb login --relogin` to force relogin
wandb: setting up run ou4r4puj
wandb: Tracking run with wandb version 0.29.0
wandb: Run data is saved locally in /home/anant/update-trinity/Trinity-opt-DSAA2026/wandb/run-20260910_203334-ou4r4puj
wandb: Run `wandb offline` to turn off syncing.
wandb: Syncing run trinity_no_escape
wandb: ⭐️ View project at https://wandb.ai/dcll-iiitd/ablation-new-transformer
wandb: 🚀 View run at https://wandb.ai/dcll-iiitd/ablation-new-transformer/runs/ou4r4puj
[*] Generated Long-Tailed CIFAR-10 (Imbalance: 0.01). Total train samples: 12406
<sys>:0: UserWarning: Full backward hook is firing when gradients are computed with respect to module outputs since no inputs require gradients. See https://docs.pytorch.org/docs/main/generated/torch.nn.Module.html#torch.nn.Module.register_full_backward_hook for more details.
[trinity] Epoch 1/200 - Loss: 1.5140, Val Acc: 19.13%, Head: 23.91%, Med: 0.00%, Tail: 0.00% | SO: 0/38, rho: 0.937, nu: 0.007, escape: 0, kfac_inv: 0/0, graft_scale: 1.000
[trinity] Epoch 2/200 - Loss: 1.2488, Val Acc: 24.21%, Head: 30.26%, Med: 0.00%, Tail: 0.00% | SO: 0/38, rho: 0.874, nu: 0.007, escape: 0, kfac_inv: 0/0, graft_scale: 1.000
[trinity] Epoch 3/200 - Loss: 1.1492, Val Acc: 24.23%, Head: 30.29%, Med: 0.00%, Tail: 0.00% | SO: 0/38, rho: 0.811, nu: 0.007, escape: 0, kfac_inv: 0/0, graft_scale: 1.000
[trinity] Epoch 4/200 - Loss: 1.1070, Val Acc: 20.53%, Head: 25.66%, Med: 0.00%, Tail: 0.00% | SO: 0/38, rho: 0.684, nu: 0.079, escape: 0, kfac_inv: 0/0, graft_scale: 1.000
[trinity] Epoch 5/200 - Loss: 1.0462, Val Acc: 28.52%, Head: 35.65%, Med: 0.00%, Tail: 0.00% | SO: 0/38, rho: 0.621, nu: 0.138, escape: 0, kfac_inv: 0/0, graft_scale: 1.000
[trinity] Epoch 6/200 - Loss: 0.9986, Val Acc: 29.03%, Head: 36.29%, Med: 0.00%, Tail: 0.00% | SO: 0/38, rho: 0.558, nu: 0.138, escape: 0, kfac_inv: 0/0, graft_scale: 1.000
[trinity] Epoch 7/200 - Loss: 0.9609, Val Acc: 30.75%, Head: 38.44%, Med: 0.00%, Tail: 0.00% | SO: 0/38, rho: 0.432, nu: 0.211, escape: 0, kfac_inv: 0/0, graft_scale: 1.000
[trinity] Epoch 8/200 - Loss: 0.9408, Val Acc: 30.77%, Head: 38.46%, Med: 0.00%, Tail: 0.00% | SO: 2/38, rho: 0.388, nu: 0.257, escape: 0, kfac_inv: 0/0, graft_scale: 1.000
[trinity] Epoch 9/200 - Loss: 0.9026, Val Acc: 34.33%, Head: 42.91%, Med: 0.00%, Tail: 0.00% | SO: 6/38, rho: 0.362, nu: 0.257, escape: 0, kfac_inv: 2/2, graft_scale: 0.976
[trinity] Epoch 10/200 - Loss: 0.8962, Val Acc: 29.94%, Head: 37.42%, Med: 0.00%, Tail: 0.00% | SO: 8/38, rho: 0.337, nu: 0.283, escape: 0, kfac_inv: 8/8, graft_scale: 0.899
[trinity] Epoch 11/200 - Loss: 0.8725, Val Acc: 33.05%, Head: 41.31%, Med: 0.00%, Tail: 0.00% | SO: 8/38, rho: 0.287, nu: 0.289, escape: 0, kfac_inv: 8/8, graft_scale: 0.907
[trinity] Epoch 12/200 - Loss: 0.8526, Val Acc: 32.24%, Head: 40.29%, Med: 0.05%, Tail: 0.00% | SO: 8/38, rho: 0.261, nu: 0.257, escape: 0, kfac_inv: 8/8, graft_scale: 0.913
[trinity] Epoch 13/200 - Loss: 0.8293, Val Acc: 33.79%, Head: 42.24%, Med: 0.00%, Tail: 0.00% | SO: 8/38, rho: 0.236, nu: 0.322, escape: 0, kfac_inv: 8/8, graft_scale: 0.912
[trinity] Epoch 14/200 - Loss: 0.8232, Val Acc: 32.63%, Head: 40.77%, Med: 0.05%, Tail: 0.00% | SO: 8/38, rho: 0.185, nu: 0.296, escape: 0, kfac_inv: 8/8, graft_scale: 0.913
[trinity] Epoch 15/200 - Loss: 0.8025, Val Acc: 35.35%, Head: 44.17%, Med: 0.05%, Tail: 0.00% | SO: 8/38, rho: 0.160, nu: 0.270, escape: 0, kfac_inv: 8/8, graft_scale: 0.912
[trinity] Epoch 16/200 - Loss: 0.7967, Val Acc: 33.81%, Head: 42.24%, Med: 0.10%, Tail: 0.00% | SO: 8/38, rho: 0.150, nu: 0.250, escape: 0, kfac_inv: 8/8, graft_scale: 0.906
[trinity] Epoch 17/200 - Loss: 0.7690, Val Acc: 38.08%, Head: 47.58%, Med: 0.10%, Tail: 0.00% | SO: 8/38, rho: 0.140, nu: 0.230, escape: 0, kfac_inv: 8/8, graft_scale: 0.893
[trinity] Epoch 18/200 - Loss: 0.7593, Val Acc: 37.09%, Head: 46.27%, Med: 0.35%, Tail: 0.00% | SO: 8/38, rho: 0.120, nu: 0.224, escape: 0, kfac_inv: 8/8, graft_scale: 0.889
[trinity] Epoch 19/200 - Loss: 0.7488, Val Acc: 39.24%, Head: 48.91%, Med: 0.55%, Tail: 0.00% | SO: 8/38, rho: 0.110, nu: 0.270, escape: 0, kfac_inv: 8/8, graft_scale: 0.896
[trinity] Epoch 20/200 - Loss: 0.7473, Val Acc: 33.02%, Head: 41.15%, Med: 0.50%, Tail: 0.00% | SO: 8/38, rho: 0.100, nu: 0.211, escape: 0, kfac_inv: 8/8, graft_scale: 0.893
[trinity] Epoch 21/200 - Loss: 0.7374, Val Acc: 36.36%, Head: 45.45%, Med: 0.00%, Tail: 0.00% | SO: 8/38, rho: 0.079, nu: 0.171, escape: 0, kfac_inv: 8/8, graft_scale: 0.907
[trinity] Epoch 22/200 - Loss: 0.7138, Val Acc: 37.50%, Head: 46.02%, Med: 3.40%, Tail: 0.00% | SO: 8/38, rho: 0.069, nu: 0.191, escape: 0, kfac_inv: 8/8, graft_scale: 0.911
[trinity] Epoch 23/200 - Loss: 0.7137, Val Acc: 38.51%, Head: 47.96%, Med: 0.70%, Tail: 0.00% | SO: 8/38, rho: 0.062, nu: 0.178, escape: 0, kfac_inv: 8/8, graft_scale: 0.915
[trinity] Epoch 24/200 - Loss: 0.6875, Val Acc: 40.84%, Head: 49.56%, Med: 5.95%, Tail: 0.00% | SO: 8/38, rho: 0.054, nu: 0.191, escape: 0, kfac_inv: 8/8, graft_scale: 0.907
[trinity] Epoch 25/200 - Loss: 0.6812, Val Acc: 40.59%, Head: 50.44%, Med: 1.20%, Tail: 0.00% | SO: 8/38, rho: 0.050, nu: 0.184, escape: 0, kfac_inv: 8/8, graft_scale: 0.886
[trinity] Epoch 26/200 - Loss: 0.6711, Val Acc: 41.82%, Head: 51.64%, Med: 2.55%, Tail: 0.00% | SO: 8/38, rho: 0.046, nu: 0.145, escape: 0, kfac_inv: 8/8, graft_scale: 0.902
[trinity] Epoch 27/200 - Loss: 0.6513, Val Acc: 39.51%, Head: 48.54%, Med: 3.40%, Tail: 0.00% | SO: 8/38, rho: 0.042, nu: 0.118, escape: 0, kfac_inv: 8/8, graft_scale: 0.914
[trinity] Epoch 28/200 - Loss: 0.6382, Val Acc: 42.12%, Head: 50.98%, Med: 6.70%, Tail: 0.00% | SO: 8/38, rho: 0.034, nu: 0.132, escape: 0, kfac_inv: 8/8, graft_scale: 0.898
[trinity] Epoch 29/200 - Loss: 0.6225, Val Acc: 41.74%, Head: 51.67%, Med: 2.00%, Tail: 0.00% | SO: 8/38, rho: 0.030, nu: 0.112, escape: 0, kfac_inv: 8/8, graft_scale: 0.911
[trinity] Epoch 30/200 - Loss: 0.6228, Val Acc: 39.74%, Head: 49.19%, Med: 1.95%, Tail: 0.00% | SO: 8/38, rho: 0.026, nu: 0.099, escape: 0, kfac_inv: 8/8, graft_scale: 0.909
[trinity] Epoch 31/200 - Loss: 0.6012, Val Acc: 41.80%, Head: 49.42%, Med: 11.30%, Tail: 0.00% | SO: 8/38, rho: 0.023, nu: 0.118, escape: 0, kfac_inv: 8/8, graft_scale: 0.897
[trinity] Epoch 32/200 - Loss: 0.5988, Val Acc: 41.81%, Head: 51.41%, Med: 3.40%, Tail: 0.00% | SO: 8/38, rho: 0.021, nu: 0.086, escape: 0, kfac_inv: 8/8, graft_scale: 0.897
[trinity] Epoch 33/200 - Loss: 0.5793, Val Acc: 42.74%, Head: 53.01%, Med: 1.65%, Tail: 0.00% | SO: 8/38, rho: 0.019, nu: 0.079, escape: 0, kfac_inv: 8/8, graft_scale: 0.895
[trinity] Epoch 34/200 - Loss: 0.5745, Val Acc: 42.78%, Head: 52.00%, Med: 5.90%, Tail: 0.00% | SO: 8/38, rho: 0.018, nu: 0.086, escape: 0, kfac_inv: 0/0, graft_scale: 0.901
[trinity] Epoch 35/200 - Loss: 0.5705, Val Acc: 43.80%, Head: 54.17%, Med: 2.30%, Tail: 0.00% | SO: 8/38, rho: 0.015, nu: 0.125, escape: 0, kfac_inv: 8/8, graft_scale: 0.901
[trinity] Epoch 36/200 - Loss: 0.5438, Val Acc: 40.90%, Head: 50.12%, Med: 4.00%, Tail: 0.00% | SO: 8/38, rho: 0.013, nu: 0.171, escape: 0, kfac_inv: 8/8, graft_scale: 0.901
[trinity] Epoch 37/200 - Loss: 0.5444, Val Acc: 42.09%, Head: 50.56%, Med: 8.20%, Tail: 0.00% | SO: 8/38, rho: 0.011, nu: 0.204, escape: 0, kfac_inv: 8/8, graft_scale: 0.901
[trinity] Epoch 38/200 - Loss: 0.5321, Val Acc: 44.49%, Head: 55.29%, Med: 1.30%, Tail: 0.00% | SO: 8/38, rho: 0.010, nu: 0.171, escape: 0, kfac_inv: 8/8, graft_scale: 0.907
[trinity] Epoch 39/200 - Loss: 0.5113, Val Acc: 43.75%, Head: 52.95%, Med: 6.95%, Tail: 0.00% | SO: 8/38, rho: 0.009, nu: 0.197, escape: 0, kfac_inv: 8/8, graft_scale: 0.907
[trinity] Epoch 40/200 - Loss: 0.4926, Val Acc: 42.52%, Head: 51.50%, Med: 6.60%, Tail: 0.00% | SO: 8/38, rho: 0.008, nu: 0.211, escape: 0, kfac_inv: 8/8, graft_scale: 0.914
[trinity] Epoch 41/200 - Loss: 0.4781, Val Acc: 47.30%, Head: 55.39%, Med: 14.95%, Tail: 0.00% | SO: 8/38, rho: 0.007, nu: 0.204, escape: 0, kfac_inv: 8/8, graft_scale: 0.910
[trinity] Epoch 42/200 - Loss: 0.4713, Val Acc: 45.20%, Head: 54.04%, Med: 9.85%, Tail: 0.00% | SO: 8/38, rho: 0.006, nu: 0.197, escape: 0, kfac_inv: 8/8, graft_scale: 0.900
[trinity] Epoch 43/200 - Loss: 0.4521, Val Acc: 43.37%, Head: 53.06%, Med: 4.60%, Tail: 0.00% | SO: 8/38, rho: 0.006, nu: 0.197, escape: 0, kfac_inv: 8/8, graft_scale: 0.912
[trinity] Epoch 44/200 - Loss: 0.4490, Val Acc: 47.46%, Head: 56.74%, Med: 10.35%, Tail: 0.00% | SO: 8/38, rho: 0.005, nu: 0.184, escape: 0, kfac_inv: 8/8, graft_scale: 0.904
[trinity] Epoch 45/200 - Loss: 0.4193, Val Acc: 42.00%, Head: 51.50%, Med: 4.00%, Tail: 0.00% | SO: 8/38, rho: 0.004, nu: 0.184, escape: 0, kfac_inv: 8/8, graft_scale: 0.908
[trinity] Epoch 46/200 - Loss: 0.4167, Val Acc: 43.69%, Head: 53.20%, Med: 5.65%, Tail: 0.00% | SO: 8/38, rho: 0.004, nu: 0.164, escape: 0, kfac_inv: 8/8, graft_scale: 0.901
[trinity] Epoch 47/200 - Loss: 0.4025, Val Acc: 46.41%, Head: 54.59%, Med: 13.70%, Tail: 0.00% | SO: 8/38, rho: 0.004, nu: 0.158, escape: 0, kfac_inv: 8/8, graft_scale: 0.901
[trinity] Epoch 48/200 - Loss: 0.3784, Val Acc: 45.02%, Head: 53.77%, Med: 10.00%, Tail: 0.00% | SO: 8/38, rho: 0.003, nu: 0.145, escape: 0, kfac_inv: 8/8, graft_scale: 0.898
[trinity] Epoch 49/200 - Loss: 0.3672, Val Acc: 47.78%, Head: 56.46%, Med: 13.05%, Tail: 0.00% | SO: 8/38, rho: 0.003, nu: 0.118, escape: 0, kfac_inv: 8/8, graft_scale: 0.894
[trinity] Epoch 50/200 - Loss: 0.3473, Val Acc: 45.22%, Head: 54.33%, Med: 8.80%, Tail: 0.00% | SO: 8/38, rho: 0.003, nu: 0.171, escape: 0, kfac_inv: 8/8, graft_scale: 0.887
[trinity] Epoch 51/200 - Loss: 0.3267, Val Acc: 47.88%, Head: 56.60%, Med: 13.00%, Tail: 0.00% | SO: 8/38, rho: 0.002, nu: 0.145, escape: 0, kfac_inv: 8/8, graft_scale: 0.891
[trinity] Epoch 52/200 - Loss: 0.3306, Val Acc: 47.14%, Head: 56.19%, Med: 10.95%, Tail: 0.00% | SO: 8/38, rho: 0.002, nu: 0.112, escape: 0, kfac_inv: 8/8, graft_scale: 0.892
[trinity] Epoch 53/200 - Loss: 0.3034, Val Acc: 44.61%, Head: 55.38%, Med: 1.55%, Tail: 0.00% | SO: 8/38, rho: 0.002, nu: 0.132, escape: 0, kfac_inv: 8/8, graft_scale: 0.898
[trinity] Epoch 54/200 - Loss: 0.2954, Val Acc: 48.85%, Head: 57.40%, Med: 14.65%, Tail: 0.00% | SO: 8/38, rho: 0.002, nu: 0.132, escape: 0, kfac_inv: 8/8, graft_scale: 0.902
[trinity] Epoch 55/200 - Loss: 0.2836, Val Acc: 47.91%, Head: 56.16%, Med: 14.90%, Tail: 0.00% | SO: 8/38, rho: 0.001, nu: 0.132, escape: 0, kfac_inv: 8/8, graft_scale: 0.898
[trinity] Epoch 56/200 - Loss: 0.2739, Val Acc: 46.72%, Head: 56.12%, Med: 9.10%, Tail: 0.00% | SO: 8/38, rho: 0.001, nu: 0.178, escape: 0, kfac_inv: 8/8, graft_scale: 0.905
[trinity] Epoch 57/200 - Loss: 0.2460, Val Acc: 43.96%, Head: 53.42%, Med: 6.10%, Tail: 0.00% | SO: 8/38, rho: 0.001, nu: 0.158, escape: 0, kfac_inv: 8/8, graft_scale: 0.910
[trinity] Epoch 58/200 - Loss: 0.2460, Val Acc: 47.50%, Head: 56.11%, Med: 13.05%, Tail: 0.00% | SO: 8/38, rho: 0.001, nu: 0.164, escape: 0, kfac_inv: 8/8, graft_scale: 0.915
[trinity] Epoch 59/200 - Loss: 0.2336, Val Acc: 45.78%, Head: 54.11%, Med: 12.45%, Tail: 0.00% | SO: 8/38, rho: 0.001, nu: 0.191, escape: 0, kfac_inv: 8/8, graft_scale: 0.920
[trinity] Epoch 60/200 - Loss: 0.2075, Val Acc: 48.53%, Head: 57.73%, Med: 11.75%, Tail: 0.00% | SO: 8/38, rho: 0.001, nu: 0.184, escape: 0, kfac_inv: 8/8, graft_scale: 0.921
[trinity] Epoch 61/200 - Loss: 0.2082, Val Acc: 45.64%, Head: 54.65%, Med: 9.60%, Tail: 0.00% | SO: 8/38, rho: 0.001, nu: 0.164, escape: 0, kfac_inv: 8/8, graft_scale: 0.921
[trinity] Epoch 62/200 - Loss: 0.1927, Val Acc: 46.95%, Head: 55.08%, Med: 14.45%, Tail: 0.00% | SO: 8/38, rho: 0.001, nu: 0.151, escape: 0, kfac_inv: 8/8, graft_scale: 0.909
[trinity] Epoch 63/200 - Loss: 0.1919, Val Acc: 45.99%, Head: 54.75%, Med: 10.95%, Tail: 0.00% | SO: 8/38, rho: 0.001, nu: 0.138, escape: 0, kfac_inv: 8/8, graft_scale: 0.905
[trinity] Epoch 64/200 - Loss: 0.1843, Val Acc: 46.26%, Head: 54.96%, Med: 11.45%, Tail: 0.00% | SO: 8/38, rho: 0.001, nu: 0.092, escape: 0, kfac_inv: 8/8, graft_scale: 0.915
[trinity] Epoch 65/200 - Loss: 0.1707, Val Acc: 46.38%, Head: 54.34%, Med: 14.55%, Tail: 0.00% | SO: 8/38, rho: 0.001, nu: 0.053, escape: 0, kfac_inv: 8/8, graft_scale: 0.919
[trinity] Epoch 66/200 - Loss: 0.1596, Val Acc: 44.77%, Head: 54.00%, Med: 7.85%, Tail: 0.00% | SO: 8/38, rho: 0.001, nu: 0.033, escape: 0, kfac_inv: 8/8, graft_scale: 0.902
[trinity] Epoch 67/200 - Loss: 0.1529, Val Acc: 47.11%, Head: 56.54%, Med: 9.40%, Tail: 0.00% | SO: 8/38, rho: 0.001, nu: 0.033, escape: 0, kfac_inv: 0/0, graft_scale: 0.901
[trinity] Epoch 68/200 - Loss: 0.1407, Val Acc: 46.54%, Head: 56.49%, Med: 6.75%, Tail: 0.00% | SO: 8/38, rho: 0.001, nu: 0.033, escape: 0, kfac_inv: 8/8, graft_scale: 0.912
[trinity] Epoch 69/200 - Loss: 0.1363, Val Acc: 47.94%, Head: 56.89%, Med: 12.15%, Tail: 0.00% | SO: 8/38, rho: 0.001, nu: 0.039, escape: 0, kfac_inv: 8/8, graft_scale: 0.922
[trinity] Epoch 70/200 - Loss: 0.1339, Val Acc: 45.84%, Head: 55.01%, Med: 9.15%, Tail: 0.00% | SO: 8/38, rho: 0.001, nu: 0.026, escape: 0, kfac_inv: 8/8, graft_scale: 0.922
[trinity] Epoch 71/200 - Loss: 0.1195, Val Acc: 46.24%, Head: 55.42%, Med: 9.50%, Tail: 0.00% | SO: 8/38, rho: 0.001, nu: 0.026, escape: 0, kfac_inv: 8/8, graft_scale: 0.909
[trinity] Epoch 72/200 - Loss: 0.1198, Val Acc: 46.36%, Head: 55.80%, Med: 8.60%, Tail: 0.00% | SO: 8/38, rho: 0.001, nu: 0.039, escape: 0, kfac_inv: 8/8, graft_scale: 0.910
[trinity] Epoch 73/200 - Loss: 0.1215, Val Acc: 46.74%, Head: 55.90%, Med: 10.10%, Tail: 0.00% | SO: 8/38, rho: 0.001, nu: 0.066, escape: 0, kfac_inv: 8/8, graft_scale: 0.915
[trinity] Epoch 74/200 - Loss: 0.1154, Val Acc: 46.67%, Head: 55.16%, Med: 12.70%, Tail: 0.00% | SO: 8/38, rho: 0.001, nu: 0.053, escape: 0, kfac_inv: 8/8, graft_scale: 0.910
[trinity] Epoch 75/200 - Loss: 0.1120, Val Acc: 46.87%, Head: 55.17%, Med: 13.65%, Tail: 0.00% | SO: 8/38, rho: 0.001, nu: 0.086, escape: 0, kfac_inv: 8/8, graft_scale: 0.910
[trinity] Epoch 76/200 - Loss: 0.1062, Val Acc: 47.73%, Head: 57.21%, Med: 9.80%, Tail: 0.00% | SO: 8/38, rho: 0.001, nu: 0.086, escape: 0, kfac_inv: 8/8, graft_scale: 0.899
[trinity] Epoch 77/200 - Loss: 0.0965, Val Acc: 46.35%, Head: 55.41%, Med: 10.10%, Tail: 0.00% | SO: 8/38, rho: 0.001, nu: 0.086, escape: 0, kfac_inv: 8/8, graft_scale: 0.911
[trinity] Epoch 78/200 - Loss: 0.0945, Val Acc: 45.18%, Head: 52.61%, Med: 15.45%, Tail: 0.00% | SO: 8/38, rho: 0.001, nu: 0.105, escape: 0, kfac_inv: 8/8, graft_scale: 0.907
[trinity] Epoch 79/200 - Loss: 0.0904, Val Acc: 46.17%, Head: 56.14%, Med: 6.30%, Tail: 0.00% | SO: 8/38, rho: 0.000, nu: 0.105, escape: 0, kfac_inv: 8/8, graft_scale: 0.906
[trinity] Epoch 80/200 - Loss: 0.0804, Val Acc: 45.96%, Head: 54.84%, Med: 10.45%, Tail: 0.00% | SO: 8/38, rho: 0.000, nu: 0.125, escape: 0, kfac_inv: 8/8, graft_scale: 0.918
[trinity] Epoch 81/200 - Loss: 0.0855, Val Acc: 46.83%, Head: 56.16%, Med: 9.50%, Tail: 0.00% | SO: 8/38, rho: 0.000, nu: 0.118, escape: 0, kfac_inv: 8/8, graft_scale: 0.912
[trinity] Epoch 82/200 - Loss: 0.0848, Val Acc: 46.59%, Head: 55.85%, Med: 9.55%, Tail: 0.00% | SO: 8/38, rho: 0.000, nu: 0.112, escape: 0, kfac_inv: 8/8, graft_scale: 0.913
[trinity] Epoch 83/200 - Loss: 0.0772, Val Acc: 46.37%, Head: 55.65%, Med: 9.25%, Tail: 0.00% | SO: 8/38, rho: 0.000, nu: 0.105, escape: 0, kfac_inv: 8/8, graft_scale: 0.909
[trinity] Epoch 84/200 - Loss: 0.0782, Val Acc: 45.76%, Head: 55.00%, Med: 8.80%, Tail: 0.00% | SO: 8/38, rho: 0.000, nu: 0.138, escape: 0, kfac_inv: 8/8, graft_scale: 0.910
[trinity] Epoch 85/200 - Loss: 0.0658, Val Acc: 46.13%, Head: 55.45%, Med: 8.85%, Tail: 0.00% | SO: 8/38, rho: 0.000, nu: 0.145, escape: 0, kfac_inv: 8/8, graft_scale: 0.904
[trinity] Epoch 86/200 - Loss: 0.0740, Val Acc: 47.30%, Head: 56.75%, Med: 9.50%, Tail: 0.00% | SO: 8/38, rho: 0.000, nu: 0.158, escape: 0, kfac_inv: 8/8, graft_scale: 0.892
[trinity] Epoch 87/200 - Loss: 0.0606, Val Acc: 46.54%, Head: 55.73%, Med: 9.80%, Tail: 0.00% | SO: 8/38, rho: 0.000, nu: 0.178, escape: 0, kfac_inv: 8/8, graft_scale: 0.901
[trinity] Epoch 88/200 - Loss: 0.0621, Val Acc: 47.27%, Head: 56.46%, Med: 10.50%, Tail: 0.00% | SO: 8/38, rho: 0.000, nu: 0.151, escape: 0, kfac_inv: 8/8, graft_scale: 0.902
[trinity] Epoch 89/200 - Loss: 0.0605, Val Acc: 46.64%, Head: 56.74%, Med: 6.25%, Tail: 0.00% | SO: 8/38, rho: 0.000, nu: 0.158, escape: 0, kfac_inv: 8/8, graft_scale: 0.915
[trinity] Epoch 90/200 - Loss: 0.0509, Val Acc: 47.14%, Head: 56.34%, Med: 10.35%, Tail: 0.00% | SO: 8/38, rho: 0.000, nu: 0.191, escape: 0, kfac_inv: 8/8, graft_scale: 0.915
[trinity] Epoch 91/200 - Loss: 0.0503, Val Acc: 46.30%, Head: 54.49%, Med: 13.55%, Tail: 0.00% | SO: 8/38, rho: 0.000, nu: 0.164, escape: 0, kfac_inv: 8/8, graft_scale: 0.908
[trinity] Epoch 92/200 - Loss: 0.0556, Val Acc: 44.52%, Head: 53.64%, Med: 8.05%, Tail: 0.00% | SO: 8/38, rho: 0.000, nu: 0.138, escape: 0, kfac_inv: 8/8, graft_scale: 0.907
[trinity] Epoch 93/200 - Loss: 0.0523, Val Acc: 45.42%, Head: 55.25%, Med: 6.10%, Tail: 0.00% | SO: 8/38, rho: 0.001, nu: 0.118, escape: 0, kfac_inv: 8/8, graft_scale: 0.907
[trinity] Epoch 94/200 - Loss: 0.0535, Val Acc: 46.34%, Head: 56.00%, Med: 7.70%, Tail: 0.00% | SO: 8/38, rho: 0.000, nu: 0.112, escape: 0, kfac_inv: 8/8, graft_scale: 0.920
[trinity] Epoch 95/200 - Loss: 0.0422, Val Acc: 47.23%, Head: 56.95%, Med: 8.35%, Tail: 0.00% | SO: 8/38, rho: 0.000, nu: 0.105, escape: 0, kfac_inv: 8/8, graft_scale: 0.924
[trinity] Epoch 96/200 - Loss: 0.0424, Val Acc: 45.37%, Head: 55.17%, Med: 6.15%, Tail: 0.00% | SO: 8/38, rho: 0.000, nu: 0.092, escape: 0, kfac_inv: 8/8, graft_scale: 0.922
[trinity] Epoch 97/200 - Loss: 0.0375, Val Acc: 45.57%, Head: 55.06%, Med: 7.60%, Tail: 0.00% | SO: 8/38, rho: 0.000, nu: 0.039, escape: 0, kfac_inv: 8/8, graft_scale: 0.929
[trinity] Epoch 98/200 - Loss: 0.0385, Val Acc: 46.29%, Head: 55.81%, Med: 8.20%, Tail: 0.00% | SO: 8/38, rho: 0.000, nu: 0.053, escape: 0, kfac_inv: 8/8, graft_scale: 0.919
[trinity] Epoch 99/200 - Loss: 0.0379, Val Acc: 44.41%, Head: 53.98%, Med: 6.15%, Tail: 0.00% | SO: 8/38, rho: 0.000, nu: 0.066, escape: 0, kfac_inv: 8/8, graft_scale: 0.918
[trinity] Epoch 100/200 - Loss: 0.0350, Val Acc: 46.15%, Head: 54.84%, Med: 11.40%, Tail: 0.00% | SO: 8/38, rho: 0.000, nu: 0.079, escape: 0, kfac_inv: 8/8, graft_scale: 0.930
[trinity] Epoch 101/200 - Loss: 0.0357, Val Acc: 45.20%, Head: 55.21%, Med: 5.15%, Tail: 0.00% | SO: 8/38, rho: 0.000, nu: 0.072, escape: 0, kfac_inv: 0/0, graft_scale: 0.933
[trinity] Epoch 102/200 - Loss: 0.0359, Val Acc: 47.15%, Head: 56.89%, Med: 8.20%, Tail: 0.00% | SO: 8/38, rho: 0.000, nu: 0.059, escape: 0, kfac_inv: 8/8, graft_scale: 0.936
[trinity] Epoch 103/200 - Loss: 0.0354, Val Acc: 45.44%, Head: 55.21%, Med: 6.35%, Tail: 0.00% | SO: 8/38, rho: 0.000, nu: 0.118, escape: 0, kfac_inv: 8/8, graft_scale: 0.937
[trinity] Epoch 104/200 - Loss: 0.0366, Val Acc: 45.26%, Head: 54.77%, Med: 7.20%, Tail: 0.00% | SO: 8/38, rho: 0.000, nu: 0.118, escape: 0, kfac_inv: 8/8, graft_scale: 0.928
[trinity] Epoch 105/200 - Loss: 0.0304, Val Acc: 47.58%, Head: 57.42%, Med: 8.20%, Tail: 0.00% | SO: 8/38, rho: 0.000, nu: 0.105, escape: 0, kfac_inv: 8/8, graft_scale: 0.927
[trinity] Epoch 106/200 - Loss: 0.0304, Val Acc: 46.71%, Head: 56.45%, Med: 7.75%, Tail: 0.00% | SO: 8/38, rho: 0.000, nu: 0.171, escape: 0, kfac_inv: 8/8, graft_scale: 0.933
[trinity] Epoch 107/200 - Loss: 0.0281, Val Acc: 46.79%, Head: 56.39%, Med: 8.40%, Tail: 0.00% | SO: 8/38, rho: 0.000, nu: 0.151, escape: 0, kfac_inv: 8/8, graft_scale: 0.935
[trinity] Epoch 108/200 - Loss: 0.0327, Val Acc: 47.09%, Head: 56.96%, Med: 7.60%, Tail: 0.00% | SO: 8/38, rho: 0.000, nu: 0.158, escape: 0, kfac_inv: 8/8, graft_scale: 0.930
[trinity] Epoch 109/200 - Loss: 0.0195, Val Acc: 46.22%, Head: 56.04%, Med: 6.95%, Tail: 0.00% | SO: 8/38, rho: 0.000, nu: 0.164, escape: 0, kfac_inv: 8/8, graft_scale: 0.937
[trinity] Epoch 110/200 - Loss: 0.0213, Val Acc: 45.81%, Head: 54.89%, Med: 9.50%, Tail: 0.00% | SO: 8/38, rho: 0.000, nu: 0.217, escape: 0, kfac_inv: 8/8, graft_scale: 0.928
[trinity] Epoch 111/200 - Loss: 0.0239, Val Acc: 48.02%, Head: 57.65%, Med: 9.50%, Tail: 0.00% | SO: 8/38, rho: 0.000, nu: 0.224, escape: 0, kfac_inv: 8/8, graft_scale: 0.934
[trinity] Epoch 112/200 - Loss: 0.0212, Val Acc: 45.04%, Head: 54.86%, Med: 5.75%, Tail: 0.00% | SO: 8/38, rho: 0.000, nu: 0.224, escape: 0, kfac_inv: 8/8, graft_scale: 0.940
[trinity] Epoch 113/200 - Loss: 0.0248, Val Acc: 46.55%, Head: 56.10%, Med: 8.35%, Tail: 0.00% | SO: 8/38, rho: 0.000, nu: 0.263, escape: 0, kfac_inv: 8/8, graft_scale: 0.931
[trinity] Epoch 114/200 - Loss: 0.0225, Val Acc: 46.78%, Head: 56.65%, Med: 7.30%, Tail: 0.00% | SO: 8/38, rho: 0.000, nu: 0.263, escape: 0, kfac_inv: 8/8, graft_scale: 0.925
[trinity] Epoch 115/200 - Loss: 0.0190, Val Acc: 47.28%, Head: 56.84%, Med: 9.05%, Tail: 0.00% | SO: 8/38, rho: 0.000, nu: 0.270, escape: 0, kfac_inv: 8/8, graft_scale: 0.927
[trinity] Epoch 116/200 - Loss: 0.0185, Val Acc: 47.39%, Head: 57.48%, Med: 7.05%, Tail: 0.00% | SO: 8/38, rho: 0.000, nu: 0.257, escape: 0, kfac_inv: 8/8, graft_scale: 0.932
[trinity] Epoch 117/200 - Loss: 0.0175, Val Acc: 46.25%, Head: 56.35%, Med: 5.85%, Tail: 0.00% | SO: 8/38, rho: 0.000, nu: 0.243, escape: 0, kfac_inv: 8/8, graft_scale: 0.924
[trinity] Epoch 118/200 - Loss: 0.0160, Val Acc: 46.43%, Head: 56.10%, Med: 7.75%, Tail: 0.00% | SO: 8/38, rho: 0.000, nu: 0.237, escape: 0, kfac_inv: 8/8, graft_scale: 0.930
[trinity] Epoch 119/200 - Loss: 0.0208, Val Acc: 45.87%, Head: 55.70%, Med: 6.55%, Tail: 0.00% | SO: 8/38, rho: 0.000, nu: 0.237, escape: 0, kfac_inv: 8/8, graft_scale: 0.938
[trinity] Epoch 120/200 - Loss: 0.0186, Val Acc: 44.83%, Head: 54.52%, Med: 6.05%, Tail: 0.00% | SO: 8/38, rho: 0.000, nu: 0.250, escape: 0, kfac_inv: 8/8, graft_scale: 0.929
[trinity] Epoch 121/200 - Loss: 0.0189, Val Acc: 46.88%, Head: 56.17%, Med: 9.70%, Tail: 0.00% | SO: 8/38, rho: 0.000, nu: 0.211, escape: 0, kfac_inv: 8/8, graft_scale: 0.937
[trinity] Epoch 122/200 - Loss: 0.0118, Val Acc: 46.97%, Head: 55.94%, Med: 11.10%, Tail: 0.00% | SO: 8/38, rho: 0.000, nu: 0.204, escape: 0, kfac_inv: 8/8, graft_scale: 0.929
[trinity] Epoch 123/200 - Loss: 0.0154, Val Acc: 45.72%, Head: 55.84%, Med: 5.25%, Tail: 0.00% | SO: 8/38, rho: 0.000, nu: 0.243, escape: 0, kfac_inv: 8/8, graft_scale: 0.927
[trinity] Epoch 124/200 - Loss: 0.0145, Val Acc: 46.22%, Head: 56.41%, Med: 5.45%, Tail: 0.00% | SO: 8/38, rho: 0.000, nu: 0.211, escape: 0, kfac_inv: 8/8, graft_scale: 0.934
[trinity] Epoch 125/200 - Loss: 0.0102, Val Acc: 46.61%, Head: 56.54%, Med: 6.90%, Tail: 0.00% | SO: 8/38, rho: 0.000, nu: 0.184, escape: 0, kfac_inv: 8/8, graft_scale: 0.937
[trinity] Epoch 126/200 - Loss: 0.0078, Val Acc: 45.44%, Head: 54.73%, Med: 8.30%, Tail: 0.00% | SO: 8/38, rho: 0.000, nu: 0.164, escape: 0, kfac_inv: 8/8, graft_scale: 0.942
[trinity] Epoch 127/200 - Loss: 0.0072, Val Acc: 45.36%, Head: 54.02%, Med: 10.70%, Tail: 0.00% | SO: 8/38, rho: 0.000, nu: 0.099, escape: 0, kfac_inv: 8/8, graft_scale: 0.943
[trinity] Epoch 128/200 - Loss: 0.0085, Val Acc: 46.53%, Head: 56.09%, Med: 8.30%, Tail: 0.00% | SO: 8/38, rho: 0.000, nu: 0.086, escape: 0, kfac_inv: 8/8, graft_scale: 0.934
[trinity] Epoch 129/200 - Loss: 0.0088, Val Acc: 46.75%, Head: 56.64%, Med: 7.20%, Tail: 0.00% | SO: 8/38, rho: 0.000, nu: 0.086, escape: 0, kfac_inv: 8/8, graft_scale: 0.938
[trinity] Epoch 130/200 - Loss: 0.0093, Val Acc: 46.20%, Head: 56.27%, Med: 5.90%, Tail: 0.00% | SO: 8/38, rho: 0.000, nu: 0.039, escape: 0, kfac_inv: 8/8, graft_scale: 0.941
[trinity] Epoch 131/200 - Loss: 0.0081, Val Acc: 47.09%, Head: 56.98%, Med: 7.55%, Tail: 0.00% | SO: 8/38, rho: 0.000, nu: 0.033, escape: 0, kfac_inv: 8/8, graft_scale: 0.950
[trinity] Epoch 132/200 - Loss: 0.0103, Val Acc: 48.03%, Head: 56.70%, Med: 13.35%, Tail: 0.00% | SO: 8/38, rho: 0.000, nu: 0.066, escape: 0, kfac_inv: 8/8, graft_scale: 0.946
[trinity] Epoch 133/200 - Loss: 0.0052, Val Acc: 46.99%, Head: 55.69%, Med: 12.20%, Tail: 0.00% | SO: 8/38, rho: 0.000, nu: 0.066, escape: 0, kfac_inv: 8/8, graft_scale: 0.937
[trinity] Epoch 134/200 - Loss: 0.0072, Val Acc: 45.84%, Head: 55.40%, Med: 7.60%, Tail: 0.00% | SO: 8/38, rho: 0.000, nu: 0.079, escape: 0, kfac_inv: 0/0, graft_scale: 0.939
[trinity] Epoch 135/200 - Loss: 0.0079, Val Acc: 47.50%, Head: 56.69%, Med: 10.75%, Tail: 0.00% | SO: 8/38, rho: 0.000, nu: 0.072, escape: 0, kfac_inv: 8/8, graft_scale: 0.941
[trinity] Epoch 136/200 - Loss: 0.0074, Val Acc: 47.93%, Head: 57.79%, Med: 8.50%, Tail: 0.00% | SO: 8/38, rho: 0.000, nu: 0.079, escape: 0, kfac_inv: 8/8, graft_scale: 0.947
[trinity] Epoch 137/200 - Loss: 0.0038, Val Acc: 46.43%, Head: 55.80%, Med: 8.95%, Tail: 0.00% | SO: 8/38, rho: 0.000, nu: 0.079, escape: 0, kfac_inv: 8/8, graft_scale: 0.946
[trinity] Epoch 138/200 - Loss: 0.0031, Val Acc: 45.73%, Head: 55.39%, Med: 7.10%, Tail: 0.00% | SO: 8/38, rho: 0.000, nu: 0.099, escape: 0, kfac_inv: 8/8, graft_scale: 0.946
[trinity] Epoch 139/200 - Loss: 0.0038, Val Acc: 46.32%, Head: 55.61%, Med: 9.15%, Tail: 0.00% | SO: 8/38, rho: 0.000, nu: 0.105, escape: 0, kfac_inv: 8/8, graft_scale: 0.936
[trinity] Epoch 140/200 - Loss: 0.0055, Val Acc: 47.49%, Head: 57.85%, Med: 6.05%, Tail: 0.00% | SO: 8/38, rho: 0.000, nu: 0.092, escape: 0, kfac_inv: 8/8, graft_scale: 0.924
[trinity] Epoch 141/200 - Loss: 0.0032, Val Acc: 47.19%, Head: 56.62%, Med: 9.45%, Tail: 0.00% | SO: 8/38, rho: 0.000, nu: 0.092, escape: 0, kfac_inv: 8/8, graft_scale: 0.928
[trinity] Epoch 142/200 - Loss: 0.0029, Val Acc: 46.82%, Head: 56.99%, Med: 6.15%, Tail: 0.00% | SO: 8/38, rho: 0.000, nu: 0.086, escape: 0, kfac_inv: 8/8, graft_scale: 0.934
[trinity] Epoch 143/200 - Loss: 0.0050, Val Acc: 46.69%, Head: 56.52%, Med: 7.35%, Tail: 0.00% | SO: 8/38, rho: 0.000, nu: 0.072, escape: 0, kfac_inv: 8/8, graft_scale: 0.927
[trinity] Epoch 144/200 - Loss: 0.0041, Val Acc: 46.97%, Head: 56.60%, Med: 8.45%, Tail: 0.00% | SO: 8/38, rho: 0.000, nu: 0.072, escape: 0, kfac_inv: 8/8, graft_scale: 0.923
[trinity] Epoch 145/200 - Loss: 0.0043, Val Acc: 47.72%, Head: 57.12%, Med: 10.10%, Tail: 0.00% | SO: 8/38, rho: 0.000, nu: 0.118, escape: 0, kfac_inv: 8/8, graft_scale: 0.926
[trinity] Epoch 146/200 - Loss: 0.0052, Val Acc: 47.20%, Head: 56.54%, Med: 9.85%, Tail: 0.00% | SO: 8/38, rho: 0.000, nu: 0.099, escape: 0, kfac_inv: 8/8, graft_scale: 0.928
[trinity] Epoch 147/200 - Loss: 0.0049, Val Acc: 45.54%, Head: 55.11%, Med: 7.25%, Tail: 0.00% | SO: 8/38, rho: 0.000, nu: 0.118, escape: 0, kfac_inv: 8/8, graft_scale: 0.932
[trinity] Epoch 148/200 - Loss: 0.0022, Val Acc: 46.39%, Head: 56.77%, Med: 4.85%, Tail: 0.00% | SO: 8/38, rho: 0.000, nu: 0.118, escape: 0, kfac_inv: 8/8, graft_scale: 0.936
[trinity] Epoch 149/200 - Loss: 0.0037, Val Acc: 46.65%, Head: 56.88%, Med: 5.75%, Tail: 0.00% | SO: 8/38, rho: 0.000, nu: 0.125, escape: 0, kfac_inv: 8/8, graft_scale: 0.941
[trinity] Epoch 150/200 - Loss: 0.0032, Val Acc: 45.79%, Head: 55.75%, Med: 5.95%, Tail: 0.00% | SO: 8/38, rho: 0.000, nu: 0.151, escape: 0, kfac_inv: 8/8, graft_scale: 0.945
[trinity] Epoch 151/200 - Loss: 0.0020, Val Acc: 46.56%, Head: 56.20%, Med: 8.00%, Tail: 0.00% | SO: 8/38, rho: 0.000, nu: 0.158, escape: 0, kfac_inv: 8/8, graft_scale: 0.947
[trinity] Epoch 152/200 - Loss: 0.0026, Val Acc: 46.48%, Head: 56.29%, Med: 7.25%, Tail: 0.00% | SO: 8/38, rho: 0.000, nu: 0.138, escape: 0, kfac_inv: 8/8, graft_scale: 0.944
[trinity] Epoch 153/200 - Loss: 0.0016, Val Acc: 46.39%, Head: 56.38%, Med: 6.45%, Tail: 0.00% | SO: 8/38, rho: 0.000, nu: 0.125, escape: 0, kfac_inv: 8/8, graft_scale: 0.942
[trinity] Epoch 154/200 - Loss: 0.0024, Val Acc: 46.81%, Head: 56.92%, Med: 6.35%, Tail: 0.00% | SO: 8/38, rho: 0.000, nu: 0.099, escape: 0, kfac_inv: 8/8, graft_scale: 0.933
[trinity] Epoch 155/200 - Loss: 0.0013, Val Acc: 46.76%, Head: 56.86%, Med: 6.35%, Tail: 0.00% | SO: 8/38, rho: 0.000, nu: 0.099, escape: 0, kfac_inv: 8/8, graft_scale: 0.933
[trinity] Epoch 156/200 - Loss: 0.0018, Val Acc: 45.98%, Head: 56.15%, Med: 5.30%, Tail: 0.00% | SO: 8/38, rho: 0.000, nu: 0.105, escape: 0, kfac_inv: 8/8, graft_scale: 0.938
[trinity] Epoch 157/200 - Loss: 0.0020, Val Acc: 46.24%, Head: 56.48%, Med: 5.30%, Tail: 0.00% | SO: 8/38, rho: 0.000, nu: 0.066, escape: 0, kfac_inv: 8/8, graft_scale: 0.942
[trinity] Epoch 158/200 - Loss: 0.0009, Val Acc: 46.64%, Head: 56.66%, Med: 6.55%, Tail: 0.00% | SO: 8/38, rho: 0.000, nu: 0.066, escape: 0, kfac_inv: 8/8, graft_scale: 0.946
[trinity] Epoch 159/200 - Loss: 0.0010, Val Acc: 47.03%, Head: 56.77%, Med: 8.05%, Tail: 0.00% | SO: 8/38, rho: 0.000, nu: 0.046, escape: 0, kfac_inv: 8/8, graft_scale: 0.943
[trinity] Epoch 160/200 - Loss: 0.0016, Val Acc: 46.51%, Head: 56.45%, Med: 6.75%, Tail: 0.00% | SO: 8/38, rho: 0.000, nu: 0.079, escape: 0, kfac_inv: 8/8, graft_scale: 0.944
[trinity] Epoch 161/200 - Loss: 0.0010, Val Acc: 46.53%, Head: 56.25%, Med: 7.65%, Tail: 0.00% | SO: 8/38, rho: 0.000, nu: 0.072, escape: 0, kfac_inv: 8/8, graft_scale: 0.932
[trinity] Epoch 162/200 - Loss: 0.0007, Val Acc: 46.87%, Head: 56.56%, Med: 8.10%, Tail: 0.00% | SO: 8/38, rho: 0.000, nu: 0.059, escape: 0, kfac_inv: 8/8, graft_scale: 0.916
[trinity] Epoch 163/200 - Loss: 0.0006, Val Acc: 46.22%, Head: 56.06%, Med: 6.85%, Tail: 0.00% | SO: 8/38, rho: 0.000, nu: 0.053, escape: 0, kfac_inv: 8/8, graft_scale: 0.923
[trinity] Epoch 164/200 - Loss: 0.0005, Val Acc: 46.53%, Head: 56.34%, Med: 7.30%, Tail: 0.00% | SO: 8/38, rho: 0.000, nu: 0.053, escape: 0, kfac_inv: 8/8, graft_scale: 0.905
[trinity] Epoch 165/200 - Loss: 0.0009, Val Acc: 46.30%, Head: 56.15%, Med: 6.90%, Tail: 0.00% | SO: 8/38, rho: 0.000, nu: 0.053, escape: 0, kfac_inv: 8/8, graft_scale: 0.889
[trinity] Epoch 166/200 - Loss: 0.0009, Val Acc: 46.77%, Head: 56.71%, Med: 7.00%, Tail: 0.00% | SO: 8/38, rho: 0.000, nu: 0.053, escape: 0, kfac_inv: 8/8, graft_scale: 0.890
[trinity] Epoch 167/200 - Loss: 0.0009, Val Acc: 46.73%, Head: 56.61%, Med: 7.20%, Tail: 0.00% | SO: 8/38, rho: 0.000, nu: 0.020, escape: 0, kfac_inv: 0/0, graft_scale: 0.885
[trinity] Epoch 168/200 - Loss: 0.0004, Val Acc: 47.20%, Head: 57.23%, Med: 7.10%, Tail: 0.00% | SO: 8/38, rho: 0.000, nu: 0.033, escape: 0, kfac_inv: 8/8, graft_scale: 0.881
[trinity] Epoch 169/200 - Loss: 0.0006, Val Acc: 47.36%, Head: 56.95%, Med: 9.00%, Tail: 0.00% | SO: 8/38, rho: 0.000, nu: 0.072, escape: 0, kfac_inv: 8/8, graft_scale: 0.884
[trinity] Epoch 170/200 - Loss: 0.0004, Val Acc: 47.32%, Head: 57.10%, Med: 8.20%, Tail: 0.00% | SO: 8/38, rho: 0.000, nu: 0.072, escape: 0, kfac_inv: 8/8, graft_scale: 0.889
[trinity] Epoch 171/200 - Loss: 0.0003, Val Acc: 47.02%, Head: 56.83%, Med: 7.80%, Tail: 0.00% | SO: 8/38, rho: 0.000, nu: 0.072, escape: 0, kfac_inv: 8/8, graft_scale: 0.891
[trinity] Epoch 172/200 - Loss: 0.0002, Val Acc: 47.22%, Head: 57.19%, Med: 7.35%, Tail: 0.00% | SO: 8/38, rho: 0.000, nu: 0.072, escape: 0, kfac_inv: 8/8, graft_scale: 0.897
[trinity] Epoch 173/200 - Loss: 0.0006, Val Acc: 46.91%, Head: 56.74%, Med: 7.60%, Tail: 0.00% | SO: 8/38, rho: 0.000, nu: 0.072, escape: 0, kfac_inv: 8/8, graft_scale: 0.894
[trinity] Epoch 174/200 - Loss: 0.0004, Val Acc: 47.07%, Head: 56.88%, Med: 7.85%, Tail: 0.00% | SO: 8/38, rho: 0.000, nu: 0.072, escape: 0, kfac_inv: 8/8, graft_scale: 0.892
[trinity] Epoch 175/200 - Loss: 0.0005, Val Acc: 47.21%, Head: 57.02%, Med: 7.95%, Tail: 0.00% | SO: 8/38, rho: 0.000, nu: 0.059, escape: 0, kfac_inv: 8/8, graft_scale: 0.889
[trinity] Epoch 176/200 - Loss: 0.0003, Val Acc: 46.91%, Head: 56.69%, Med: 7.80%, Tail: 0.00% | SO: 8/38, rho: 0.000, nu: 0.046, escape: 0, kfac_inv: 8/8, graft_scale: 0.892
[trinity] Epoch 177/200 - Loss: 0.0001, Val Acc: 46.91%, Head: 56.81%, Med: 7.30%, Tail: 0.00% | SO: 8/38, rho: 0.000, nu: 0.026, escape: 0, kfac_inv: 8/8, graft_scale: 0.887
[trinity] Epoch 178/200 - Loss: 0.0002, Val Acc: 46.64%, Head: 56.55%, Med: 7.00%, Tail: 0.00% | SO: 8/38, rho: 0.000, nu: 0.039, escape: 0, kfac_inv: 8/8, graft_scale: 0.894
[trinity] Epoch 179/200 - Loss: 0.0001, Val Acc: 46.79%, Head: 56.73%, Med: 7.05%, Tail: 0.00% | SO: 8/38, rho: 0.000, nu: 0.039, escape: 0, kfac_inv: 8/8, graft_scale: 0.889
[trinity] Epoch 180/200 - Loss: 0.0003, Val Acc: 46.12%, Head: 56.06%, Med: 6.35%, Tail: 0.00% | SO: 8/38, rho: 0.000, nu: 0.053, escape: 0, kfac_inv: 8/8, graft_scale: 0.893
[trinity] Epoch 181/200 - Loss: 0.0003, Val Acc: 46.88%, Head: 56.94%, Med: 6.65%, Tail: 0.00% | SO: 8/38, rho: 0.000, nu: 0.053, escape: 0, kfac_inv: 8/8, graft_scale: 0.906
[trinity] Epoch 182/200 - Loss: 0.0002, Val Acc: 46.96%, Head: 57.02%, Med: 6.70%, Tail: 0.00% | SO: 8/38, rho: 0.000, nu: 0.046, escape: 0, kfac_inv: 8/8, graft_scale: 0.903
[trinity] Epoch 183/200 - Loss: 0.0005, Val Acc: 47.14%, Head: 57.21%, Med: 6.85%, Tail: 0.00% | SO: 8/38, rho: 0.000, nu: 0.039, escape: 0, kfac_inv: 8/8, graft_scale: 0.910
[trinity] Epoch 184/200 - Loss: 0.0002, Val Acc: 47.02%, Head: 57.10%, Med: 6.70%, Tail: 0.00% | SO: 8/38, rho: 0.000, nu: 0.033, escape: 0, kfac_inv: 8/8, graft_scale: 0.908
[trinity] Epoch 185/200 - Loss: 0.0005, Val Acc: 46.88%, Head: 56.99%, Med: 6.45%, Tail: 0.00% | SO: 8/38, rho: 0.000, nu: 0.079, escape: 0, kfac_inv: 8/8, graft_scale: 0.913
[trinity] Epoch 186/200 - Loss: 0.0005, Val Acc: 46.63%, Head: 56.69%, Med: 6.40%, Tail: 0.00% | SO: 8/38, rho: 0.000, nu: 0.099, escape: 0, kfac_inv: 8/8, graft_scale: 0.923
[trinity] Epoch 187/200 - Loss: 0.0002, Val Acc: 46.59%, Head: 56.67%, Med: 6.25%, Tail: 0.00% | SO: 8/38, rho: 0.000, nu: 0.086, escape: 0, kfac_inv: 8/8, graft_scale: 0.923
[trinity] Epoch 188/200 - Loss: 0.0002, Val Acc: 46.70%, Head: 56.83%, Med: 6.20%, Tail: 0.00% | SO: 8/38, rho: 0.000, nu: 0.086, escape: 0, kfac_inv: 8/8, graft_scale: 0.923
[trinity] Epoch 189/200 - Loss: 0.0005, Val Acc: 46.77%, Head: 56.91%, Med: 6.20%, Tail: 0.00% | SO: 8/38, rho: 0.000, nu: 0.086, escape: 0, kfac_inv: 8/8, graft_scale: 0.912
[trinity] Epoch 190/200 - Loss: 0.0002, Val Acc: 46.75%, Head: 56.85%, Med: 6.35%, Tail: 0.00% | SO: 8/38, rho: 0.000, nu: 0.099, escape: 0, kfac_inv: 8/8, graft_scale: 0.921
[trinity] Epoch 191/200 - Loss: 0.0001, Val Acc: 46.78%, Head: 56.89%, Med: 6.35%, Tail: 0.00% | SO: 8/38, rho: 0.000, nu: 0.125, escape: 0, kfac_inv: 8/8, graft_scale: 0.910
[trinity] Epoch 192/200 - Loss: 0.0003, Val Acc: 46.71%, Head: 56.80%, Med: 6.35%, Tail: 0.00% | SO: 8/38, rho: 0.000, nu: 0.105, escape: 0, kfac_inv: 8/8, graft_scale: 0.918
[trinity] Epoch 193/200 - Loss: 0.0002, Val Acc: 46.67%, Head: 56.73%, Med: 6.45%, Tail: 0.00% | SO: 8/38, rho: 0.000, nu: 0.079, escape: 0, kfac_inv: 8/8, graft_scale: 0.923
[trinity] Epoch 194/200 - Loss: 0.0001, Val Acc: 46.64%, Head: 56.69%, Med: 6.45%, Tail: 0.00% | SO: 8/38, rho: 0.000, nu: 0.072, escape: 0, kfac_inv: 8/8, graft_scale: 0.919
[trinity] Epoch 195/200 - Loss: 0.0002, Val Acc: 46.73%, Head: 56.79%, Med: 6.50%, Tail: 0.00% | SO: 8/38, rho: 0.000, nu: 0.066, escape: 0, kfac_inv: 8/8, graft_scale: 0.921
[trinity] Epoch 196/200 - Loss: 0.0001, Val Acc: 46.71%, Head: 56.76%, Med: 6.50%, Tail: 0.00% | SO: 8/38, rho: 0.000, nu: 0.066, escape: 0, kfac_inv: 8/8, graft_scale: 0.906
[trinity] Epoch 197/200 - Loss: 0.0001, Val Acc: 46.70%, Head: 56.75%, Med: 6.50%, Tail: 0.00% | SO: 8/38, rho: 0.000, nu: 0.053, escape: 0, kfac_inv: 8/8, graft_scale: 0.908
[trinity] Epoch 198/200 - Loss: 0.0002, Val Acc: 46.68%, Head: 56.74%, Med: 6.45%, Tail: 0.00% | SO: 8/38, rho: 0.000, nu: 0.026, escape: 0, kfac_inv: 8/8, graft_scale: 0.914
[trinity] Epoch 199/200 - Loss: 0.0001, Val Acc: 46.68%, Head: 56.75%, Med: 6.40%, Tail: 0.00% | SO: 8/38, rho: 0.000, nu: 0.020, escape: 0, kfac_inv: 8/8, graft_scale: 0.903
wandb: updating run metadata
wandb: uploading output.log; uploading wandb-summary.json; uploading config.yaml
wandb: uploading wandb-summary.json; uploading config.yaml
wandb: uploading data
wandb: 
wandb: Run history:
wandb:                       epoch ▁▁▁▁▂▂▂▂▂▂▃▃▃▃▃▄▄▄▄▄▄▄▄▅▅▅▅▆▆▆▆▆▆▆▇▇▇▇██
wandb:                   train/acc ▁▂▂▂▂▃▄▅▅▅▅▅▆▆▆▇▇▇▇▇▇███████████████████
wandb:                  train/loss █▆▆▆▅▃▂▂▂▂▂▂▁▁▁▁▁▁▁▁▁▁▁▁▁▁▁▁▁▁▁▁▁▁▁▁▁▁▁▁
wandb:       trinity/blocks_probed ▁▁█▁▁█▁▁▁▁▁▁▁█▁▁▁▁▁▁▁▁▁▁██▁█▁▁█▁▁▁▁█▁▁▁▁
wandb:        trinity/escape_fires ▁▁▁▁▁▁▁▁▁▁▁▁▁▁▁▁▁▁▁▁▁▁▁▁▁▁▁▁▁▁▁▁▁▁▁▁▁▁▁▁
wandb:  trinity/grafting_scale_max ▁▁▁▁█▆▁▁▁▁▁▁▂▁▁▁▁▁▁▁▁▁▁▁▁▁▁▁▁▁▁▁▂▄▁▁▁▁▁▁
wandb: trinity/grafting_scale_mean ██▆▃▂▁▃▂▂▂▂▂▂▂▃▁▂▃▄▄▄▄▄▄▄▅▄▃▃▄▅▄▄▃▁▁▁▂▂▃
wandb:  trinity/grafting_scale_min ██▂▂▂▂▂▂▂▂▂▂▂▂▂▂▂▂▂▂▂▂▂▂▂▂▂▂▂▃▃▃▂▂▂▁▂▃▂▂
wandb:       trinity/kfac_inv_fail ▁▁▁▁▁▁▁▁▁▁▁▁▁▁▁▁▁▁▁▁▁▁▁▁▁▁▁▁▁▁▁▁▁▁▁▁▁▁▁▁
wandb:    trinity/kfac_inv_success ▁█████████▁█████████████████████████████
wandb:                         +13 ...
wandb: 
wandb: Run summary:
wandb:                       epoch 200
wandb:                   train/acc 100
wandb:                  train/loss 0.00024
wandb:       trinity/blocks_probed 4
wandb:        trinity/escape_fires 0
wandb:  trinity/grafting_scale_max 1
wandb: trinity/grafting_scale_mean 0.91263
wandb:  trinity/grafting_scale_min 0.20522
wandb:       trinity/kfac_inv_fail 0
wandb:    trinity/kfac_inv_success 8
wandb:                         +13 ...
wandb: 
wandb: 🚀 View run trinity_no_escape at: https://wandb.ai/dcll-iiitd/ablation-new-transformer/runs/ou4r4puj
wandb: ⭐️ View project at: https://wandb.ai/dcll-iiitd/ablation-new-transformer
wandb: Synced 5 W&B file(s), 0 media file(s), 0 artifact file(s) and 0 other file(s)
wandb: Find logs at: ./wandb/run-20260910_203334-ou4r4puj/logs
[trinity] Epoch 200/200 - Loss: 0.0002, Val Acc: 46.72%, Head: 56.80%, Med: 6.40%, Tail: 0.00% | SO: 8/38, rho: 0.000, nu: 0.013, escape: 0, kfac_inv: 8/8, graft_scale: 0.913
wandb: [wandb.login()] Loaded credentials for https://api.wandb.ai from /home/anant/.netrc.
wandb: Currently logged in as: anant-jain (dcll-iiitd) to https://api.wandb.ai. Use `wandb login --relogin` to force relogin
wandb: setting up run nhosp04s
wandb: Tracking run with wandb version 0.29.0
wandb: Run data is saved locally in /home/anant/update-trinity/Trinity-opt-DSAA2026/wandb/run-20260910_205441-nhosp04s
wandb: Run `wandb offline` to turn off syncing.
wandb: Syncing run trinity_no_gc
wandb: ⭐️ View project at https://wandb.ai/dcll-iiitd/ablation-new-transformer
wandb: 🚀 View run at https://wandb.ai/dcll-iiitd/ablation-new-transformer/runs/nhosp04s
[*] Generated Long-Tailed CIFAR-10 (Imbalance: 0.01). Total train samples: 12406
<sys>:0: UserWarning: Full backward hook is firing when gradients are computed with respect to module outputs since no inputs require gradients. See https://docs.pytorch.org/docs/main/generated/torch.nn.Module.html#torch.nn.Module.register_full_backward_hook for more details.
[trinity] Epoch 1/200 - Loss: 1.5023, Val Acc: 19.03%, Head: 23.79%, Med: 0.00%, Tail: 0.00% | SO: 0/38, rho: 0.937, nu: 0.000, escape: 0, kfac_inv: 0/0, graft_scale: 1.000
[trinity] Epoch 2/200 - Loss: 1.2521, Val Acc: 21.59%, Head: 26.99%, Med: 0.00%, Tail: 0.00% | SO: 0/38, rho: 0.874, nu: 0.007, escape: 0, kfac_inv: 0/0, graft_scale: 1.000
[trinity] Epoch 3/200 - Loss: 1.1540, Val Acc: 23.91%, Head: 29.89%, Med: 0.00%, Tail: 0.00% | SO: 0/38, rho: 0.811, nu: 0.039, escape: 0, kfac_inv: 0/0, graft_scale: 1.000
[trinity] Epoch 4/200 - Loss: 1.0880, Val Acc: 21.86%, Head: 27.32%, Med: 0.00%, Tail: 0.00% | SO: 0/38, rho: 0.684, nu: 0.132, escape: 0, kfac_inv: 0/0, graft_scale: 1.000
[trinity] Epoch 5/200 - Loss: 1.0366, Val Acc: 27.08%, Head: 33.85%, Med: 0.00%, Tail: 0.00% | SO: 0/38, rho: 0.621, nu: 0.145, escape: 0, kfac_inv: 0/0, graft_scale: 1.000
[trinity] Epoch 6/200 - Loss: 1.0097, Val Acc: 26.79%, Head: 33.49%, Med: 0.00%, Tail: 0.00% | SO: 0/38, rho: 0.558, nu: 0.191, escape: 0, kfac_inv: 0/0, graft_scale: 1.000
[trinity] Epoch 7/200 - Loss: 0.9690, Val Acc: 33.17%, Head: 41.46%, Med: 0.00%, Tail: 0.00% | SO: 0/38, rho: 0.432, nu: 0.270, escape: 0, kfac_inv: 0/0, graft_scale: 1.000
[trinity] Epoch 8/200 - Loss: 0.9422, Val Acc: 29.52%, Head: 36.90%, Med: 0.00%, Tail: 0.00% | SO: 2/38, rho: 0.388, nu: 0.296, escape: 0, kfac_inv: 0/0, graft_scale: 1.000
[trinity] Epoch 9/200 - Loss: 0.9152, Val Acc: 29.32%, Head: 36.65%, Med: 0.00%, Tail: 0.00% | SO: 6/38, rho: 0.362, nu: 0.296, escape: 0, kfac_inv: 2/2, graft_scale: 0.977
[trinity] Epoch 10/200 - Loss: 0.8833, Val Acc: 30.03%, Head: 37.54%, Med: 0.00%, Tail: 0.00% | SO: 8/38, rho: 0.337, nu: 0.283, escape: 0, kfac_inv: 8/8, graft_scale: 0.906
[trinity] Epoch 11/200 - Loss: 0.8559, Val Acc: 33.33%, Head: 41.66%, Med: 0.00%, Tail: 0.00% | SO: 8/38, rho: 0.287, nu: 0.322, escape: 0, kfac_inv: 8/8, graft_scale: 0.904
[trinity] Epoch 12/200 - Loss: 0.8543, Val Acc: 32.24%, Head: 40.30%, Med: 0.00%, Tail: 0.00% | SO: 8/38, rho: 0.261, nu: 0.276, escape: 0, kfac_inv: 8/8, graft_scale: 0.912
[trinity] Epoch 13/200 - Loss: 0.8265, Val Acc: 32.59%, Head: 40.74%, Med: 0.00%, Tail: 0.00% | SO: 8/38, rho: 0.236, nu: 0.270, escape: 0, kfac_inv: 8/8, graft_scale: 0.903
[trinity] Epoch 14/200 - Loss: 0.8163, Val Acc: 35.15%, Head: 43.94%, Med: 0.00%, Tail: 0.00% | SO: 8/38, rho: 0.186, nu: 0.316, escape: 0, kfac_inv: 8/8, graft_scale: 0.908
[trinity] Epoch 15/200 - Loss: 0.8059, Val Acc: 35.33%, Head: 44.16%, Med: 0.00%, Tail: 0.00% | SO: 8/38, rho: 0.160, nu: 0.316, escape: 0, kfac_inv: 8/8, graft_scale: 0.920
[trinity] Epoch 16/200 - Loss: 0.7822, Val Acc: 33.20%, Head: 41.50%, Med: 0.00%, Tail: 0.00% | SO: 8/38, rho: 0.150, nu: 0.296, escape: 0, kfac_inv: 8/8, graft_scale: 0.917
[trinity] Epoch 17/200 - Loss: 0.7738, Val Acc: 40.90%, Head: 50.98%, Med: 0.60%, Tail: 0.00% | SO: 8/38, rho: 0.140, nu: 0.303, escape: 0, kfac_inv: 8/8, graft_scale: 0.899
[trinity] Epoch 18/200 - Loss: 0.7628, Val Acc: 38.77%, Head: 48.08%, Med: 1.55%, Tail: 0.00% | SO: 8/38, rho: 0.120, nu: 0.309, escape: 0, kfac_inv: 8/8, graft_scale: 0.896
[trinity] Epoch 19/200 - Loss: 0.7489, Val Acc: 39.73%, Head: 49.52%, Med: 0.55%, Tail: 0.00% | SO: 8/38, rho: 0.110, nu: 0.329, escape: 0, kfac_inv: 8/8, graft_scale: 0.902
[trinity] Epoch 20/200 - Loss: 0.7332, Val Acc: 35.15%, Head: 43.80%, Med: 0.55%, Tail: 0.00% | SO: 8/38, rho: 0.100, nu: 0.309, escape: 0, kfac_inv: 8/8, graft_scale: 0.907
[trinity] Epoch 21/200 - Loss: 0.7401, Val Acc: 39.84%, Head: 49.50%, Med: 1.20%, Tail: 0.00% | SO: 8/38, rho: 0.079, nu: 0.276, escape: 0, kfac_inv: 8/8, graft_scale: 0.917
[trinity] Epoch 22/200 - Loss: 0.7108, Val Acc: 37.30%, Head: 45.79%, Med: 3.35%, Tail: 0.00% | SO: 8/38, rho: 0.069, nu: 0.276, escape: 0, kfac_inv: 8/8, graft_scale: 0.891
[trinity] Epoch 23/200 - Loss: 0.7061, Val Acc: 40.16%, Head: 49.95%, Med: 1.00%, Tail: 0.00% | SO: 8/38, rho: 0.062, nu: 0.316, escape: 0, kfac_inv: 8/8, graft_scale: 0.901
[trinity] Epoch 24/200 - Loss: 0.6927, Val Acc: 42.70%, Head: 51.49%, Med: 7.55%, Tail: 0.00% | SO: 8/38, rho: 0.054, nu: 0.296, escape: 0, kfac_inv: 8/8, graft_scale: 0.894
[trinity] Epoch 25/200 - Loss: 0.6701, Val Acc: 42.64%, Head: 51.52%, Med: 7.10%, Tail: 0.00% | SO: 8/38, rho: 0.050, nu: 0.316, escape: 0, kfac_inv: 8/8, graft_scale: 0.891
[trinity] Epoch 26/200 - Loss: 0.6664, Val Acc: 40.06%, Head: 49.44%, Med: 2.55%, Tail: 0.00% | SO: 8/38, rho: 0.046, nu: 0.270, escape: 0, kfac_inv: 8/8, graft_scale: 0.902
[trinity] Epoch 27/200 - Loss: 0.6549, Val Acc: 38.12%, Head: 46.62%, Med: 4.10%, Tail: 0.00% | SO: 8/38, rho: 0.042, nu: 0.276, escape: 0, kfac_inv: 8/8, graft_scale: 0.901
[trinity] Epoch 28/200 - Loss: 0.6426, Val Acc: 42.33%, Head: 52.24%, Med: 2.70%, Tail: 0.00% | SO: 8/38, rho: 0.034, nu: 0.250, escape: 0, kfac_inv: 8/8, graft_scale: 0.903
[trinity] Epoch 29/200 - Loss: 0.6329, Val Acc: 40.81%, Head: 50.33%, Med: 2.75%, Tail: 0.00% | SO: 8/38, rho: 0.030, nu: 0.283, escape: 0, kfac_inv: 8/8, graft_scale: 0.909
[trinity] Epoch 30/200 - Loss: 0.6353, Val Acc: 43.72%, Head: 53.44%, Med: 4.85%, Tail: 0.00% | SO: 8/38, rho: 0.026, nu: 0.204, escape: 0, kfac_inv: 8/8, graft_scale: 0.876
[trinity] Epoch 31/200 - Loss: 0.6137, Val Acc: 43.83%, Head: 52.09%, Med: 10.80%, Tail: 0.00% | SO: 8/38, rho: 0.023, nu: 0.230, escape: 0, kfac_inv: 8/8, graft_scale: 0.883
[trinity] Epoch 32/200 - Loss: 0.6060, Val Acc: 42.87%, Head: 51.98%, Med: 6.45%, Tail: 0.00% | SO: 8/38, rho: 0.021, nu: 0.204, escape: 0, kfac_inv: 8/8, graft_scale: 0.890
[trinity] Epoch 33/200 - Loss: 0.5872, Val Acc: 41.14%, Head: 50.04%, Med: 5.55%, Tail: 0.00% | SO: 8/38, rho: 0.020, nu: 0.164, escape: 0, kfac_inv: 8/8, graft_scale: 0.890
[trinity] Epoch 34/200 - Loss: 0.5726, Val Acc: 46.00%, Head: 55.40%, Med: 8.40%, Tail: 0.00% | SO: 8/38, rho: 0.018, nu: 0.164, escape: 0, kfac_inv: 0/0, graft_scale: 0.907
[trinity] Epoch 35/200 - Loss: 0.5612, Val Acc: 45.24%, Head: 54.54%, Med: 8.05%, Tail: 0.00% | SO: 8/38, rho: 0.015, nu: 0.197, escape: 0, kfac_inv: 8/8, graft_scale: 0.887
[trinity] Epoch 36/200 - Loss: 0.5583, Val Acc: 40.46%, Head: 49.41%, Med: 4.65%, Tail: 0.00% | SO: 8/38, rho: 0.013, nu: 0.211, escape: 0, kfac_inv: 8/8, graft_scale: 0.893
[trinity] Epoch 37/200 - Loss: 0.5374, Val Acc: 44.39%, Head: 52.86%, Med: 10.50%, Tail: 0.00% | SO: 8/38, rho: 0.012, nu: 0.204, escape: 0, kfac_inv: 8/8, graft_scale: 0.897
[trinity] Epoch 38/200 - Loss: 0.5227, Val Acc: 43.87%, Head: 53.46%, Med: 5.50%, Tail: 0.00% | SO: 8/38, rho: 0.010, nu: 0.211, escape: 0, kfac_inv: 8/8, graft_scale: 0.895
[trinity] Epoch 39/200 - Loss: 0.5126, Val Acc: 46.37%, Head: 54.27%, Med: 14.75%, Tail: 0.00% | SO: 8/38, rho: 0.009, nu: 0.197, escape: 0, kfac_inv: 8/8, graft_scale: 0.903
[trinity] Epoch 40/200 - Loss: 0.4952, Val Acc: 44.54%, Head: 53.74%, Med: 7.75%, Tail: 0.00% | SO: 8/38, rho: 0.009, nu: 0.171, escape: 0, kfac_inv: 8/8, graft_scale: 0.897
[trinity] Epoch 41/200 - Loss: 0.4857, Val Acc: 45.43%, Head: 53.58%, Med: 12.85%, Tail: 0.00% | SO: 8/38, rho: 0.007, nu: 0.211, escape: 0, kfac_inv: 8/8, graft_scale: 0.900
[trinity] Epoch 42/200 - Loss: 0.4640, Val Acc: 46.34%, Head: 54.84%, Med: 12.35%, Tail: 0.00% | SO: 8/38, rho: 0.007, nu: 0.164, escape: 0, kfac_inv: 8/8, graft_scale: 0.899
[trinity] Epoch 43/200 - Loss: 0.4540, Val Acc: 45.35%, Head: 54.96%, Med: 6.90%, Tail: 0.00% | SO: 8/38, rho: 0.006, nu: 0.184, escape: 0, kfac_inv: 8/8, graft_scale: 0.902
[trinity] Epoch 44/200 - Loss: 0.4269, Val Acc: 45.67%, Head: 55.46%, Med: 6.50%, Tail: 0.00% | SO: 8/38, rho: 0.005, nu: 0.191, escape: 0, kfac_inv: 8/8, graft_scale: 0.897
[trinity] Epoch 45/200 - Loss: 0.4252, Val Acc: 44.56%, Head: 54.55%, Med: 4.60%, Tail: 0.00% | SO: 8/38, rho: 0.004, nu: 0.243, escape: 0, kfac_inv: 8/8, graft_scale: 0.899
[trinity] Epoch 46/200 - Loss: 0.4058, Val Acc: 43.94%, Head: 53.99%, Med: 3.75%, Tail: 0.00% | SO: 8/38, rho: 0.004, nu: 0.224, escape: 0, kfac_inv: 8/8, graft_scale: 0.894
[trinity] Epoch 47/200 - Loss: 0.3925, Val Acc: 46.52%, Head: 55.19%, Med: 11.85%, Tail: 0.00% | SO: 8/38, rho: 0.004, nu: 0.270, escape: 0, kfac_inv: 8/8, graft_scale: 0.896
[trinity] Epoch 48/200 - Loss: 0.3757, Val Acc: 43.44%, Head: 51.02%, Med: 13.10%, Tail: 0.00% | SO: 8/38, rho: 0.003, nu: 0.270, escape: 0, kfac_inv: 8/8, graft_scale: 0.894
[trinity] Epoch 49/200 - Loss: 0.3628, Val Acc: 47.77%, Head: 56.39%, Med: 13.30%, Tail: 0.00% | SO: 8/38, rho: 0.003, nu: 0.270, escape: 0, kfac_inv: 8/8, graft_scale: 0.895
[trinity] Epoch 50/200 - Loss: 0.3492, Val Acc: 45.47%, Head: 53.94%, Med: 11.60%, Tail: 0.00% | SO: 8/38, rho: 0.003, nu: 0.257, escape: 0, kfac_inv: 8/8, graft_scale: 0.901
[trinity] Epoch 51/200 - Loss: 0.3391, Val Acc: 46.47%, Head: 56.11%, Med: 7.90%, Tail: 0.00% | SO: 8/38, rho: 0.002, nu: 0.204, escape: 0, kfac_inv: 8/8, graft_scale: 0.892
[trinity] Epoch 52/200 - Loss: 0.3158, Val Acc: 44.97%, Head: 53.79%, Med: 9.70%, Tail: 0.00% | SO: 8/38, rho: 0.002, nu: 0.145, escape: 0, kfac_inv: 8/8, graft_scale: 0.893
[trinity] Epoch 53/200 - Loss: 0.3062, Val Acc: 46.32%, Head: 56.61%, Med: 5.15%, Tail: 0.00% | SO: 8/38, rho: 0.002, nu: 0.132, escape: 0, kfac_inv: 8/8, graft_scale: 0.889
[trinity] Epoch 54/200 - Loss: 0.2860, Val Acc: 48.06%, Head: 56.56%, Med: 14.05%, Tail: 0.00% | SO: 8/38, rho: 0.002, nu: 0.118, escape: 0, kfac_inv: 8/8, graft_scale: 0.890
[trinity] Epoch 55/200 - Loss: 0.2719, Val Acc: 46.83%, Head: 55.56%, Med: 11.90%, Tail: 0.00% | SO: 8/38, rho: 0.001, nu: 0.092, escape: 0, kfac_inv: 8/8, graft_scale: 0.893
[trinity] Epoch 56/200 - Loss: 0.2790, Val Acc: 46.91%, Head: 55.35%, Med: 13.15%, Tail: 0.00% | SO: 8/38, rho: 0.001, nu: 0.099, escape: 0, kfac_inv: 8/8, graft_scale: 0.883
[trinity] Epoch 57/200 - Loss: 0.2496, Val Acc: 47.22%, Head: 55.36%, Med: 14.65%, Tail: 0.00% | SO: 8/38, rho: 0.001, nu: 0.086, escape: 0, kfac_inv: 8/8, graft_scale: 0.882
[trinity] Epoch 58/200 - Loss: 0.2369, Val Acc: 46.09%, Head: 55.02%, Med: 10.35%, Tail: 0.00% | SO: 8/38, rho: 0.001, nu: 0.112, escape: 0, kfac_inv: 8/8, graft_scale: 0.892
[trinity] Epoch 59/200 - Loss: 0.2362, Val Acc: 46.18%, Head: 54.55%, Med: 12.70%, Tail: 0.00% | SO: 8/38, rho: 0.001, nu: 0.105, escape: 0, kfac_inv: 8/8, graft_scale: 0.888
[trinity] Epoch 60/200 - Loss: 0.2169, Val Acc: 47.68%, Head: 56.19%, Med: 13.65%, Tail: 0.00% | SO: 8/38, rho: 0.001, nu: 0.105, escape: 0, kfac_inv: 8/8, graft_scale: 0.887
[trinity] Epoch 61/200 - Loss: 0.2052, Val Acc: 46.48%, Head: 54.24%, Med: 15.45%, Tail: 0.00% | SO: 8/38, rho: 0.001, nu: 0.112, escape: 0, kfac_inv: 8/8, graft_scale: 0.891
[trinity] Epoch 62/200 - Loss: 0.1950, Val Acc: 45.36%, Head: 53.77%, Med: 11.70%, Tail: 0.00% | SO: 8/38, rho: 0.001, nu: 0.105, escape: 0, kfac_inv: 8/8, graft_scale: 0.893
[trinity] Epoch 63/200 - Loss: 0.1866, Val Acc: 48.20%, Head: 56.19%, Med: 16.25%, Tail: 0.00% | SO: 8/38, rho: 0.001, nu: 0.079, escape: 0, kfac_inv: 8/8, graft_scale: 0.887
[trinity] Epoch 64/200 - Loss: 0.1772, Val Acc: 45.73%, Head: 54.36%, Med: 11.20%, Tail: 0.00% | SO: 8/38, rho: 0.001, nu: 0.092, escape: 0, kfac_inv: 8/8, graft_scale: 0.884
[trinity] Epoch 65/200 - Loss: 0.1718, Val Acc: 47.67%, Head: 55.89%, Med: 14.80%, Tail: 0.00% | SO: 8/38, rho: 0.001, nu: 0.059, escape: 0, kfac_inv: 8/8, graft_scale: 0.887
[trinity] Epoch 66/200 - Loss: 0.1626, Val Acc: 48.65%, Head: 57.54%, Med: 13.10%, Tail: 0.00% | SO: 8/38, rho: 0.001, nu: 0.072, escape: 0, kfac_inv: 8/8, graft_scale: 0.894
[trinity] Epoch 67/200 - Loss: 0.1545, Val Acc: 45.86%, Head: 52.67%, Med: 18.60%, Tail: 0.00% | SO: 8/38, rho: 0.001, nu: 0.112, escape: 0, kfac_inv: 0/0, graft_scale: 0.887
[trinity] Epoch 68/200 - Loss: 0.1543, Val Acc: 46.00%, Head: 54.34%, Med: 12.65%, Tail: 0.00% | SO: 8/38, rho: 0.001, nu: 0.118, escape: 0, kfac_inv: 8/8, graft_scale: 0.888
[trinity] Epoch 69/200 - Loss: 0.1419, Val Acc: 45.77%, Head: 55.46%, Med: 7.00%, Tail: 0.00% | SO: 8/38, rho: 0.001, nu: 0.138, escape: 0, kfac_inv: 8/8, graft_scale: 0.884
[trinity] Epoch 70/200 - Loss: 0.1272, Val Acc: 47.41%, Head: 55.01%, Med: 17.00%, Tail: 0.00% | SO: 8/38, rho: 0.001, nu: 0.171, escape: 0, kfac_inv: 8/8, graft_scale: 0.883
[trinity] Epoch 71/200 - Loss: 0.1300, Val Acc: 47.21%, Head: 55.55%, Med: 13.85%, Tail: 0.00% | SO: 8/38, rho: 0.001, nu: 0.164, escape: 0, kfac_inv: 8/8, graft_scale: 0.890
[trinity] Epoch 72/200 - Loss: 0.1242, Val Acc: 47.99%, Head: 55.90%, Med: 16.35%, Tail: 0.00% | SO: 8/38, rho: 0.000, nu: 0.197, escape: 0, kfac_inv: 8/8, graft_scale: 0.897
[trinity] Epoch 73/200 - Loss: 0.1219, Val Acc: 47.54%, Head: 55.77%, Med: 14.60%, Tail: 0.00% | SO: 8/38, rho: 0.001, nu: 0.178, escape: 0, kfac_inv: 8/8, graft_scale: 0.903
[trinity] Epoch 74/200 - Loss: 0.1179, Val Acc: 49.09%, Head: 57.50%, Med: 15.45%, Tail: 0.00% | SO: 8/38, rho: 0.000, nu: 0.151, escape: 0, kfac_inv: 8/8, graft_scale: 0.908
[trinity] Epoch 75/200 - Loss: 0.1058, Val Acc: 48.08%, Head: 55.26%, Med: 19.35%, Tail: 0.00% | SO: 8/38, rho: 0.000, nu: 0.158, escape: 0, kfac_inv: 8/8, graft_scale: 0.906
[trinity] Epoch 76/200 - Loss: 0.1040, Val Acc: 48.25%, Head: 55.50%, Med: 19.25%, Tail: 0.00% | SO: 8/38, rho: 0.000, nu: 0.145, escape: 0, kfac_inv: 8/8, graft_scale: 0.904
[trinity] Epoch 77/200 - Loss: 0.0932, Val Acc: 46.68%, Head: 54.95%, Med: 13.60%, Tail: 0.00% | SO: 8/38, rho: 0.000, nu: 0.118, escape: 0, kfac_inv: 8/8, graft_scale: 0.898
[trinity] Epoch 78/200 - Loss: 0.0967, Val Acc: 47.46%, Head: 55.19%, Med: 16.55%, Tail: 0.00% | SO: 8/38, rho: 0.000, nu: 0.092, escape: 0, kfac_inv: 8/8, graft_scale: 0.898
[trinity] Epoch 79/200 - Loss: 0.0872, Val Acc: 47.72%, Head: 56.19%, Med: 13.85%, Tail: 0.00% | SO: 8/38, rho: 0.000, nu: 0.105, escape: 0, kfac_inv: 8/8, graft_scale: 0.907
[trinity] Epoch 80/200 - Loss: 0.0855, Val Acc: 48.18%, Head: 56.73%, Med: 14.00%, Tail: 0.00% | SO: 8/38, rho: 0.000, nu: 0.079, escape: 0, kfac_inv: 8/8, graft_scale: 0.904
[trinity] Epoch 81/200 - Loss: 0.0802, Val Acc: 46.09%, Head: 54.49%, Med: 12.50%, Tail: 0.00% | SO: 8/38, rho: 0.000, nu: 0.092, escape: 0, kfac_inv: 8/8, graft_scale: 0.901
[trinity] Epoch 82/200 - Loss: 0.0814, Val Acc: 47.24%, Head: 55.92%, Med: 12.50%, Tail: 0.00% | SO: 8/38, rho: 0.000, nu: 0.086, escape: 0, kfac_inv: 8/8, graft_scale: 0.907
[trinity] Epoch 83/200 - Loss: 0.0720, Val Acc: 46.67%, Head: 54.59%, Med: 15.00%, Tail: 0.00% | SO: 8/38, rho: 0.000, nu: 0.092, escape: 0, kfac_inv: 8/8, graft_scale: 0.903
[trinity] Epoch 84/200 - Loss: 0.0736, Val Acc: 46.36%, Head: 55.39%, Med: 10.25%, Tail: 0.00% | SO: 8/38, rho: 0.000, nu: 0.099, escape: 0, kfac_inv: 8/8, graft_scale: 0.914
[trinity] Epoch 85/200 - Loss: 0.0705, Val Acc: 46.23%, Head: 55.50%, Med: 9.15%, Tail: 0.00% | SO: 8/38, rho: 0.000, nu: 0.092, escape: 0, kfac_inv: 8/8, graft_scale: 0.926
[trinity] Epoch 86/200 - Loss: 0.0700, Val Acc: 49.27%, Head: 58.05%, Med: 14.15%, Tail: 0.00% | SO: 8/38, rho: 0.000, nu: 0.079, escape: 0, kfac_inv: 8/8, graft_scale: 0.912
[trinity] Epoch 87/200 - Loss: 0.0624, Val Acc: 48.34%, Head: 58.19%, Med: 8.95%, Tail: 0.00% | SO: 8/38, rho: 0.000, nu: 0.092, escape: 0, kfac_inv: 8/8, graft_scale: 0.918
[trinity] Epoch 88/200 - Loss: 0.0675, Val Acc: 47.42%, Head: 56.74%, Med: 10.15%, Tail: 0.00% | SO: 8/38, rho: 0.000, nu: 0.118, escape: 0, kfac_inv: 8/8, graft_scale: 0.919
[trinity] Epoch 89/200 - Loss: 0.0611, Val Acc: 48.12%, Head: 56.83%, Med: 13.30%, Tail: 0.00% | SO: 8/38, rho: 0.000, nu: 0.138, escape: 0, kfac_inv: 8/8, graft_scale: 0.922
[trinity] Epoch 90/200 - Loss: 0.0521, Val Acc: 46.18%, Head: 55.24%, Med: 9.95%, Tail: 0.00% | SO: 8/38, rho: 0.000, nu: 0.145, escape: 0, kfac_inv: 8/8, graft_scale: 0.933
[trinity] Epoch 91/200 - Loss: 0.0536, Val Acc: 47.48%, Head: 55.94%, Med: 13.65%, Tail: 0.00% | SO: 8/38, rho: 0.000, nu: 0.132, escape: 0, kfac_inv: 8/8, graft_scale: 0.938
[trinity] Epoch 92/200 - Loss: 0.0568, Val Acc: 47.13%, Head: 56.34%, Med: 10.30%, Tail: 0.00% | SO: 8/38, rho: 0.000, nu: 0.132, escape: 0, kfac_inv: 8/8, graft_scale: 0.943
[trinity] Epoch 93/200 - Loss: 0.0531, Val Acc: 47.44%, Head: 56.79%, Med: 10.05%, Tail: 0.00% | SO: 8/38, rho: 0.000, nu: 0.132, escape: 0, kfac_inv: 8/8, graft_scale: 0.939
[trinity] Epoch 94/200 - Loss: 0.0465, Val Acc: 46.37%, Head: 55.61%, Med: 9.40%, Tail: 0.00% | SO: 8/38, rho: 0.000, nu: 0.138, escape: 0, kfac_inv: 8/8, graft_scale: 0.938
[trinity] Epoch 95/200 - Loss: 0.0430, Val Acc: 46.68%, Head: 55.64%, Med: 10.85%, Tail: 0.00% | SO: 8/38, rho: 0.000, nu: 0.099, escape: 0, kfac_inv: 8/8, graft_scale: 0.936
[trinity] Epoch 96/200 - Loss: 0.0451, Val Acc: 47.28%, Head: 56.14%, Med: 11.85%, Tail: 0.00% | SO: 8/38, rho: 0.000, nu: 0.112, escape: 0, kfac_inv: 8/8, graft_scale: 0.944
[trinity] Epoch 97/200 - Loss: 0.0436, Val Acc: 46.43%, Head: 53.90%, Med: 16.55%, Tail: 0.00% | SO: 8/38, rho: 0.000, nu: 0.118, escape: 0, kfac_inv: 8/8, graft_scale: 0.946
[trinity] Epoch 98/200 - Loss: 0.0466, Val Acc: 47.44%, Head: 56.34%, Med: 11.85%, Tail: 0.00% | SO: 8/38, rho: 0.000, nu: 0.112, escape: 0, kfac_inv: 8/8, graft_scale: 0.942
[trinity] Epoch 99/200 - Loss: 0.0384, Val Acc: 45.88%, Head: 54.23%, Med: 12.50%, Tail: 0.00% | SO: 8/38, rho: 0.000, nu: 0.112, escape: 0, kfac_inv: 8/8, graft_scale: 0.942
[trinity] Epoch 100/200 - Loss: 0.0421, Val Acc: 45.73%, Head: 55.50%, Med: 6.65%, Tail: 0.00% | SO: 8/38, rho: 0.000, nu: 0.132, escape: 0, kfac_inv: 8/8, graft_scale: 0.924
[trinity] Epoch 101/200 - Loss: 0.0402, Val Acc: 47.96%, Head: 56.35%, Med: 14.40%, Tail: 0.00% | SO: 8/38, rho: 0.000, nu: 0.145, escape: 0, kfac_inv: 0/0, graft_scale: 0.926
[trinity] Epoch 102/200 - Loss: 0.0362, Val Acc: 48.12%, Head: 57.30%, Med: 11.40%, Tail: 0.00% | SO: 8/38, rho: 0.000, nu: 0.164, escape: 0, kfac_inv: 8/8, graft_scale: 0.929
[trinity] Epoch 103/200 - Loss: 0.0371, Val Acc: 45.63%, Head: 54.45%, Med: 10.35%, Tail: 0.00% | SO: 8/38, rho: 0.000, nu: 0.125, escape: 0, kfac_inv: 8/8, graft_scale: 0.916
[trinity] Epoch 104/200 - Loss: 0.0295, Val Acc: 47.55%, Head: 57.05%, Med: 9.55%, Tail: 0.00% | SO: 8/38, rho: 0.000, nu: 0.125, escape: 0, kfac_inv: 8/8, graft_scale: 0.927
[trinity] Epoch 105/200 - Loss: 0.0313, Val Acc: 46.24%, Head: 54.99%, Med: 11.25%, Tail: 0.00% | SO: 8/38, rho: 0.000, nu: 0.099, escape: 0, kfac_inv: 8/8, graft_scale: 0.926
[trinity] Epoch 106/200 - Loss: 0.0324, Val Acc: 47.26%, Head: 56.01%, Med: 12.25%, Tail: 0.00% | SO: 8/38, rho: 0.000, nu: 0.118, escape: 0, kfac_inv: 8/8, graft_scale: 0.928
[trinity] Epoch 107/200 - Loss: 0.0311, Val Acc: 46.32%, Head: 56.38%, Med: 6.10%, Tail: 0.00% | SO: 8/38, rho: 0.000, nu: 0.112, escape: 0, kfac_inv: 8/8, graft_scale: 0.920
[trinity] Epoch 108/200 - Loss: 0.0309, Val Acc: 47.37%, Head: 56.20%, Med: 12.05%, Tail: 0.00% | SO: 8/38, rho: 0.000, nu: 0.099, escape: 0, kfac_inv: 8/8, graft_scale: 0.908
[trinity] Epoch 109/200 - Loss: 0.0250, Val Acc: 46.03%, Head: 55.25%, Med: 9.15%, Tail: 0.00% | SO: 8/38, rho: 0.000, nu: 0.086, escape: 0, kfac_inv: 8/8, graft_scale: 0.916
[trinity] Epoch 110/200 - Loss: 0.0291, Val Acc: 46.72%, Head: 54.71%, Med: 14.75%, Tail: 0.00% | SO: 8/38, rho: 0.000, nu: 0.132, escape: 0, kfac_inv: 8/8, graft_scale: 0.914
[trinity] Epoch 111/200 - Loss: 0.0201, Val Acc: 47.77%, Head: 56.27%, Med: 13.75%, Tail: 0.00% | SO: 8/38, rho: 0.000, nu: 0.132, escape: 0, kfac_inv: 8/8, graft_scale: 0.918
[trinity] Epoch 112/200 - Loss: 0.0274, Val Acc: 47.78%, Head: 56.60%, Med: 12.50%, Tail: 0.00% | SO: 8/38, rho: 0.000, nu: 0.138, escape: 0, kfac_inv: 8/8, graft_scale: 0.927
[trinity] Epoch 113/200 - Loss: 0.0228, Val Acc: 47.22%, Head: 56.45%, Med: 10.30%, Tail: 0.00% | SO: 8/38, rho: 0.000, nu: 0.151, escape: 0, kfac_inv: 8/8, graft_scale: 0.933
[trinity] Epoch 114/200 - Loss: 0.0252, Val Acc: 47.04%, Head: 55.56%, Med: 12.95%, Tail: 0.00% | SO: 8/38, rho: 0.000, nu: 0.132, escape: 0, kfac_inv: 8/8, graft_scale: 0.918
[trinity] Epoch 115/200 - Loss: 0.0222, Val Acc: 47.09%, Head: 54.23%, Med: 18.55%, Tail: 0.00% | SO: 8/38, rho: 0.000, nu: 0.118, escape: 0, kfac_inv: 8/8, graft_scale: 0.921
[trinity] Epoch 116/200 - Loss: 0.0176, Val Acc: 47.66%, Head: 56.31%, Med: 13.05%, Tail: 0.00% | SO: 8/38, rho: 0.000, nu: 0.105, escape: 0, kfac_inv: 8/8, graft_scale: 0.916
[trinity] Epoch 117/200 - Loss: 0.0182, Val Acc: 46.00%, Head: 55.21%, Med: 9.15%, Tail: 0.00% | SO: 8/38, rho: 0.000, nu: 0.092, escape: 0, kfac_inv: 8/8, graft_scale: 0.917
[trinity] Epoch 118/200 - Loss: 0.0198, Val Acc: 46.82%, Head: 55.65%, Med: 11.50%, Tail: 0.00% | SO: 8/38, rho: 0.000, nu: 0.059, escape: 0, kfac_inv: 8/8, graft_scale: 0.917
[trinity] Epoch 119/200 - Loss: 0.0163, Val Acc: 49.00%, Head: 57.77%, Med: 13.90%, Tail: 0.00% | SO: 8/38, rho: 0.000, nu: 0.079, escape: 0, kfac_inv: 8/8, graft_scale: 0.920
[trinity] Epoch 120/200 - Loss: 0.0114, Val Acc: 47.43%, Head: 57.00%, Med: 9.15%, Tail: 0.00% | SO: 8/38, rho: 0.000, nu: 0.046, escape: 0, kfac_inv: 8/8, graft_scale: 0.924
[trinity] Epoch 121/200 - Loss: 0.0179, Val Acc: 47.55%, Head: 56.89%, Med: 10.20%, Tail: 0.00% | SO: 8/38, rho: 0.000, nu: 0.059, escape: 0, kfac_inv: 8/8, graft_scale: 0.928
[trinity] Epoch 122/200 - Loss: 0.0130, Val Acc: 47.88%, Head: 57.52%, Med: 9.30%, Tail: 0.00% | SO: 8/38, rho: 0.000, nu: 0.059, escape: 0, kfac_inv: 8/8, graft_scale: 0.930
[trinity] Epoch 123/200 - Loss: 0.0130, Val Acc: 47.00%, Head: 55.60%, Med: 12.60%, Tail: 0.00% | SO: 8/38, rho: 0.000, nu: 0.066, escape: 0, kfac_inv: 8/8, graft_scale: 0.936
[trinity] Epoch 124/200 - Loss: 0.0120, Val Acc: 47.14%, Head: 56.80%, Med: 8.50%, Tail: 0.00% | SO: 8/38, rho: 0.000, nu: 0.092, escape: 0, kfac_inv: 8/8, graft_scale: 0.916
[trinity] Epoch 125/200 - Loss: 0.0138, Val Acc: 47.49%, Head: 56.01%, Med: 13.40%, Tail: 0.00% | SO: 8/38, rho: 0.000, nu: 0.086, escape: 0, kfac_inv: 8/8, graft_scale: 0.924
[trinity] Epoch 126/200 - Loss: 0.0155, Val Acc: 46.55%, Head: 55.70%, Med: 9.95%, Tail: 0.00% | SO: 8/38, rho: 0.001, nu: 0.079, escape: 0, kfac_inv: 8/8, graft_scale: 0.932
[trinity] Epoch 127/200 - Loss: 0.0119, Val Acc: 47.01%, Head: 55.83%, Med: 11.75%, Tail: 0.00% | SO: 8/38, rho: 0.001, nu: 0.118, escape: 0, kfac_inv: 8/8, graft_scale: 0.932
[trinity] Epoch 128/200 - Loss: 0.0118, Val Acc: 45.60%, Head: 55.10%, Med: 7.60%, Tail: 0.00% | SO: 8/38, rho: 0.001, nu: 0.112, escape: 0, kfac_inv: 8/8, graft_scale: 0.927
[trinity] Epoch 129/200 - Loss: 0.0072, Val Acc: 46.25%, Head: 55.39%, Med: 9.70%, Tail: 0.00% | SO: 8/38, rho: 0.001, nu: 0.138, escape: 0, kfac_inv: 8/8, graft_scale: 0.926
[trinity] Epoch 130/200 - Loss: 0.0082, Val Acc: 45.64%, Head: 55.00%, Med: 8.20%, Tail: 0.00% | SO: 8/38, rho: 0.001, nu: 0.164, escape: 0, kfac_inv: 8/8, graft_scale: 0.927
[trinity] Epoch 131/200 - Loss: 0.0076, Val Acc: 46.98%, Head: 56.04%, Med: 10.75%, Tail: 0.00% | SO: 8/38, rho: 0.001, nu: 0.158, escape: 0, kfac_inv: 8/8, graft_scale: 0.929
[trinity] Epoch 132/200 - Loss: 0.0062, Val Acc: 47.78%, Head: 57.08%, Med: 10.60%, Tail: 0.00% | SO: 8/38, rho: 0.001, nu: 0.197, escape: 0, kfac_inv: 8/8, graft_scale: 0.927
[trinity] Epoch 133/200 - Loss: 0.0102, Val Acc: 47.17%, Head: 56.70%, Med: 9.05%, Tail: 0.00% | SO: 8/38, rho: 0.000, nu: 0.230, escape: 0, kfac_inv: 8/8, graft_scale: 0.928
[trinity] Epoch 134/200 - Loss: 0.0061, Val Acc: 46.94%, Head: 56.31%, Med: 9.45%, Tail: 0.00% | SO: 8/38, rho: 0.000, nu: 0.217, escape: 0, kfac_inv: 0/0, graft_scale: 0.931
[trinity] Epoch 135/200 - Loss: 0.0045, Val Acc: 46.53%, Head: 56.52%, Med: 6.55%, Tail: 0.00% | SO: 8/38, rho: 0.000, nu: 0.289, escape: 0, kfac_inv: 8/8, graft_scale: 0.923
[trinity] Epoch 136/200 - Loss: 0.0067, Val Acc: 46.46%, Head: 55.83%, Med: 9.00%, Tail: 0.00% | SO: 8/38, rho: 0.000, nu: 0.289, escape: 0, kfac_inv: 8/8, graft_scale: 0.924
[trinity] Epoch 137/200 - Loss: 0.0061, Val Acc: 46.79%, Head: 55.59%, Med: 11.60%, Tail: 0.00% | SO: 8/38, rho: 0.000, nu: 0.243, escape: 0, kfac_inv: 8/8, graft_scale: 0.926
[trinity] Epoch 138/200 - Loss: 0.0057, Val Acc: 47.09%, Head: 56.08%, Med: 11.15%, Tail: 0.00% | SO: 8/38, rho: 0.000, nu: 0.237, escape: 0, kfac_inv: 8/8, graft_scale: 0.926
[trinity] Epoch 139/200 - Loss: 0.0056, Val Acc: 46.97%, Head: 56.35%, Med: 9.45%, Tail: 0.00% | SO: 8/38, rho: 0.000, nu: 0.197, escape: 0, kfac_inv: 8/8, graft_scale: 0.933
[trinity] Epoch 140/200 - Loss: 0.0064, Val Acc: 47.02%, Head: 56.29%, Med: 9.95%, Tail: 0.00% | SO: 8/38, rho: 0.000, nu: 0.138, escape: 0, kfac_inv: 8/8, graft_scale: 0.934
[trinity] Epoch 141/200 - Loss: 0.0054, Val Acc: 46.98%, Head: 56.20%, Med: 10.10%, Tail: 0.00% | SO: 8/38, rho: 0.000, nu: 0.138, escape: 0, kfac_inv: 8/8, graft_scale: 0.939
[trinity] Epoch 142/200 - Loss: 0.0063, Val Acc: 48.07%, Head: 56.59%, Med: 14.00%, Tail: 0.00% | SO: 8/38, rho: 0.000, nu: 0.112, escape: 0, kfac_inv: 8/8, graft_scale: 0.944
[trinity] Epoch 143/200 - Loss: 0.0032, Val Acc: 46.69%, Head: 56.16%, Med: 8.80%, Tail: 0.00% | SO: 8/38, rho: 0.000, nu: 0.066, escape: 0, kfac_inv: 8/8, graft_scale: 0.935
[trinity] Epoch 144/200 - Loss: 0.0035, Val Acc: 46.78%, Head: 56.33%, Med: 8.60%, Tail: 0.00% | SO: 8/38, rho: 0.000, nu: 0.066, escape: 0, kfac_inv: 8/8, graft_scale: 0.933
[trinity] Epoch 145/200 - Loss: 0.0031, Val Acc: 46.50%, Head: 54.75%, Med: 13.50%, Tail: 0.00% | SO: 8/38, rho: 0.000, nu: 0.066, escape: 0, kfac_inv: 8/8, graft_scale: 0.923
[trinity] Epoch 146/200 - Loss: 0.0045, Val Acc: 47.55%, Head: 56.83%, Med: 10.45%, Tail: 0.00% | SO: 8/38, rho: 0.000, nu: 0.066, escape: 0, kfac_inv: 8/8, graft_scale: 0.923
[trinity] Epoch 147/200 - Loss: 0.0031, Val Acc: 47.58%, Head: 56.38%, Med: 12.40%, Tail: 0.00% | SO: 8/38, rho: 0.000, nu: 0.053, escape: 0, kfac_inv: 8/8, graft_scale: 0.914
[trinity] Epoch 148/200 - Loss: 0.0016, Val Acc: 46.36%, Head: 55.26%, Med: 10.75%, Tail: 0.00% | SO: 8/38, rho: 0.000, nu: 0.053, escape: 0, kfac_inv: 8/8, graft_scale: 0.915
[trinity] Epoch 149/200 - Loss: 0.0019, Val Acc: 47.80%, Head: 56.92%, Med: 11.30%, Tail: 0.00% | SO: 8/38, rho: 0.000, nu: 0.053, escape: 0, kfac_inv: 8/8, graft_scale: 0.920
[trinity] Epoch 150/200 - Loss: 0.0036, Val Acc: 47.52%, Head: 56.08%, Med: 13.30%, Tail: 0.00% | SO: 8/38, rho: 0.000, nu: 0.072, escape: 1, kfac_inv: 8/8, graft_scale: 0.920
[trinity] Epoch 151/200 - Loss: 0.0043, Val Acc: 46.72%, Head: 55.69%, Med: 10.85%, Tail: 0.00% | SO: 8/38, rho: 0.000, nu: 0.072, escape: 0, kfac_inv: 8/8, graft_scale: 0.925
[trinity] Epoch 152/200 - Loss: 0.0015, Val Acc: 46.91%, Head: 56.02%, Med: 10.45%, Tail: 0.00% | SO: 8/38, rho: 0.000, nu: 0.072, escape: 0, kfac_inv: 8/8, graft_scale: 0.915
[trinity] Epoch 153/200 - Loss: 0.0013, Val Acc: 47.13%, Head: 55.49%, Med: 13.70%, Tail: 0.00% | SO: 8/38, rho: 0.000, nu: 0.066, escape: 0, kfac_inv: 8/8, graft_scale: 0.914
[trinity] Epoch 154/200 - Loss: 0.0020, Val Acc: 46.57%, Head: 55.73%, Med: 9.95%, Tail: 0.00% | SO: 8/38, rho: 0.000, nu: 0.066, escape: 0, kfac_inv: 8/8, graft_scale: 0.919
[trinity] Epoch 155/200 - Loss: 0.0026, Val Acc: 47.27%, Head: 56.74%, Med: 9.40%, Tail: 0.00% | SO: 8/38, rho: 0.000, nu: 0.132, escape: 0, kfac_inv: 8/8, graft_scale: 0.924
[trinity] Epoch 156/200 - Loss: 0.0020, Val Acc: 46.86%, Head: 56.33%, Med: 9.00%, Tail: 0.00% | SO: 8/38, rho: 0.000, nu: 0.132, escape: 0, kfac_inv: 8/8, graft_scale: 0.920
[trinity] Epoch 157/200 - Loss: 0.0013, Val Acc: 46.92%, Head: 56.44%, Med: 8.85%, Tail: 0.00% | SO: 8/38, rho: 0.000, nu: 0.105, escape: 0, kfac_inv: 8/8, graft_scale: 0.915
[trinity] Epoch 158/200 - Loss: 0.0027, Val Acc: 47.34%, Head: 56.48%, Med: 10.80%, Tail: 0.00% | SO: 8/38, rho: 0.000, nu: 0.099, escape: 0, kfac_inv: 8/8, graft_scale: 0.911
[trinity] Epoch 159/200 - Loss: 0.0012, Val Acc: 47.66%, Head: 56.95%, Med: 10.50%, Tail: 0.00% | SO: 8/38, rho: 0.000, nu: 0.092, escape: 0, kfac_inv: 8/8, graft_scale: 0.908
[trinity] Epoch 160/200 - Loss: 0.0011, Val Acc: 46.56%, Head: 56.04%, Med: 8.65%, Tail: 0.00% | SO: 8/38, rho: 0.000, nu: 0.145, escape: 0, kfac_inv: 8/8, graft_scale: 0.913
[trinity] Epoch 161/200 - Loss: 0.0010, Val Acc: 46.74%, Head: 56.20%, Med: 8.90%, Tail: 0.00% | SO: 8/38, rho: 0.000, nu: 0.171, escape: 0, kfac_inv: 8/8, graft_scale: 0.917
[trinity] Epoch 162/200 - Loss: 0.0009, Val Acc: 46.06%, Head: 55.19%, Med: 9.55%, Tail: 0.00% | SO: 8/38, rho: 0.000, nu: 0.145, escape: 0, kfac_inv: 8/8, graft_scale: 0.923
[trinity] Epoch 163/200 - Loss: 0.0011, Val Acc: 46.28%, Head: 55.60%, Med: 9.00%, Tail: 0.00% | SO: 8/38, rho: 0.000, nu: 0.105, escape: 0, kfac_inv: 8/8, graft_scale: 0.923
[trinity] Epoch 164/200 - Loss: 0.0008, Val Acc: 46.63%, Head: 55.96%, Med: 9.30%, Tail: 0.00% | SO: 8/38, rho: 0.000, nu: 0.105, escape: 0, kfac_inv: 8/8, graft_scale: 0.912
[trinity] Epoch 165/200 - Loss: 0.0002, Val Acc: 46.88%, Head: 56.27%, Med: 9.30%, Tail: 0.00% | SO: 8/38, rho: 0.000, nu: 0.105, escape: 0, kfac_inv: 8/8, graft_scale: 0.895
[trinity] Epoch 166/200 - Loss: 0.0008, Val Acc: 46.38%, Head: 55.70%, Med: 9.10%, Tail: 0.00% | SO: 8/38, rho: 0.000, nu: 0.105, escape: 0, kfac_inv: 8/8, graft_scale: 0.899
[trinity] Epoch 167/200 - Loss: 0.0007, Val Acc: 46.37%, Head: 55.70%, Med: 9.05%, Tail: 0.00% | SO: 8/38, rho: 0.000, nu: 0.072, escape: 0, kfac_inv: 0/0, graft_scale: 0.894
[trinity] Epoch 168/200 - Loss: 0.0010, Val Acc: 46.70%, Head: 56.00%, Med: 9.50%, Tail: 0.00% | SO: 8/38, rho: 0.000, nu: 0.039, escape: 0, kfac_inv: 8/8, graft_scale: 0.901
[trinity] Epoch 169/200 - Loss: 0.0008, Val Acc: 46.41%, Head: 55.73%, Med: 9.15%, Tail: 0.00% | SO: 8/38, rho: 0.000, nu: 0.039, escape: 0, kfac_inv: 8/8, graft_scale: 0.901
[trinity] Epoch 170/200 - Loss: 0.0004, Val Acc: 46.34%, Head: 55.70%, Med: 8.90%, Tail: 0.00% | SO: 8/38, rho: 0.000, nu: 0.039, escape: 0, kfac_inv: 8/8, graft_scale: 0.905
[trinity] Epoch 171/200 - Loss: 0.0005, Val Acc: 46.23%, Head: 55.80%, Med: 7.95%, Tail: 0.00% | SO: 8/38, rho: 0.000, nu: 0.039, escape: 0, kfac_inv: 8/8, graft_scale: 0.907
[trinity] Epoch 172/200 - Loss: 0.0007, Val Acc: 47.54%, Head: 56.85%, Med: 10.30%, Tail: 0.00% | SO: 8/38, rho: 0.000, nu: 0.033, escape: 0, kfac_inv: 8/8, graft_scale: 0.901
[trinity] Epoch 173/200 - Loss: 0.0005, Val Acc: 47.12%, Head: 56.73%, Med: 8.70%, Tail: 0.00% | SO: 8/38, rho: 0.000, nu: 0.020, escape: 0, kfac_inv: 8/8, graft_scale: 0.904
[trinity] Epoch 174/200 - Loss: 0.0004, Val Acc: 46.84%, Head: 56.40%, Med: 8.60%, Tail: 0.00% | SO: 8/38, rho: 0.000, nu: 0.020, escape: 0, kfac_inv: 8/8, graft_scale: 0.905
[trinity] Epoch 175/200 - Loss: 0.0003, Val Acc: 47.18%, Head: 56.36%, Med: 10.45%, Tail: 0.00% | SO: 8/38, rho: 0.000, nu: 0.020, escape: 0, kfac_inv: 8/8, graft_scale: 0.906
[trinity] Epoch 176/200 - Loss: 0.0003, Val Acc: 47.25%, Head: 56.50%, Med: 10.25%, Tail: 0.00% | SO: 8/38, rho: 0.000, nu: 0.026, escape: 0, kfac_inv: 8/8, graft_scale: 0.910
[trinity] Epoch 177/200 - Loss: 0.0007, Val Acc: 46.94%, Head: 56.10%, Med: 10.30%, Tail: 0.00% | SO: 8/38, rho: 0.000, nu: 0.020, escape: 0, kfac_inv: 8/8, graft_scale: 0.912
[trinity] Epoch 178/200 - Loss: 0.0007, Val Acc: 47.45%, Head: 56.89%, Med: 9.70%, Tail: 0.00% | SO: 8/38, rho: 0.000, nu: 0.039, escape: 1, kfac_inv: 8/8, graft_scale: 0.925
[trinity] Epoch 179/200 - Loss: 0.0007, Val Acc: 47.40%, Head: 56.85%, Med: 9.60%, Tail: 0.00% | SO: 8/38, rho: 0.000, nu: 0.039, escape: 0, kfac_inv: 8/8, graft_scale: 0.929
[trinity] Epoch 180/200 - Loss: 0.0003, Val Acc: 47.27%, Head: 56.74%, Med: 9.40%, Tail: 0.00% | SO: 8/38, rho: 0.000, nu: 0.039, escape: 0, kfac_inv: 8/8, graft_scale: 0.928
[trinity] Epoch 181/200 - Loss: 0.0003, Val Acc: 47.34%, Head: 56.60%, Med: 10.30%, Tail: 0.00% | SO: 8/38, rho: 0.000, nu: 0.046, escape: 0, kfac_inv: 8/8, graft_scale: 0.926
[trinity] Epoch 182/200 - Loss: 0.0002, Val Acc: 47.10%, Head: 56.36%, Med: 10.05%, Tail: 0.00% | SO: 8/38, rho: 0.000, nu: 0.039, escape: 0, kfac_inv: 8/8, graft_scale: 0.925
[trinity] Epoch 183/200 - Loss: 0.0003, Val Acc: 47.16%, Head: 56.45%, Med: 10.00%, Tail: 0.00% | SO: 8/38, rho: 0.000, nu: 0.033, escape: 0, kfac_inv: 8/8, graft_scale: 0.902
[trinity] Epoch 184/200 - Loss: 0.0002, Val Acc: 47.32%, Head: 56.65%, Med: 10.00%, Tail: 0.00% | SO: 8/38, rho: 0.000, nu: 0.039, escape: 0, kfac_inv: 8/8, graft_scale: 0.894
[trinity] Epoch 185/200 - Loss: 0.0002, Val Acc: 47.33%, Head: 56.61%, Med: 10.20%, Tail: 0.00% | SO: 8/38, rho: 0.000, nu: 0.026, escape: 0, kfac_inv: 8/8, graft_scale: 0.909
[trinity] Epoch 186/200 - Loss: 0.0001, Val Acc: 47.44%, Head: 56.62%, Med: 10.70%, Tail: 0.00% | SO: 8/38, rho: 0.000, nu: 0.026, escape: 0, kfac_inv: 8/8, graft_scale: 0.896
[trinity] Epoch 187/200 - Loss: 0.0001, Val Acc: 47.48%, Head: 56.75%, Med: 10.40%, Tail: 0.00% | SO: 8/38, rho: 0.000, nu: 0.059, escape: 0, kfac_inv: 8/8, graft_scale: 0.901
[trinity] Epoch 188/200 - Loss: 0.0002, Val Acc: 47.17%, Head: 56.39%, Med: 10.30%, Tail: 0.00% | SO: 8/38, rho: 0.000, nu: 0.053, escape: 0, kfac_inv: 8/8, graft_scale: 0.904
[trinity] Epoch 189/200 - Loss: 0.0003, Val Acc: 47.27%, Head: 56.52%, Med: 10.25%, Tail: 0.00% | SO: 8/38, rho: 0.000, nu: 0.066, escape: 0, kfac_inv: 8/8, graft_scale: 0.910
[trinity] Epoch 190/200 - Loss: 0.0002, Val Acc: 47.17%, Head: 56.55%, Med: 9.65%, Tail: 0.00% | SO: 8/38, rho: 0.000, nu: 0.079, escape: 0, kfac_inv: 8/8, graft_scale: 0.911
[trinity] Epoch 191/200 - Loss: 0.0001, Val Acc: 47.20%, Head: 56.60%, Med: 9.60%, Tail: 0.00% | SO: 8/38, rho: 0.000, nu: 0.079, escape: 0, kfac_inv: 8/8, graft_scale: 0.899
[trinity] Epoch 192/200 - Loss: 0.0001, Val Acc: 47.17%, Head: 56.56%, Med: 9.60%, Tail: 0.00% | SO: 8/38, rho: 0.000, nu: 0.072, escape: 0, kfac_inv: 8/8, graft_scale: 0.901
[trinity] Epoch 193/200 - Loss: 0.0001, Val Acc: 47.17%, Head: 56.58%, Med: 9.55%, Tail: 0.00% | SO: 8/38, rho: 0.000, nu: 0.072, escape: 0, kfac_inv: 8/8, graft_scale: 0.898
[trinity] Epoch 194/200 - Loss: 0.0004, Val Acc: 47.24%, Head: 56.65%, Med: 9.60%, Tail: 0.00% | SO: 8/38, rho: 0.000, nu: 0.059, escape: 0, kfac_inv: 8/8, graft_scale: 0.904
[trinity] Epoch 195/200 - Loss: 0.0001, Val Acc: 47.27%, Head: 56.66%, Med: 9.70%, Tail: 0.00% | SO: 8/38, rho: 0.000, nu: 0.079, escape: 0, kfac_inv: 8/8, graft_scale: 0.897
[trinity] Epoch 196/200 - Loss: 0.0001, Val Acc: 47.27%, Head: 56.66%, Med: 9.70%, Tail: 0.00% | SO: 8/38, rho: 0.000, nu: 0.066, escape: 0, kfac_inv: 8/8, graft_scale: 0.898
[trinity] Epoch 197/200 - Loss: 0.0001, Val Acc: 47.27%, Head: 56.66%, Med: 9.70%, Tail: 0.00% | SO: 8/38, rho: 0.000, nu: 0.066, escape: 0, kfac_inv: 8/8, graft_scale: 0.897
[trinity] Epoch 198/200 - Loss: 0.0002, Val Acc: 47.23%, Head: 56.64%, Med: 9.60%, Tail: 0.00% | SO: 8/38, rho: 0.000, nu: 0.059, escape: 1, kfac_inv: 8/8, graft_scale: 0.905
[trinity] Epoch 199/200 - Loss: 0.0001, Val Acc: 47.25%, Head: 56.66%, Med: 9.60%, Tail: 0.00% | SO: 8/38, rho: 0.000, nu: 0.059, escape: 0, kfac_inv: 8/8, graft_scale: 0.904
wandb: updating run metadata
wandb: uploading output.log; uploading wandb-summary.json; uploading config.yaml
wandb: uploading wandb-summary.json; uploading config.yaml
wandb: uploading history steps 198-199, summary, console lines 199-200
wandb: 
wandb: Run history:
wandb:                       epoch ▁▁▁▁▁▁▂▂▂▂▃▃▃▃▃▄▄▄▄▄▅▅▅▅▅▅▅▅▅▅▆▆▆▇▇▇▇███
wandb:                   train/acc ▁▁▁▂▂▃▃▃▃▃▅▅▆▆▇▇▇▇▇█████████████████████
wandb:                  train/loss █▇▇▆▆▅▅▅▅▄▃▃▂▂▂▂▂▂▂▁▁▁▁▁▁▁▁▁▁▁▁▁▁▁▁▁▁▁▁▁
wandb:       trinity/blocks_probed ▁██▁█▁▁▁█▁█▁█▁▁█▁█▁█▁▁▁▁█▁█▁▁▁█▁▁█▁▁▁█▁▁
wandb:        trinity/escape_fires ▁▁▁▁▁▁▁▁▁▁▁▁▁▁▁▁▁▁▁▁▁▁▁▁▁▁▁▁▁▁▁▁▁▁▁▁▁▁▁▁
wandb:  trinity/grafting_scale_max ▁▁▁▁▁▁▁▁▁▁▁▁▁▁▁▁▁▁▁▁▂▃▆▆█▅▄▁▁▁▁▁▁▁▁▁▁▂▁▁
wandb: trinity/grafting_scale_mean █▇▂▃▃▂▂▂▁▁▂▂▄▄▄▄▃▃▄▄▄▄▄▄▃▃▄▃▃▃▃▃▃▂▂▂▂▂▂▂
wandb:  trinity/grafting_scale_min ▄▄▄▃▃▄▄▃▃▄▃▄▄▄▄█▄▄▅▅▆▇▄▅▄▃▅▄▃▄▃▄▃▄▃▄▃▂▂▁
wandb:       trinity/kfac_inv_fail ▁▁▁▁▁▁▁▁▁▁▁▁▁▁▁▁▁▁▁▁▁▁▁▁▁▁▁▁▁▁▁▁▁▁▁▁▁▁▁▁
wandb:    trinity/kfac_inv_success ▁▁██████████████████████████████████████
wandb:                         +13 ...
wandb: 
wandb: Run summary:
wandb:                       epoch 200
wandb:                   train/acc 100
wandb:                  train/loss 0.00012
wandb:       trinity/blocks_probed 4
wandb:        trinity/escape_fires 0
wandb:  trinity/grafting_scale_max 1
wandb: trinity/grafting_scale_mean 0.9059
wandb:  trinity/grafting_scale_min 0.20122
wandb:       trinity/kfac_inv_fail 0
wandb:    trinity/kfac_inv_success 8
wandb:                         +13 ...
wandb: 
wandb: 🚀 View run trinity_no_gc at: https://wandb.ai/dcll-iiitd/ablation-new-transformer/runs/nhosp04s
wandb: ⭐️ View project at: https://wandb.ai/dcll-iiitd/ablation-new-transformer
wandb: Synced 5 W&B file(s), 0 media file(s), 0 artifact file(s) and 0 other file(s)
wandb: Find logs at: ./wandb/run-20260910_205441-nhosp04s/logs
[trinity] Epoch 200/200 - Loss: 0.0001, Val Acc: 47.21%, Head: 56.61%, Med: 9.60%, Tail: 0.00% | SO: 8/38, rho: 0.000, nu: 0.072, escape: 0, kfac_inv: 8/8, graft_scale: 0.906
wandb: [wandb.login()] Loaded credentials for https://api.wandb.ai from /home/anant/.netrc.
wandb: Currently logged in as: anant-jain (dcll-iiitd) to https://api.wandb.ai. Use `wandb login --relogin` to force relogin
wandb: setting up run d3vkqu36
wandb: Tracking run with wandb version 0.29.0
wandb: Run data is saved locally in /home/anant/update-trinity/Trinity-opt-DSAA2026/wandb/run-20260910_211542-d3vkqu36
wandb: Run `wandb offline` to turn off syncing.
wandb: Syncing run trinity_no_grafting
wandb: ⭐️ View project at https://wandb.ai/dcll-iiitd/ablation-new-transformer
wandb: 🚀 View run at https://wandb.ai/dcll-iiitd/ablation-new-transformer/runs/d3vkqu36
[*] Generated Long-Tailed CIFAR-10 (Imbalance: 0.01). Total train samples: 12406
<sys>:0: UserWarning: Full backward hook is firing when gradients are computed with respect to module outputs since no inputs require gradients. See https://docs.pytorch.org/docs/main/generated/torch.nn.Module.html#torch.nn.Module.register_full_backward_hook for more details.
[trinity] Epoch 1/200 - Loss: 1.5034, Val Acc: 19.60%, Head: 24.50%, Med: 0.00%, Tail: 0.00% | SO: 0/38, rho: 0.937, nu: 0.026, escape: 0, kfac_inv: 0/0, graft_scale: 1.000
[trinity] Epoch 2/200 - Loss: 1.2613, Val Acc: 22.98%, Head: 28.73%, Med: 0.00%, Tail: 0.00% | SO: 0/38, rho: 0.874, nu: 0.079, escape: 0, kfac_inv: 0/0, graft_scale: 1.000
[trinity] Epoch 3/200 - Loss: 1.1513, Val Acc: 23.32%, Head: 29.15%, Med: 0.00%, Tail: 0.00% | SO: 0/38, rho: 0.811, nu: 0.092, escape: 0, kfac_inv: 0/0, graft_scale: 1.000
[trinity] Epoch 4/200 - Loss: 1.0723, Val Acc: 22.35%, Head: 27.94%, Med: 0.00%, Tail: 0.00% | SO: 0/38, rho: 0.684, nu: 0.112, escape: 0, kfac_inv: 0/0, graft_scale: 1.000
[trinity] Epoch 5/200 - Loss: 1.0359, Val Acc: 25.98%, Head: 32.48%, Med: 0.00%, Tail: 0.00% | SO: 0/38, rho: 0.621, nu: 0.158, escape: 0, kfac_inv: 0/0, graft_scale: 1.000
[trinity] Epoch 6/200 - Loss: 1.0167, Val Acc: 25.15%, Head: 31.44%, Med: 0.00%, Tail: 0.00% | SO: 0/38, rho: 0.558, nu: 0.204, escape: 0, kfac_inv: 0/0, graft_scale: 1.000
[trinity] Epoch 7/200 - Loss: 0.9655, Val Acc: 29.85%, Head: 37.31%, Med: 0.00%, Tail: 0.00% | SO: 0/38, rho: 0.432, nu: 0.289, escape: 0, kfac_inv: 0/0, graft_scale: 1.000
[trinity] Epoch 8/200 - Loss: 0.9432, Val Acc: 30.48%, Head: 38.10%, Med: 0.00%, Tail: 0.00% | SO: 2/38, rho: 0.388, nu: 0.303, escape: 0, kfac_inv: 0/0, graft_scale: 1.000
[trinity] Epoch 9/200 - Loss: 0.9176, Val Acc: 28.06%, Head: 35.08%, Med: 0.00%, Tail: 0.00% | SO: 6/38, rho: 0.362, nu: 0.329, escape: 0, kfac_inv: 2/2, graft_scale: 1.000
[trinity] Epoch 10/200 - Loss: 0.9406, Val Acc: 28.40%, Head: 35.50%, Med: 0.00%, Tail: 0.00% | SO: 8/38, rho: 0.337, nu: 0.309, escape: 0, kfac_inv: 8/8, graft_scale: 1.000
[trinity] Epoch 11/200 - Loss: 0.9195, Val Acc: 30.94%, Head: 38.67%, Med: 0.00%, Tail: 0.00% | SO: 8/38, rho: 0.287, nu: 0.316, escape: 0, kfac_inv: 8/8, graft_scale: 1.000
[trinity] Epoch 12/200 - Loss: 0.8811, Val Acc: 31.62%, Head: 39.50%, Med: 0.10%, Tail: 0.00% | SO: 8/38, rho: 0.261, nu: 0.322, escape: 0, kfac_inv: 8/8, graft_scale: 1.000
[trinity] Epoch 13/200 - Loss: 0.8614, Val Acc: 32.94%, Head: 41.17%, Med: 0.00%, Tail: 0.00% | SO: 8/38, rho: 0.236, nu: 0.342, escape: 0, kfac_inv: 8/8, graft_scale: 1.000
[trinity] Epoch 14/200 - Loss: 0.8447, Val Acc: 30.49%, Head: 38.11%, Med: 0.00%, Tail: 0.00% | SO: 8/38, rho: 0.185, nu: 0.349, escape: 0, kfac_inv: 8/8, graft_scale: 1.000
[trinity] Epoch 15/200 - Loss: 0.8214, Val Acc: 36.48%, Head: 45.60%, Med: 0.00%, Tail: 0.00% | SO: 8/38, rho: 0.160, nu: 0.355, escape: 0, kfac_inv: 8/8, graft_scale: 1.000
[trinity] Epoch 16/200 - Loss: 0.8121, Val Acc: 34.66%, Head: 43.33%, Med: 0.00%, Tail: 0.00% | SO: 8/38, rho: 0.150, nu: 0.296, escape: 0, kfac_inv: 8/8, graft_scale: 1.000
[trinity] Epoch 17/200 - Loss: 0.8251, Val Acc: 37.75%, Head: 47.09%, Med: 0.40%, Tail: 0.00% | SO: 8/38, rho: 0.140, nu: 0.303, escape: 0, kfac_inv: 8/8, graft_scale: 1.000
[trinity] Epoch 18/200 - Loss: 0.8246, Val Acc: 34.16%, Head: 42.60%, Med: 0.40%, Tail: 0.00% | SO: 8/38, rho: 0.120, nu: 0.355, escape: 0, kfac_inv: 8/8, graft_scale: 1.000
[trinity] Epoch 19/200 - Loss: 0.8181, Val Acc: 38.79%, Head: 48.39%, Med: 0.40%, Tail: 0.00% | SO: 8/38, rho: 0.110, nu: 0.349, escape: 0, kfac_inv: 8/8, graft_scale: 1.000
[trinity] Epoch 20/200 - Loss: 0.7975, Val Acc: 32.38%, Head: 40.48%, Med: 0.00%, Tail: 0.00% | SO: 8/38, rho: 0.100, nu: 0.329, escape: 0, kfac_inv: 8/8, graft_scale: 1.000
[trinity] Epoch 21/200 - Loss: 0.7789, Val Acc: 34.48%, Head: 43.06%, Med: 0.15%, Tail: 0.00% | SO: 8/38, rho: 0.079, nu: 0.289, escape: 0, kfac_inv: 8/8, graft_scale: 1.000
[trinity] Epoch 22/200 - Loss: 0.7807, Val Acc: 33.40%, Head: 41.64%, Med: 0.45%, Tail: 0.00% | SO: 8/38, rho: 0.069, nu: 0.263, escape: 0, kfac_inv: 8/8, graft_scale: 1.000
[trinity] Epoch 23/200 - Loss: 0.7737, Val Acc: 37.58%, Head: 46.92%, Med: 0.20%, Tail: 0.00% | SO: 8/38, rho: 0.062, nu: 0.270, escape: 0, kfac_inv: 8/8, graft_scale: 1.000
[trinity] Epoch 24/200 - Loss: 0.7702, Val Acc: 41.24%, Head: 51.38%, Med: 0.70%, Tail: 0.00% | SO: 8/38, rho: 0.054, nu: 0.322, escape: 0, kfac_inv: 8/8, graft_scale: 1.000
[trinity] Epoch 25/200 - Loss: 0.8024, Val Acc: 37.00%, Head: 46.23%, Med: 0.10%, Tail: 0.00% | SO: 8/38, rho: 0.050, nu: 0.283, escape: 0, kfac_inv: 8/8, graft_scale: 1.000
[trinity] Epoch 26/200 - Loss: 0.7785, Val Acc: 38.26%, Head: 47.75%, Med: 0.30%, Tail: 0.00% | SO: 8/38, rho: 0.046, nu: 0.276, escape: 0, kfac_inv: 8/8, graft_scale: 1.000
[trinity] Epoch 27/200 - Loss: 0.7571, Val Acc: 34.64%, Head: 43.20%, Med: 0.40%, Tail: 0.00% | SO: 8/38, rho: 0.042, nu: 0.316, escape: 0, kfac_inv: 8/8, graft_scale: 1.000
[trinity] Epoch 28/200 - Loss: 0.7447, Val Acc: 38.87%, Head: 47.29%, Med: 5.20%, Tail: 0.00% | SO: 8/38, rho: 0.034, nu: 0.349, escape: 0, kfac_inv: 8/8, graft_scale: 1.000
[trinity] Epoch 29/200 - Loss: 0.7412, Val Acc: 40.28%, Head: 49.69%, Med: 2.65%, Tail: 0.00% | SO: 8/38, rho: 0.030, nu: 0.309, escape: 0, kfac_inv: 8/8, graft_scale: 1.000
[trinity] Epoch 30/200 - Loss: 0.7196, Val Acc: 36.88%, Head: 45.84%, Med: 1.05%, Tail: 0.00% | SO: 8/38, rho: 0.026, nu: 0.303, escape: 0, kfac_inv: 8/8, graft_scale: 1.000
[trinity] Epoch 31/200 - Loss: 0.7259, Val Acc: 37.89%, Head: 46.60%, Med: 3.05%, Tail: 0.00% | SO: 8/38, rho: 0.023, nu: 0.276, escape: 0, kfac_inv: 8/8, graft_scale: 1.000
[trinity] Epoch 32/200 - Loss: 0.7278, Val Acc: 36.48%, Head: 45.60%, Med: 0.00%, Tail: 0.00% | SO: 8/38, rho: 0.021, nu: 0.283, escape: 0, kfac_inv: 8/8, graft_scale: 1.000
[trinity] Epoch 33/200 - Loss: 0.7428, Val Acc: 37.13%, Head: 46.19%, Med: 0.90%, Tail: 0.00% | SO: 8/38, rho: 0.019, nu: 0.283, escape: 0, kfac_inv: 8/8, graft_scale: 1.000
[trinity] Epoch 34/200 - Loss: 0.7237, Val Acc: 38.47%, Head: 47.73%, Med: 1.45%, Tail: 0.00% | SO: 8/38, rho: 0.018, nu: 0.296, escape: 0, kfac_inv: 0/0, graft_scale: 1.000
[trinity] Epoch 35/200 - Loss: 0.7140, Val Acc: 40.20%, Head: 49.81%, Med: 1.75%, Tail: 0.00% | SO: 8/38, rho: 0.014, nu: 0.197, escape: 0, kfac_inv: 8/8, graft_scale: 1.000
[trinity] Epoch 36/200 - Loss: 0.6982, Val Acc: 34.64%, Head: 43.17%, Med: 0.50%, Tail: 0.00% | SO: 8/38, rho: 0.013, nu: 0.230, escape: 0, kfac_inv: 8/8, graft_scale: 1.000
[trinity] Epoch 37/200 - Loss: 0.6840, Val Acc: 38.38%, Head: 47.62%, Med: 1.40%, Tail: 0.00% | SO: 8/38, rho: 0.011, nu: 0.224, escape: 0, kfac_inv: 8/8, graft_scale: 1.000
[trinity] Epoch 38/200 - Loss: 0.6583, Val Acc: 41.00%, Head: 50.99%, Med: 1.05%, Tail: 0.00% | SO: 8/38, rho: 0.010, nu: 0.243, escape: 0, kfac_inv: 8/8, graft_scale: 1.000
[trinity] Epoch 39/200 - Loss: 0.6797, Val Acc: 39.37%, Head: 48.40%, Med: 3.25%, Tail: 0.00% | SO: 8/38, rho: 0.009, nu: 0.270, escape: 0, kfac_inv: 8/8, graft_scale: 1.000
[trinity] Epoch 40/200 - Loss: 0.6684, Val Acc: 40.08%, Head: 49.65%, Med: 1.80%, Tail: 0.00% | SO: 8/38, rho: 0.008, nu: 0.217, escape: 0, kfac_inv: 8/8, graft_scale: 1.000
[trinity] Epoch 41/200 - Loss: 0.6584, Val Acc: 42.21%, Head: 52.51%, Med: 1.00%, Tail: 0.00% | SO: 8/38, rho: 0.007, nu: 0.191, escape: 0, kfac_inv: 8/8, graft_scale: 1.000
[trinity] Epoch 42/200 - Loss: 0.6503, Val Acc: 42.84%, Head: 51.67%, Med: 7.50%, Tail: 0.00% | SO: 8/38, rho: 0.006, nu: 0.289, escape: 0, kfac_inv: 8/8, graft_scale: 1.000
[trinity] Epoch 43/200 - Loss: 0.6362, Val Acc: 39.49%, Head: 49.08%, Med: 1.15%, Tail: 0.00% | SO: 8/38, rho: 0.006, nu: 0.270, escape: 0, kfac_inv: 8/8, graft_scale: 1.000
[trinity] Epoch 44/200 - Loss: 0.6363, Val Acc: 41.92%, Head: 52.08%, Med: 1.30%, Tail: 0.00% | SO: 8/38, rho: 0.005, nu: 0.270, escape: 0, kfac_inv: 8/8, graft_scale: 1.000
[trinity] Epoch 45/200 - Loss: 0.6190, Val Acc: 36.26%, Head: 44.98%, Med: 1.40%, Tail: 0.00% | SO: 8/38, rho: 0.004, nu: 0.257, escape: 0, kfac_inv: 8/8, graft_scale: 1.000
[trinity] Epoch 46/200 - Loss: 0.6080, Val Acc: 38.49%, Head: 47.90%, Med: 0.85%, Tail: 0.00% | SO: 8/38, rho: 0.004, nu: 0.204, escape: 0, kfac_inv: 8/8, graft_scale: 1.000
[trinity] Epoch 47/200 - Loss: 0.6179, Val Acc: 42.70%, Head: 52.26%, Med: 4.45%, Tail: 0.00% | SO: 8/38, rho: 0.004, nu: 0.217, escape: 0, kfac_inv: 8/8, graft_scale: 1.000
[trinity] Epoch 48/200 - Loss: 0.5933, Val Acc: 41.98%, Head: 50.81%, Med: 6.65%, Tail: 0.00% | SO: 8/38, rho: 0.003, nu: 0.191, escape: 0, kfac_inv: 8/8, graft_scale: 1.000
[trinity] Epoch 49/200 - Loss: 0.6050, Val Acc: 41.41%, Head: 50.71%, Med: 4.20%, Tail: 0.00% | SO: 8/38, rho: 0.003, nu: 0.158, escape: 0, kfac_inv: 8/8, graft_scale: 1.000
[trinity] Epoch 50/200 - Loss: 0.5965, Val Acc: 40.97%, Head: 50.86%, Med: 1.40%, Tail: 0.00% | SO: 8/38, rho: 0.002, nu: 0.164, escape: 0, kfac_inv: 8/8, graft_scale: 1.000
[trinity] Epoch 51/200 - Loss: 0.5672, Val Acc: 42.70%, Head: 51.84%, Med: 6.15%, Tail: 0.00% | SO: 8/38, rho: 0.002, nu: 0.171, escape: 0, kfac_inv: 8/8, graft_scale: 1.000
[trinity] Epoch 52/200 - Loss: 0.5535, Val Acc: 43.23%, Head: 51.90%, Med: 8.55%, Tail: 0.00% | SO: 8/38, rho: 0.002, nu: 0.197, escape: 0, kfac_inv: 8/8, graft_scale: 1.000
[trinity] Epoch 53/200 - Loss: 0.5464, Val Acc: 41.60%, Head: 51.39%, Med: 2.45%, Tail: 0.00% | SO: 8/38, rho: 0.002, nu: 0.230, escape: 0, kfac_inv: 8/8, graft_scale: 1.000
[trinity] Epoch 54/200 - Loss: 0.5485, Val Acc: 44.12%, Head: 53.75%, Med: 5.60%, Tail: 0.00% | SO: 8/38, rho: 0.002, nu: 0.237, escape: 0, kfac_inv: 8/8, graft_scale: 1.000
[trinity] Epoch 55/200 - Loss: 0.5504, Val Acc: 42.88%, Head: 52.49%, Med: 4.45%, Tail: 0.00% | SO: 8/38, rho: 0.001, nu: 0.289, escape: 0, kfac_inv: 8/8, graft_scale: 1.000
[trinity] Epoch 56/200 - Loss: 0.5389, Val Acc: 42.18%, Head: 50.46%, Med: 9.05%, Tail: 0.00% | SO: 8/38, rho: 0.001, nu: 0.270, escape: 0, kfac_inv: 8/8, graft_scale: 1.000
[trinity] Epoch 57/200 - Loss: 0.5054, Val Acc: 43.34%, Head: 52.77%, Med: 5.60%, Tail: 0.00% | SO: 8/38, rho: 0.001, nu: 0.263, escape: 0, kfac_inv: 8/8, graft_scale: 1.000
[trinity] Epoch 58/200 - Loss: 0.5016, Val Acc: 44.42%, Head: 52.65%, Med: 11.50%, Tail: 0.00% | SO: 8/38, rho: 0.001, nu: 0.224, escape: 0, kfac_inv: 8/8, graft_scale: 1.000
[trinity] Epoch 59/200 - Loss: 0.4881, Val Acc: 43.58%, Head: 53.64%, Med: 3.35%, Tail: 0.00% | SO: 8/38, rho: 0.001, nu: 0.250, escape: 0, kfac_inv: 8/8, graft_scale: 1.000
[trinity] Epoch 60/200 - Loss: 0.4707, Val Acc: 45.24%, Head: 54.30%, Med: 9.00%, Tail: 0.00% | SO: 8/38, rho: 0.001, nu: 0.211, escape: 0, kfac_inv: 8/8, graft_scale: 1.000
[trinity] Epoch 61/200 - Loss: 0.4732, Val Acc: 46.07%, Head: 54.77%, Med: 11.25%, Tail: 0.00% | SO: 8/38, rho: 0.001, nu: 0.224, escape: 0, kfac_inv: 8/8, graft_scale: 1.000
[trinity] Epoch 62/200 - Loss: 0.4496, Val Acc: 42.44%, Head: 51.56%, Med: 5.95%, Tail: 0.00% | SO: 8/38, rho: 0.001, nu: 0.230, escape: 0, kfac_inv: 8/8, graft_scale: 1.000
[trinity] Epoch 63/200 - Loss: 0.4707, Val Acc: 43.24%, Head: 50.01%, Med: 16.15%, Tail: 0.00% | SO: 8/38, rho: 0.001, nu: 0.224, escape: 0, kfac_inv: 8/8, graft_scale: 1.000
[trinity] Epoch 64/200 - Loss: 0.4642, Val Acc: 43.65%, Head: 52.80%, Med: 7.05%, Tail: 0.00% | SO: 8/38, rho: 0.001, nu: 0.263, escape: 0, kfac_inv: 8/8, graft_scale: 1.000
[trinity] Epoch 65/200 - Loss: 0.4303, Val Acc: 45.01%, Head: 53.38%, Med: 11.55%, Tail: 0.00% | SO: 8/38, rho: 0.001, nu: 0.250, escape: 0, kfac_inv: 8/8, graft_scale: 1.000
[trinity] Epoch 66/200 - Loss: 0.4168, Val Acc: 44.83%, Head: 53.86%, Med: 8.70%, Tail: 0.00% | SO: 8/38, rho: 0.001, nu: 0.230, escape: 0, kfac_inv: 8/8, graft_scale: 1.000
[trinity] Epoch 67/200 - Loss: 0.3947, Val Acc: 45.76%, Head: 54.94%, Med: 9.05%, Tail: 0.00% | SO: 8/38, rho: 0.001, nu: 0.237, escape: 0, kfac_inv: 0/0, graft_scale: 1.000
[trinity] Epoch 68/200 - Loss: 0.3875, Val Acc: 45.12%, Head: 54.64%, Med: 7.05%, Tail: 0.00% | SO: 8/38, rho: 0.001, nu: 0.230, escape: 0, kfac_inv: 8/8, graft_scale: 1.000
[trinity] Epoch 69/200 - Loss: 0.4101, Val Acc: 46.47%, Head: 55.50%, Med: 10.35%, Tail: 0.00% | SO: 8/38, rho: 0.001, nu: 0.217, escape: 0, kfac_inv: 8/8, graft_scale: 1.000
[trinity] Epoch 70/200 - Loss: 0.3764, Val Acc: 45.51%, Head: 53.62%, Med: 13.05%, Tail: 0.00% | SO: 8/38, rho: 0.001, nu: 0.217, escape: 0, kfac_inv: 8/8, graft_scale: 1.000
[trinity] Epoch 71/200 - Loss: 0.3598, Val Acc: 44.60%, Head: 54.35%, Med: 5.60%, Tail: 0.00% | SO: 8/38, rho: 0.001, nu: 0.191, escape: 0, kfac_inv: 8/8, graft_scale: 1.000
[trinity] Epoch 72/200 - Loss: 0.3505, Val Acc: 46.42%, Head: 55.49%, Med: 10.15%, Tail: 0.00% | SO: 8/38, rho: 0.001, nu: 0.191, escape: 0, kfac_inv: 8/8, graft_scale: 1.000
[trinity] Epoch 73/200 - Loss: 0.3162, Val Acc: 44.22%, Head: 53.59%, Med: 6.75%, Tail: 0.00% | SO: 8/38, rho: 0.001, nu: 0.184, escape: 0, kfac_inv: 8/8, graft_scale: 1.000
[trinity] Epoch 74/200 - Loss: 0.3090, Val Acc: 45.29%, Head: 54.80%, Med: 7.25%, Tail: 0.00% | SO: 8/38, rho: 0.001, nu: 0.184, escape: 0, kfac_inv: 8/8, graft_scale: 1.000
[trinity] Epoch 75/200 - Loss: 0.2833, Val Acc: 47.18%, Head: 56.42%, Med: 10.20%, Tail: 0.00% | SO: 8/38, rho: 0.001, nu: 0.118, escape: 0, kfac_inv: 8/8, graft_scale: 1.000
[trinity] Epoch 76/200 - Loss: 0.2905, Val Acc: 43.72%, Head: 53.15%, Med: 6.00%, Tail: 0.00% | SO: 8/38, rho: 0.000, nu: 0.105, escape: 0, kfac_inv: 8/8, graft_scale: 1.000
[trinity] Epoch 77/200 - Loss: 0.2976, Val Acc: 44.22%, Head: 52.20%, Med: 12.30%, Tail: 0.00% | SO: 8/38, rho: 0.000, nu: 0.099, escape: 0, kfac_inv: 8/8, graft_scale: 1.000
[trinity] Epoch 78/200 - Loss: 0.2772, Val Acc: 45.48%, Head: 54.76%, Med: 8.35%, Tail: 0.00% | SO: 8/38, rho: 0.000, nu: 0.099, escape: 0, kfac_inv: 8/8, graft_scale: 1.000
[trinity] Epoch 79/200 - Loss: 0.2544, Val Acc: 47.01%, Head: 56.52%, Med: 8.95%, Tail: 0.00% | SO: 8/38, rho: 0.001, nu: 0.086, escape: 0, kfac_inv: 8/8, graft_scale: 1.000
[trinity] Epoch 80/200 - Loss: 0.2415, Val Acc: 46.48%, Head: 55.06%, Med: 12.15%, Tail: 0.00% | SO: 8/38, rho: 0.001, nu: 0.092, escape: 0, kfac_inv: 8/8, graft_scale: 1.000
[trinity] Epoch 81/200 - Loss: 0.2298, Val Acc: 45.11%, Head: 53.50%, Med: 11.55%, Tail: 0.00% | SO: 8/38, rho: 0.000, nu: 0.092, escape: 0, kfac_inv: 8/8, graft_scale: 1.000
[trinity] Epoch 82/200 - Loss: 0.2107, Val Acc: 44.91%, Head: 53.67%, Med: 9.85%, Tail: 0.00% | SO: 8/38, rho: 0.001, nu: 0.151, escape: 0, kfac_inv: 8/8, graft_scale: 1.000
[trinity] Epoch 83/200 - Loss: 0.2200, Val Acc: 43.77%, Head: 52.39%, Med: 9.30%, Tail: 0.00% | SO: 8/38, rho: 0.000, nu: 0.158, escape: 0, kfac_inv: 8/8, graft_scale: 1.000
[trinity] Epoch 84/200 - Loss: 0.2194, Val Acc: 44.32%, Head: 52.65%, Med: 11.00%, Tail: 0.00% | SO: 8/38, rho: 0.000, nu: 0.191, escape: 0, kfac_inv: 8/8, graft_scale: 1.000
[trinity] Epoch 85/200 - Loss: 0.2070, Val Acc: 45.22%, Head: 54.44%, Med: 8.35%, Tail: 0.00% | SO: 8/38, rho: 0.000, nu: 0.164, escape: 0, kfac_inv: 8/8, graft_scale: 1.000
[trinity] Epoch 86/200 - Loss: 0.2003, Val Acc: 44.18%, Head: 52.60%, Med: 10.50%, Tail: 0.00% | SO: 8/38, rho: 0.000, nu: 0.164, escape: 0, kfac_inv: 8/8, graft_scale: 1.000
[trinity] Epoch 87/200 - Loss: 0.1798, Val Acc: 46.60%, Head: 56.25%, Med: 8.00%, Tail: 0.00% | SO: 8/38, rho: 0.000, nu: 0.184, escape: 0, kfac_inv: 8/8, graft_scale: 1.000
[trinity] Epoch 88/200 - Loss: 0.1641, Val Acc: 45.44%, Head: 55.41%, Med: 5.55%, Tail: 0.00% | SO: 8/38, rho: 0.000, nu: 0.184, escape: 0, kfac_inv: 8/8, graft_scale: 1.000
[trinity] Epoch 89/200 - Loss: 0.1508, Val Acc: 44.57%, Head: 53.55%, Med: 8.65%, Tail: 0.00% | SO: 8/38, rho: 0.000, nu: 0.151, escape: 0, kfac_inv: 8/8, graft_scale: 1.000
[trinity] Epoch 90/200 - Loss: 0.1513, Val Acc: 45.00%, Head: 53.88%, Med: 9.50%, Tail: 0.00% | SO: 8/38, rho: 0.000, nu: 0.132, escape: 0, kfac_inv: 8/8, graft_scale: 1.000
[trinity] Epoch 91/200 - Loss: 0.1418, Val Acc: 45.84%, Head: 54.60%, Med: 10.80%, Tail: 0.00% | SO: 8/38, rho: 0.000, nu: 0.138, escape: 0, kfac_inv: 8/8, graft_scale: 1.000
[trinity] Epoch 92/200 - Loss: 0.1444, Val Acc: 43.52%, Head: 53.29%, Med: 4.45%, Tail: 0.00% | SO: 8/38, rho: 0.000, nu: 0.118, escape: 0, kfac_inv: 8/8, graft_scale: 1.000
[trinity] Epoch 93/200 - Loss: 0.1371, Val Acc: 43.38%, Head: 52.39%, Med: 7.35%, Tail: 0.00% | SO: 8/38, rho: 0.000, nu: 0.112, escape: 0, kfac_inv: 8/8, graft_scale: 1.000
[trinity] Epoch 94/200 - Loss: 0.1240, Val Acc: 45.43%, Head: 53.04%, Med: 15.00%, Tail: 0.00% | SO: 8/38, rho: 0.000, nu: 0.099, escape: 0, kfac_inv: 8/8, graft_scale: 1.000
[trinity] Epoch 95/200 - Loss: 0.1148, Val Acc: 46.38%, Head: 54.48%, Med: 14.00%, Tail: 0.00% | SO: 8/38, rho: 0.000, nu: 0.092, escape: 0, kfac_inv: 8/8, graft_scale: 1.000
[trinity] Epoch 96/200 - Loss: 0.1035, Val Acc: 44.87%, Head: 54.25%, Med: 7.35%, Tail: 0.00% | SO: 8/38, rho: 0.000, nu: 0.092, escape: 0, kfac_inv: 8/8, graft_scale: 1.000
[trinity] Epoch 97/200 - Loss: 0.0943, Val Acc: 45.17%, Head: 54.85%, Med: 6.45%, Tail: 0.00% | SO: 8/38, rho: 0.000, nu: 0.112, escape: 0, kfac_inv: 8/8, graft_scale: 1.000
[trinity] Epoch 98/200 - Loss: 0.1037, Val Acc: 42.87%, Head: 51.86%, Med: 6.90%, Tail: 0.00% | SO: 8/38, rho: 0.000, nu: 0.105, escape: 0, kfac_inv: 8/8, graft_scale: 1.000
[trinity] Epoch 99/200 - Loss: 0.0888, Val Acc: 44.79%, Head: 53.66%, Med: 9.30%, Tail: 0.00% | SO: 8/38, rho: 0.000, nu: 0.086, escape: 0, kfac_inv: 8/8, graft_scale: 1.000
[trinity] Epoch 100/200 - Loss: 0.0904, Val Acc: 44.60%, Head: 53.27%, Med: 9.90%, Tail: 0.00% | SO: 8/38, rho: 0.000, nu: 0.086, escape: 0, kfac_inv: 8/8, graft_scale: 1.000
[trinity] Epoch 101/200 - Loss: 0.0853, Val Acc: 44.41%, Head: 53.05%, Med: 9.85%, Tail: 0.00% | SO: 8/38, rho: 0.000, nu: 0.092, escape: 0, kfac_inv: 0/0, graft_scale: 1.000
[trinity] Epoch 102/200 - Loss: 0.0778, Val Acc: 44.47%, Head: 54.56%, Med: 4.10%, Tail: 0.00% | SO: 8/38, rho: 0.000, nu: 0.132, escape: 0, kfac_inv: 8/8, graft_scale: 1.000
[trinity] Epoch 103/200 - Loss: 0.0745, Val Acc: 45.62%, Head: 54.17%, Med: 11.40%, Tail: 0.00% | SO: 8/38, rho: 0.000, nu: 0.178, escape: 0, kfac_inv: 8/8, graft_scale: 1.000
[trinity] Epoch 104/200 - Loss: 0.0766, Val Acc: 45.14%, Head: 54.04%, Med: 9.55%, Tail: 0.00% | SO: 8/38, rho: 0.000, nu: 0.145, escape: 0, kfac_inv: 8/8, graft_scale: 1.000
[trinity] Epoch 105/200 - Loss: 0.0616, Val Acc: 45.35%, Head: 54.51%, Med: 8.70%, Tail: 0.00% | SO: 8/38, rho: 0.000, nu: 0.151, escape: 0, kfac_inv: 8/8, graft_scale: 1.000
[trinity] Epoch 106/200 - Loss: 0.0620, Val Acc: 44.76%, Head: 54.00%, Med: 7.80%, Tail: 0.00% | SO: 8/38, rho: 0.000, nu: 0.230, escape: 0, kfac_inv: 8/8, graft_scale: 1.000
[trinity] Epoch 107/200 - Loss: 0.0609, Val Acc: 44.68%, Head: 53.84%, Med: 8.05%, Tail: 0.00% | SO: 8/38, rho: 0.000, nu: 0.224, escape: 0, kfac_inv: 8/8, graft_scale: 1.000
[trinity] Epoch 108/200 - Loss: 0.0530, Val Acc: 45.32%, Head: 54.12%, Med: 10.10%, Tail: 0.00% | SO: 8/38, rho: 0.000, nu: 0.250, escape: 0, kfac_inv: 8/8, graft_scale: 1.000
[trinity] Epoch 109/200 - Loss: 0.0515, Val Acc: 45.08%, Head: 54.29%, Med: 8.25%, Tail: 0.00% | SO: 8/38, rho: 0.000, nu: 0.237, escape: 0, kfac_inv: 8/8, graft_scale: 1.000
[trinity] Epoch 110/200 - Loss: 0.0520, Val Acc: 45.15%, Head: 55.11%, Med: 5.30%, Tail: 0.00% | SO: 8/38, rho: 0.000, nu: 0.217, escape: 0, kfac_inv: 8/8, graft_scale: 1.000
[trinity] Epoch 111/200 - Loss: 0.0514, Val Acc: 44.31%, Head: 54.04%, Med: 5.40%, Tail: 0.00% | SO: 8/38, rho: 0.000, nu: 0.204, escape: 0, kfac_inv: 8/8, graft_scale: 1.000
[trinity] Epoch 112/200 - Loss: 0.0430, Val Acc: 45.22%, Head: 54.19%, Med: 9.35%, Tail: 0.00% | SO: 8/38, rho: 0.000, nu: 0.217, escape: 0, kfac_inv: 8/8, graft_scale: 1.000
[trinity] Epoch 113/200 - Loss: 0.0485, Val Acc: 44.26%, Head: 53.44%, Med: 7.55%, Tail: 0.00% | SO: 8/38, rho: 0.000, nu: 0.158, escape: 0, kfac_inv: 8/8, graft_scale: 1.000
[trinity] Epoch 114/200 - Loss: 0.0458, Val Acc: 46.10%, Head: 55.23%, Med: 9.60%, Tail: 0.00% | SO: 8/38, rho: 0.000, nu: 0.164, escape: 0, kfac_inv: 8/8, graft_scale: 1.000
[trinity] Epoch 115/200 - Loss: 0.0405, Val Acc: 45.92%, Head: 54.92%, Med: 9.90%, Tail: 0.00% | SO: 8/38, rho: 0.000, nu: 0.158, escape: 0, kfac_inv: 8/8, graft_scale: 1.000
[trinity] Epoch 116/200 - Loss: 0.0418, Val Acc: 43.93%, Head: 53.11%, Med: 7.20%, Tail: 0.00% | SO: 8/38, rho: 0.000, nu: 0.138, escape: 0, kfac_inv: 8/8, graft_scale: 1.000
[trinity] Epoch 117/200 - Loss: 0.0434, Val Acc: 46.29%, Head: 55.08%, Med: 11.15%, Tail: 0.00% | SO: 8/38, rho: 0.000, nu: 0.125, escape: 0, kfac_inv: 8/8, graft_scale: 1.000
[trinity] Epoch 118/200 - Loss: 0.0337, Val Acc: 46.14%, Head: 55.91%, Med: 7.05%, Tail: 0.00% | SO: 8/38, rho: 0.000, nu: 0.112, escape: 0, kfac_inv: 8/8, graft_scale: 1.000
[trinity] Epoch 119/200 - Loss: 0.0311, Val Acc: 44.75%, Head: 53.75%, Med: 8.75%, Tail: 0.00% | SO: 8/38, rho: 0.000, nu: 0.105, escape: 0, kfac_inv: 8/8, graft_scale: 1.000
[trinity] Epoch 120/200 - Loss: 0.0346, Val Acc: 44.54%, Head: 53.65%, Med: 8.10%, Tail: 0.00% | SO: 8/38, rho: 0.000, nu: 0.099, escape: 0, kfac_inv: 8/8, graft_scale: 1.000
[trinity] Epoch 121/200 - Loss: 0.0287, Val Acc: 45.73%, Head: 54.09%, Med: 12.30%, Tail: 0.00% | SO: 8/38, rho: 0.000, nu: 0.132, escape: 0, kfac_inv: 8/8, graft_scale: 1.000
[trinity] Epoch 122/200 - Loss: 0.0309, Val Acc: 44.12%, Head: 53.14%, Med: 8.05%, Tail: 0.00% | SO: 8/38, rho: 0.000, nu: 0.112, escape: 0, kfac_inv: 8/8, graft_scale: 1.000
[trinity] Epoch 123/200 - Loss: 0.0342, Val Acc: 45.61%, Head: 54.96%, Med: 8.20%, Tail: 0.00% | SO: 8/38, rho: 0.000, nu: 0.105, escape: 0, kfac_inv: 8/8, graft_scale: 1.000
[trinity] Epoch 124/200 - Loss: 0.0283, Val Acc: 45.51%, Head: 54.74%, Med: 8.60%, Tail: 0.00% | SO: 8/38, rho: 0.000, nu: 0.099, escape: 0, kfac_inv: 8/8, graft_scale: 1.000
[trinity] Epoch 125/200 - Loss: 0.0299, Val Acc: 45.03%, Head: 53.88%, Med: 9.65%, Tail: 0.00% | SO: 8/38, rho: 0.000, nu: 0.112, escape: 0, kfac_inv: 8/8, graft_scale: 1.000
[trinity] Epoch 126/200 - Loss: 0.0281, Val Acc: 45.14%, Head: 54.59%, Med: 7.35%, Tail: 0.00% | SO: 8/38, rho: 0.000, nu: 0.105, escape: 0, kfac_inv: 8/8, graft_scale: 1.000
[trinity] Epoch 127/200 - Loss: 0.0236, Val Acc: 46.71%, Head: 55.98%, Med: 9.65%, Tail: 0.00% | SO: 8/38, rho: 0.000, nu: 0.145, escape: 0, kfac_inv: 8/8, graft_scale: 1.000
[trinity] Epoch 128/200 - Loss: 0.0207, Val Acc: 45.03%, Head: 54.30%, Med: 7.95%, Tail: 0.00% | SO: 8/38, rho: 0.000, nu: 0.105, escape: 0, kfac_inv: 8/8, graft_scale: 1.000
[trinity] Epoch 129/200 - Loss: 0.0232, Val Acc: 45.41%, Head: 54.49%, Med: 9.10%, Tail: 0.00% | SO: 8/38, rho: 0.000, nu: 0.099, escape: 0, kfac_inv: 8/8, graft_scale: 1.000
[trinity] Epoch 130/200 - Loss: 0.0197, Val Acc: 46.28%, Head: 55.67%, Med: 8.70%, Tail: 0.00% | SO: 8/38, rho: 0.000, nu: 0.099, escape: 0, kfac_inv: 8/8, graft_scale: 1.000
[trinity] Epoch 131/200 - Loss: 0.0219, Val Acc: 45.04%, Head: 54.55%, Med: 7.00%, Tail: 0.00% | SO: 8/38, rho: 0.000, nu: 0.118, escape: 0, kfac_inv: 8/8, graft_scale: 1.000
[trinity] Epoch 132/200 - Loss: 0.0211, Val Acc: 45.04%, Head: 54.58%, Med: 6.90%, Tail: 0.00% | SO: 8/38, rho: 0.000, nu: 0.118, escape: 0, kfac_inv: 8/8, graft_scale: 1.000
[trinity] Epoch 133/200 - Loss: 0.0193, Val Acc: 45.52%, Head: 55.26%, Med: 6.55%, Tail: 0.00% | SO: 8/38, rho: 0.000, nu: 0.151, escape: 0, kfac_inv: 8/8, graft_scale: 1.000
[trinity] Epoch 134/200 - Loss: 0.0191, Val Acc: 45.07%, Head: 53.70%, Med: 10.55%, Tail: 0.00% | SO: 8/38, rho: 0.000, nu: 0.138, escape: 0, kfac_inv: 0/0, graft_scale: 1.000
[trinity] Epoch 135/200 - Loss: 0.0130, Val Acc: 44.51%, Head: 53.76%, Med: 7.50%, Tail: 0.00% | SO: 8/38, rho: 0.000, nu: 0.151, escape: 0, kfac_inv: 8/8, graft_scale: 1.000
[trinity] Epoch 136/200 - Loss: 0.0136, Val Acc: 44.05%, Head: 53.09%, Med: 7.90%, Tail: 0.00% | SO: 8/38, rho: 0.000, nu: 0.237, escape: 0, kfac_inv: 8/8, graft_scale: 1.000
[trinity] Epoch 137/200 - Loss: 0.0166, Val Acc: 44.47%, Head: 53.94%, Med: 6.60%, Tail: 0.00% | SO: 8/38, rho: 0.000, nu: 0.289, escape: 0, kfac_inv: 8/8, graft_scale: 1.000
[trinity] Epoch 138/200 - Loss: 0.0138, Val Acc: 45.44%, Head: 54.76%, Med: 8.15%, Tail: 0.00% | SO: 8/38, rho: 0.000, nu: 0.296, escape: 0, kfac_inv: 8/8, graft_scale: 1.000
[trinity] Epoch 139/200 - Loss: 0.0159, Val Acc: 46.00%, Head: 54.89%, Med: 10.45%, Tail: 0.00% | SO: 8/38, rho: 0.000, nu: 0.276, escape: 0, kfac_inv: 8/8, graft_scale: 1.000
[trinity] Epoch 140/200 - Loss: 0.0138, Val Acc: 45.11%, Head: 54.85%, Med: 6.15%, Tail: 0.00% | SO: 8/38, rho: 0.000, nu: 0.243, escape: 0, kfac_inv: 8/8, graft_scale: 1.000
[trinity] Epoch 141/200 - Loss: 0.0116, Val Acc: 46.11%, Head: 55.12%, Med: 10.05%, Tail: 0.00% | SO: 8/38, rho: 0.000, nu: 0.230, escape: 0, kfac_inv: 8/8, graft_scale: 1.000
[trinity] Epoch 142/200 - Loss: 0.0103, Val Acc: 45.53%, Head: 55.49%, Med: 5.70%, Tail: 0.00% | SO: 8/38, rho: 0.000, nu: 0.211, escape: 0, kfac_inv: 8/8, graft_scale: 1.000
[trinity] Epoch 143/200 - Loss: 0.0092, Val Acc: 45.29%, Head: 55.38%, Med: 4.95%, Tail: 0.00% | SO: 8/38, rho: 0.000, nu: 0.138, escape: 0, kfac_inv: 8/8, graft_scale: 1.000
[trinity] Epoch 144/200 - Loss: 0.0087, Val Acc: 46.46%, Head: 56.16%, Med: 7.65%, Tail: 0.00% | SO: 8/38, rho: 0.000, nu: 0.046, escape: 0, kfac_inv: 8/8, graft_scale: 1.000
[trinity] Epoch 145/200 - Loss: 0.0074, Val Acc: 46.43%, Head: 55.96%, Med: 8.30%, Tail: 0.00% | SO: 8/38, rho: 0.000, nu: 0.053, escape: 0, kfac_inv: 8/8, graft_scale: 1.000
[trinity] Epoch 146/200 - Loss: 0.0075, Val Acc: 45.64%, Head: 55.29%, Med: 7.05%, Tail: 0.00% | SO: 8/38, rho: 0.000, nu: 0.053, escape: 0, kfac_inv: 8/8, graft_scale: 1.000
[trinity] Epoch 147/200 - Loss: 0.0066, Val Acc: 46.24%, Head: 55.88%, Med: 7.70%, Tail: 0.00% | SO: 8/38, rho: 0.000, nu: 0.079, escape: 0, kfac_inv: 8/8, graft_scale: 1.000
[trinity] Epoch 148/200 - Loss: 0.0070, Val Acc: 45.26%, Head: 54.94%, Med: 6.55%, Tail: 0.00% | SO: 8/38, rho: 0.000, nu: 0.066, escape: 0, kfac_inv: 8/8, graft_scale: 1.000
[trinity] Epoch 149/200 - Loss: 0.0059, Val Acc: 44.61%, Head: 54.08%, Med: 6.75%, Tail: 0.00% | SO: 8/38, rho: 0.000, nu: 0.125, escape: 0, kfac_inv: 8/8, graft_scale: 1.000
[trinity] Epoch 150/200 - Loss: 0.0058, Val Acc: 46.52%, Head: 55.34%, Med: 11.25%, Tail: 0.00% | SO: 8/38, rho: 0.000, nu: 0.151, escape: 0, kfac_inv: 8/8, graft_scale: 1.000
[trinity] Epoch 151/200 - Loss: 0.0051, Val Acc: 46.23%, Head: 55.39%, Med: 9.60%, Tail: 0.00% | SO: 8/38, rho: 0.000, nu: 0.138, escape: 0, kfac_inv: 8/8, graft_scale: 1.000
[trinity] Epoch 152/200 - Loss: 0.0047, Val Acc: 45.22%, Head: 54.40%, Med: 8.50%, Tail: 0.00% | SO: 8/38, rho: 0.000, nu: 0.151, escape: 0, kfac_inv: 8/8, graft_scale: 1.000
[trinity] Epoch 153/200 - Loss: 0.0052, Val Acc: 45.96%, Head: 55.45%, Med: 8.00%, Tail: 0.00% | SO: 8/38, rho: 0.000, nu: 0.138, escape: 0, kfac_inv: 8/8, graft_scale: 1.000
[trinity] Epoch 154/200 - Loss: 0.0059, Val Acc: 44.92%, Head: 54.69%, Med: 5.85%, Tail: 0.00% | SO: 8/38, rho: 0.000, nu: 0.164, escape: 0, kfac_inv: 8/8, graft_scale: 1.000
[trinity] Epoch 155/200 - Loss: 0.0056, Val Acc: 45.41%, Head: 54.10%, Med: 10.65%, Tail: 0.00% | SO: 8/38, rho: 0.000, nu: 0.204, escape: 0, kfac_inv: 8/8, graft_scale: 1.000
[trinity] Epoch 156/200 - Loss: 0.0045, Val Acc: 44.82%, Head: 54.05%, Med: 7.90%, Tail: 0.00% | SO: 8/38, rho: 0.000, nu: 0.197, escape: 0, kfac_inv: 8/8, graft_scale: 1.000
[trinity] Epoch 157/200 - Loss: 0.0031, Val Acc: 45.47%, Head: 54.75%, Med: 8.35%, Tail: 0.00% | SO: 8/38, rho: 0.000, nu: 0.184, escape: 0, kfac_inv: 8/8, graft_scale: 1.000
[trinity] Epoch 158/200 - Loss: 0.0037, Val Acc: 45.79%, Head: 55.09%, Med: 8.60%, Tail: 0.00% | SO: 8/38, rho: 0.000, nu: 0.191, escape: 0, kfac_inv: 8/8, graft_scale: 1.000
[trinity] Epoch 159/200 - Loss: 0.0049, Val Acc: 45.40%, Head: 55.16%, Med: 6.35%, Tail: 0.00% | SO: 8/38, rho: 0.000, nu: 0.191, escape: 0, kfac_inv: 8/8, graft_scale: 1.000
[trinity] Epoch 160/200 - Loss: 0.0052, Val Acc: 44.89%, Head: 54.16%, Med: 7.80%, Tail: 0.00% | SO: 8/38, rho: 0.000, nu: 0.184, escape: 0, kfac_inv: 8/8, graft_scale: 1.000
[trinity] Epoch 161/200 - Loss: 0.0038, Val Acc: 44.59%, Head: 54.15%, Med: 6.35%, Tail: 0.00% | SO: 8/38, rho: 0.000, nu: 0.164, escape: 0, kfac_inv: 8/8, graft_scale: 1.000
[trinity] Epoch 162/200 - Loss: 0.0041, Val Acc: 45.17%, Head: 54.69%, Med: 7.10%, Tail: 0.00% | SO: 8/38, rho: 0.000, nu: 0.138, escape: 0, kfac_inv: 8/8, graft_scale: 1.000
[trinity] Epoch 163/200 - Loss: 0.0023, Val Acc: 45.08%, Head: 54.62%, Med: 6.90%, Tail: 0.00% | SO: 8/38, rho: 0.000, nu: 0.086, escape: 0, kfac_inv: 8/8, graft_scale: 1.000
[trinity] Epoch 164/200 - Loss: 0.0033, Val Acc: 45.09%, Head: 54.70%, Med: 6.65%, Tail: 0.00% | SO: 8/38, rho: 0.000, nu: 0.145, escape: 1, kfac_inv: 8/8, graft_scale: 1.000
[trinity] Epoch 165/200 - Loss: 0.0031, Val Acc: 45.47%, Head: 54.64%, Med: 8.80%, Tail: 0.00% | SO: 8/38, rho: 0.000, nu: 0.125, escape: 0, kfac_inv: 8/8, graft_scale: 1.000
[trinity] Epoch 166/200 - Loss: 0.0031, Val Acc: 44.71%, Head: 54.34%, Med: 6.20%, Tail: 0.00% | SO: 8/38, rho: 0.000, nu: 0.118, escape: 0, kfac_inv: 8/8, graft_scale: 1.000
[trinity] Epoch 167/200 - Loss: 0.0016, Val Acc: 45.51%, Head: 55.10%, Med: 7.15%, Tail: 0.00% | SO: 8/38, rho: 0.000, nu: 0.118, escape: 0, kfac_inv: 0/0, graft_scale: 1.000
[trinity] Epoch 168/200 - Loss: 0.0016, Val Acc: 45.34%, Head: 54.99%, Med: 6.75%, Tail: 0.00% | SO: 8/38, rho: 0.000, nu: 0.125, escape: 0, kfac_inv: 8/8, graft_scale: 1.000
[trinity] Epoch 169/200 - Loss: 0.0019, Val Acc: 44.91%, Head: 54.48%, Med: 6.65%, Tail: 0.00% | SO: 8/38, rho: 0.000, nu: 0.125, escape: 0, kfac_inv: 8/8, graft_scale: 1.000
[trinity] Epoch 170/200 - Loss: 0.0015, Val Acc: 45.12%, Head: 54.56%, Med: 7.35%, Tail: 0.00% | SO: 8/38, rho: 0.000, nu: 0.125, escape: 0, kfac_inv: 8/8, graft_scale: 1.000
[trinity] Epoch 171/200 - Loss: 0.0016, Val Acc: 44.80%, Head: 54.40%, Med: 6.40%, Tail: 0.00% | SO: 8/38, rho: 0.000, nu: 0.033, escape: 0, kfac_inv: 8/8, graft_scale: 1.000
[trinity] Epoch 172/200 - Loss: 0.0017, Val Acc: 45.27%, Head: 54.76%, Med: 7.30%, Tail: 0.00% | SO: 8/38, rho: 0.000, nu: 0.053, escape: 0, kfac_inv: 8/8, graft_scale: 1.000
[trinity] Epoch 173/200 - Loss: 0.0020, Val Acc: 44.24%, Head: 53.62%, Med: 6.70%, Tail: 0.00% | SO: 8/38, rho: 0.000, nu: 0.059, escape: 0, kfac_inv: 8/8, graft_scale: 1.000
[trinity] Epoch 174/200 - Loss: 0.0012, Val Acc: 44.80%, Head: 54.21%, Med: 7.15%, Tail: 0.00% | SO: 8/38, rho: 0.000, nu: 0.079, escape: 0, kfac_inv: 8/8, graft_scale: 1.000
[trinity] Epoch 175/200 - Loss: 0.0018, Val Acc: 44.93%, Head: 54.19%, Med: 7.90%, Tail: 0.00% | SO: 8/38, rho: 0.000, nu: 0.072, escape: 0, kfac_inv: 8/8, graft_scale: 1.000
[trinity] Epoch 176/200 - Loss: 0.0014, Val Acc: 45.59%, Head: 54.90%, Med: 8.35%, Tail: 0.00% | SO: 8/38, rho: 0.000, nu: 0.059, escape: 0, kfac_inv: 8/8, graft_scale: 1.000
[trinity] Epoch 177/200 - Loss: 0.0011, Val Acc: 44.92%, Head: 54.12%, Med: 8.10%, Tail: 0.00% | SO: 8/38, rho: 0.000, nu: 0.059, escape: 0, kfac_inv: 8/8, graft_scale: 1.000
[trinity] Epoch 178/200 - Loss: 0.0009, Val Acc: 45.17%, Head: 54.67%, Med: 7.15%, Tail: 0.00% | SO: 8/38, rho: 0.000, nu: 0.059, escape: 0, kfac_inv: 8/8, graft_scale: 1.000
[trinity] Epoch 179/200 - Loss: 0.0008, Val Acc: 45.57%, Head: 55.16%, Med: 7.20%, Tail: 0.00% | SO: 8/38, rho: 0.000, nu: 0.092, escape: 2, kfac_inv: 8/8, graft_scale: 1.000
[trinity] Epoch 180/200 - Loss: 0.0010, Val Acc: 45.54%, Head: 55.12%, Med: 7.20%, Tail: 0.00% | SO: 8/38, rho: 0.000, nu: 0.086, escape: 0, kfac_inv: 8/8, graft_scale: 1.000
[trinity] Epoch 181/200 - Loss: 0.0011, Val Acc: 45.39%, Head: 54.99%, Med: 7.00%, Tail: 0.00% | SO: 8/38, rho: 0.000, nu: 0.079, escape: 0, kfac_inv: 8/8, graft_scale: 1.000
[trinity] Epoch 182/200 - Loss: 0.0010, Val Acc: 45.35%, Head: 54.83%, Med: 7.45%, Tail: 0.00% | SO: 8/38, rho: 0.000, nu: 0.112, escape: 0, kfac_inv: 8/8, graft_scale: 1.000
[trinity] Epoch 183/200 - Loss: 0.0014, Val Acc: 45.24%, Head: 54.66%, Med: 7.55%, Tail: 0.00% | SO: 8/38, rho: 0.000, nu: 0.118, escape: 0, kfac_inv: 8/8, graft_scale: 1.000
[trinity] Epoch 184/200 - Loss: 0.0019, Val Acc: 45.13%, Head: 54.62%, Med: 7.15%, Tail: 0.00% | SO: 8/38, rho: 0.000, nu: 0.112, escape: 0, kfac_inv: 8/8, graft_scale: 1.000
[trinity] Epoch 185/200 - Loss: 0.0014, Val Acc: 45.26%, Head: 54.65%, Med: 7.70%, Tail: 0.00% | SO: 8/38, rho: 0.000, nu: 0.145, escape: 0, kfac_inv: 8/8, graft_scale: 1.000
[trinity] Epoch 186/200 - Loss: 0.0016, Val Acc: 45.55%, Head: 54.84%, Med: 8.40%, Tail: 0.00% | SO: 8/38, rho: 0.000, nu: 0.145, escape: 0, kfac_inv: 8/8, graft_scale: 1.000
[trinity] Epoch 187/200 - Loss: 0.0009, Val Acc: 45.52%, Head: 54.81%, Med: 8.35%, Tail: 0.00% | SO: 8/38, rho: 0.000, nu: 0.118, escape: 0, kfac_inv: 8/8, graft_scale: 1.000
[trinity] Epoch 188/200 - Loss: 0.0005, Val Acc: 45.54%, Head: 54.77%, Med: 8.60%, Tail: 0.00% | SO: 8/38, rho: 0.000, nu: 0.105, escape: 0, kfac_inv: 8/8, graft_scale: 1.000
[trinity] Epoch 189/200 - Loss: 0.0009, Val Acc: 45.40%, Head: 54.77%, Med: 7.90%, Tail: 0.00% | SO: 8/38, rho: 0.000, nu: 0.086, escape: 0, kfac_inv: 8/8, graft_scale: 1.000
[trinity] Epoch 190/200 - Loss: 0.0006, Val Acc: 45.26%, Head: 54.65%, Med: 7.70%, Tail: 0.00% | SO: 8/38, rho: 0.000, nu: 0.066, escape: 0, kfac_inv: 8/8, graft_scale: 1.000
[trinity] Epoch 191/200 - Loss: 0.0005, Val Acc: 45.40%, Head: 54.80%, Med: 7.80%, Tail: 0.00% | SO: 8/38, rho: 0.000, nu: 0.066, escape: 0, kfac_inv: 8/8, graft_scale: 1.000
[trinity] Epoch 192/200 - Loss: 0.0008, Val Acc: 45.41%, Head: 54.80%, Med: 7.85%, Tail: 0.00% | SO: 8/38, rho: 0.000, nu: 0.072, escape: 0, kfac_inv: 8/8, graft_scale: 1.000
[trinity] Epoch 193/200 - Loss: 0.0005, Val Acc: 45.46%, Head: 54.83%, Med: 8.00%, Tail: 0.00% | SO: 8/38, rho: 0.000, nu: 0.059, escape: 0, kfac_inv: 8/8, graft_scale: 1.000
[trinity] Epoch 194/200 - Loss: 0.0004, Val Acc: 45.50%, Head: 54.89%, Med: 7.95%, Tail: 0.00% | SO: 8/38, rho: 0.000, nu: 0.046, escape: 0, kfac_inv: 8/8, graft_scale: 1.000
[trinity] Epoch 195/200 - Loss: 0.0005, Val Acc: 45.45%, Head: 54.84%, Med: 7.90%, Tail: 0.00% | SO: 8/38, rho: 0.000, nu: 0.053, escape: 0, kfac_inv: 8/8, graft_scale: 1.000
[trinity] Epoch 196/200 - Loss: 0.0008, Val Acc: 45.56%, Head: 54.98%, Med: 7.90%, Tail: 0.00% | SO: 8/38, rho: 0.000, nu: 0.059, escape: 0, kfac_inv: 8/8, graft_scale: 1.000
[trinity] Epoch 197/200 - Loss: 0.0015, Val Acc: 45.57%, Head: 54.98%, Med: 7.95%, Tail: 0.00% | SO: 8/38, rho: 0.000, nu: 0.059, escape: 0, kfac_inv: 8/8, graft_scale: 1.000
[trinity] Epoch 198/200 - Loss: 0.0006, Val Acc: 45.57%, Head: 54.99%, Med: 7.90%, Tail: 0.00% | SO: 8/38, rho: 0.000, nu: 0.053, escape: 0, kfac_inv: 8/8, graft_scale: 1.000
[trinity] Epoch 199/200 - Loss: 0.0005, Val Acc: 45.52%, Head: 54.92%, Med: 7.90%, Tail: 0.00% | SO: 8/38, rho: 0.000, nu: 0.039, escape: 0, kfac_inv: 8/8, graft_scale: 1.000
wandb: updating run metadata
wandb: updating run metadata; uploading history steps 197-199, summary, console lines 198-200
wandb: uploading output.log; uploading wandb-summary.json; uploading config.yaml
wandb: uploading output.log; uploading wandb-summary.json
wandb: uploading data
wandb: 
wandb: Run history:
wandb:                       epoch ▁▁▁▂▂▂▂▂▂▃▃▃▃▃▃▃▃▄▄▄▄▄▅▅▅▅▆▆▆▆▆▇▇▇▇▇▇███
wandb:                   train/acc ▁▃▃▃▃▄▄▄▄▄▅▅▅▅▅▆▆▇▇▇████████████████████
wandb:                  train/loss █▇▆▆▆▅▅▅▅▅▄▄▃▃▃▃▂▂▂▂▂▁▁▁▁▁▁▁▁▁▁▁▁▁▁▁▁▁▁▁
wandb:       trinity/blocks_probed ▁▁█▁▁█▁▁█▁▁▁▁▁█▁▁▁▁▁▁▁▁██▁█▁█▁▁▁▁▁▁▁▁▁▁▁
wandb:        trinity/escape_fires ▁▁▁▁▁▁▁▁▁▁▁▁▁▁▁▁▁▁▁▁▁▁▁▁▁▁▁▁▁▁▁▁▁▁▁█▁▁▁▁
wandb:  trinity/grafting_scale_max ▁▁▁▁▁▁▁▁▁▁▁▁▁▁▁▁▁▁▁▁▁▁▁▁▁▁▁▁▁▁▁▁▁▁▁▁▁▁▁▁
wandb: trinity/grafting_scale_mean ▁▁▁▁▁▁▁▁▁▁▁▁▁▁▁▁▁▁▁▁▁▁▁▁▁▁▁▁▁▁▁▁▁▁▁▁▁▁▁▁
wandb:  trinity/grafting_scale_min ▁▁▁▁▁▁▁▁▁▁▁▁▁▁▁▁▁▁▁▁▁▁▁▁▁▁▁▁▁▁▁▁▁▁▁▁▁▁▁▁
wandb:       trinity/kfac_inv_fail ▁▁▁▁▁▁▁▁▁▁▁▁▁▁▁▁▁▁▁▁▁▁▁▁▁▁▁▁▁▁▁▁▁▁▁▁▁▁▁▁
wandb:    trinity/kfac_inv_success ▁██████████████████████████▁████████████
wandb:                         +13 ...
wandb: 
wandb: Run summary:
wandb:                       epoch 200
wandb:                   train/acc 99.98388
wandb:                  train/loss 0.00099
wandb:       trinity/blocks_probed 4
wandb:        trinity/escape_fires 0
wandb:  trinity/grafting_scale_max 1
wandb: trinity/grafting_scale_mean 1
wandb:  trinity/grafting_scale_min 1
wandb:       trinity/kfac_inv_fail 0
wandb:    trinity/kfac_inv_success 8
wandb:                         +13 ...
wandb: 
wandb: 🚀 View run trinity_no_grafting at: https://wandb.ai/dcll-iiitd/ablation-new-transformer/runs/d3vkqu36
wandb: ⭐️ View project at: https://wandb.ai/dcll-iiitd/ablation-new-transformer
wandb: Synced 5 W&B file(s), 0 media file(s), 0 artifact file(s) and 0 other file(s)
wandb: Find logs at: ./wandb/run-20260910_211542-d3vkqu36/logs
[trinity] Epoch 200/200 - Loss: 0.0010, Val Acc: 45.52%, Head: 54.92%, Med: 7.90%, Tail: 0.00% | SO: 8/38, rho: 0.000, nu: 0.033, escape: 0, kfac_inv: 8/8, graft_scale: 1.000
wandb: [wandb.login()] Loaded credentials for https://api.wandb.ai from /home/anant/.netrc.
wandb: Currently logged in as: anant-jain (dcll-iiitd) to https://api.wandb.ai. Use `wandb login --relogin` to force relogin
wandb: setting up run 5yxzimmd
wandb: Tracking run with wandb version 0.29.0
wandb: Run data is saved locally in /home/anant/update-trinity/Trinity-opt-DSAA2026/wandb/run-20260910_213521-5yxzimmd
wandb: Run `wandb offline` to turn off syncing.
wandb: Syncing run trinity_without_kfac
wandb: ⭐️ View project at https://wandb.ai/dcll-iiitd/ablation-new-transformer
wandb: 🚀 View run at https://wandb.ai/dcll-iiitd/ablation-new-transformer/runs/5yxzimmd
[*] Generated Long-Tailed CIFAR-10 (Imbalance: 0.01). Total train samples: 12406
[trinity] Epoch 1/200 - Loss: 1.5149, Val Acc: 18.59%, Head: 23.24%, Med: 0.00%, Tail: 0.00% | SO: 0/38, rho: nan, nu: 0.007, escape: 0, kfac_inv: 0/0, graft_scale: 1.000
[trinity] Epoch 2/200 - Loss: 1.2404, Val Acc: 23.67%, Head: 29.59%, Med: 0.00%, Tail: 0.00% | SO: 0/38, rho: nan, nu: 0.066, escape: 0, kfac_inv: 0/0, graft_scale: 1.000
[trinity] Epoch 3/200 - Loss: 1.1463, Val Acc: 26.33%, Head: 32.91%, Med: 0.00%, Tail: 0.00% | SO: 0/38, rho: nan, nu: 0.072, escape: 0, kfac_inv: 0/0, graft_scale: 1.000
[trinity] Epoch 4/200 - Loss: 1.0656, Val Acc: 25.70%, Head: 32.12%, Med: 0.00%, Tail: 0.00% | SO: 0/38, rho: nan, nu: 0.112, escape: 0, kfac_inv: 0/0, graft_scale: 1.000
[trinity] Epoch 5/200 - Loss: 1.0239, Val Acc: 25.66%, Head: 32.08%, Med: 0.00%, Tail: 0.00% | SO: 0/38, rho: nan, nu: 0.138, escape: 0, kfac_inv: 0/0, graft_scale: 1.000
[trinity] Epoch 6/200 - Loss: 0.9994, Val Acc: 26.32%, Head: 32.90%, Med: 0.00%, Tail: 0.00% | SO: 0/38, rho: nan, nu: 0.145, escape: 0, kfac_inv: 0/0, graft_scale: 1.000
[trinity] Epoch 7/200 - Loss: 0.9486, Val Acc: 30.73%, Head: 38.41%, Med: 0.00%, Tail: 0.00% | SO: 0/38, rho: nan, nu: 0.250, escape: 0, kfac_inv: 0/0, graft_scale: 1.000
[trinity] Epoch 8/200 - Loss: 0.9248, Val Acc: 26.07%, Head: 32.59%, Med: 0.00%, Tail: 0.00% | SO: 0/38, rho: nan, nu: 0.257, escape: 0, kfac_inv: 0/0, graft_scale: 1.000
[trinity] Epoch 9/200 - Loss: 0.9072, Val Acc: 27.27%, Head: 34.09%, Med: 0.00%, Tail: 0.00% | SO: 0/38, rho: nan, nu: 0.270, escape: 0, kfac_inv: 0/0, graft_scale: 1.000
[trinity] Epoch 10/200 - Loss: 0.8805, Val Acc: 30.55%, Head: 38.19%, Med: 0.00%, Tail: 0.00% | SO: 0/38, rho: nan, nu: 0.243, escape: 0, kfac_inv: 0/0, graft_scale: 1.000
[trinity] Epoch 11/200 - Loss: 0.8637, Val Acc: 33.99%, Head: 42.49%, Med: 0.00%, Tail: 0.00% | SO: 0/38, rho: nan, nu: 0.270, escape: 0, kfac_inv: 0/0, graft_scale: 1.000
[trinity] Epoch 12/200 - Loss: 0.8474, Val Acc: 31.94%, Head: 39.90%, Med: 0.10%, Tail: 0.00% | SO: 0/38, rho: nan, nu: 0.270, escape: 0, kfac_inv: 0/0, graft_scale: 1.000
[trinity] Epoch 13/200 - Loss: 0.8228, Val Acc: 33.03%, Head: 41.27%, Med: 0.05%, Tail: 0.00% | SO: 0/38, rho: nan, nu: 0.322, escape: 0, kfac_inv: 0/0, graft_scale: 1.000
[trinity] Epoch 14/200 - Loss: 0.8139, Val Acc: 31.83%, Head: 39.79%, Med: 0.00%, Tail: 0.00% | SO: 0/38, rho: nan, nu: 0.289, escape: 0, kfac_inv: 0/0, graft_scale: 1.000
[trinity] Epoch 15/200 - Loss: 0.8027, Val Acc: 35.42%, Head: 44.17%, Med: 0.40%, Tail: 0.00% | SO: 0/38, rho: nan, nu: 0.309, escape: 0, kfac_inv: 0/0, graft_scale: 1.000
[trinity] Epoch 16/200 - Loss: 0.7779, Val Acc: 35.58%, Head: 44.42%, Med: 0.20%, Tail: 0.00% | SO: 0/38, rho: nan, nu: 0.322, escape: 0, kfac_inv: 0/0, graft_scale: 1.000
[trinity] Epoch 17/200 - Loss: 0.7837, Val Acc: 41.56%, Head: 51.74%, Med: 0.85%, Tail: 0.00% | SO: 0/38, rho: nan, nu: 0.303, escape: 0, kfac_inv: 0/0, graft_scale: 1.000
[trinity] Epoch 18/200 - Loss: 0.7639, Val Acc: 37.41%, Head: 46.64%, Med: 0.50%, Tail: 0.00% | SO: 0/38, rho: nan, nu: 0.276, escape: 0, kfac_inv: 0/0, graft_scale: 1.000
[trinity] Epoch 19/200 - Loss: 0.7475, Val Acc: 37.76%, Head: 47.17%, Med: 0.10%, Tail: 0.00% | SO: 0/38, rho: nan, nu: 0.296, escape: 0, kfac_inv: 0/0, graft_scale: 1.000
[trinity] Epoch 20/200 - Loss: 0.7328, Val Acc: 38.46%, Head: 47.91%, Med: 0.65%, Tail: 0.00% | SO: 0/38, rho: nan, nu: 0.270, escape: 0, kfac_inv: 0/0, graft_scale: 1.000
[trinity] Epoch 21/200 - Loss: 0.7305, Val Acc: 39.87%, Head: 49.44%, Med: 1.60%, Tail: 0.00% | SO: 0/38, rho: nan, nu: 0.243, escape: 0, kfac_inv: 0/0, graft_scale: 1.000
[trinity] Epoch 22/200 - Loss: 0.7147, Val Acc: 36.82%, Head: 45.06%, Med: 3.85%, Tail: 0.00% | SO: 0/38, rho: nan, nu: 0.230, escape: 0, kfac_inv: 0/0, graft_scale: 1.000
[trinity] Epoch 23/200 - Loss: 0.7039, Val Acc: 39.51%, Head: 48.99%, Med: 1.60%, Tail: 0.00% | SO: 0/38, rho: nan, nu: 0.204, escape: 0, kfac_inv: 0/0, graft_scale: 1.000
[trinity] Epoch 24/200 - Loss: 0.6864, Val Acc: 39.71%, Head: 48.00%, Med: 6.55%, Tail: 0.00% | SO: 0/38, rho: nan, nu: 0.224, escape: 0, kfac_inv: 0/0, graft_scale: 1.000
[trinity] Epoch 25/200 - Loss: 0.6734, Val Acc: 41.28%, Head: 50.98%, Med: 2.50%, Tail: 0.00% | SO: 0/38, rho: nan, nu: 0.243, escape: 0, kfac_inv: 0/0, graft_scale: 1.000
[trinity] Epoch 26/200 - Loss: 0.6734, Val Acc: 42.66%, Head: 52.83%, Med: 2.00%, Tail: 0.00% | SO: 0/38, rho: nan, nu: 0.243, escape: 0, kfac_inv: 0/0, graft_scale: 1.000
[trinity] Epoch 27/200 - Loss: 0.6509, Val Acc: 38.03%, Head: 46.77%, Med: 3.05%, Tail: 0.00% | SO: 0/38, rho: nan, nu: 0.263, escape: 0, kfac_inv: 0/0, graft_scale: 1.000
[trinity] Epoch 28/200 - Loss: 0.6440, Val Acc: 41.53%, Head: 50.30%, Med: 6.45%, Tail: 0.00% | SO: 0/38, rho: nan, nu: 0.204, escape: 0, kfac_inv: 0/0, graft_scale: 1.000
[trinity] Epoch 29/200 - Loss: 0.6361, Val Acc: 40.89%, Head: 50.11%, Med: 4.00%, Tail: 0.00% | SO: 0/38, rho: nan, nu: 0.171, escape: 0, kfac_inv: 0/0, graft_scale: 1.000
[trinity] Epoch 30/200 - Loss: 0.6222, Val Acc: 41.39%, Head: 51.27%, Med: 1.85%, Tail: 0.00% | SO: 0/38, rho: nan, nu: 0.224, escape: 0, kfac_inv: 0/0, graft_scale: 1.000
[trinity] Epoch 31/200 - Loss: 0.6057, Val Acc: 43.21%, Head: 52.34%, Med: 6.70%, Tail: 0.00% | SO: 0/38, rho: nan, nu: 0.316, escape: 0, kfac_inv: 0/0, graft_scale: 1.000
[trinity] Epoch 32/200 - Loss: 0.5926, Val Acc: 41.68%, Head: 51.91%, Med: 0.75%, Tail: 0.00% | SO: 0/38, rho: nan, nu: 0.316, escape: 0, kfac_inv: 0/0, graft_scale: 1.000
[trinity] Epoch 33/200 - Loss: 0.5882, Val Acc: 42.46%, Head: 51.39%, Med: 6.75%, Tail: 0.00% | SO: 0/38, rho: nan, nu: 0.316, escape: 0, kfac_inv: 0/0, graft_scale: 1.000
[trinity] Epoch 34/200 - Loss: 0.5809, Val Acc: 44.95%, Head: 54.42%, Med: 7.05%, Tail: 0.00% | SO: 0/38, rho: nan, nu: 0.355, escape: 0, kfac_inv: 0/0, graft_scale: 1.000
[trinity] Epoch 35/200 - Loss: 0.5630, Val Acc: 45.86%, Head: 55.83%, Med: 6.00%, Tail: 0.00% | SO: 0/38, rho: nan, nu: 0.368, escape: 0, kfac_inv: 0/0, graft_scale: 1.000
[trinity] Epoch 36/200 - Loss: 0.5542, Val Acc: 40.70%, Head: 50.09%, Med: 3.15%, Tail: 0.00% | SO: 0/38, rho: nan, nu: 0.388, escape: 0, kfac_inv: 0/0, graft_scale: 1.000
[trinity] Epoch 37/200 - Loss: 0.5377, Val Acc: 45.57%, Head: 54.24%, Med: 10.90%, Tail: 0.00% | SO: 0/38, rho: nan, nu: 0.382, escape: 0, kfac_inv: 0/0, graft_scale: 1.000
[trinity] Epoch 38/200 - Loss: 0.5187, Val Acc: 45.37%, Head: 55.34%, Med: 5.50%, Tail: 0.00% | SO: 0/38, rho: nan, nu: 0.303, escape: 0, kfac_inv: 0/0, graft_scale: 1.000
[trinity] Epoch 39/200 - Loss: 0.5048, Val Acc: 44.93%, Head: 54.34%, Med: 7.30%, Tail: 0.00% | SO: 0/38, rho: nan, nu: 0.237, escape: 0, kfac_inv: 0/0, graft_scale: 1.000
[trinity] Epoch 40/200 - Loss: 0.4947, Val Acc: 42.06%, Head: 51.96%, Med: 2.45%, Tail: 0.00% | SO: 0/38, rho: nan, nu: 0.250, escape: 0, kfac_inv: 0/0, graft_scale: 1.000
[trinity] Epoch 41/200 - Loss: 0.4781, Val Acc: 44.08%, Head: 53.77%, Med: 5.30%, Tail: 0.00% | SO: 0/38, rho: nan, nu: 0.151, escape: 0, kfac_inv: 0/0, graft_scale: 1.000
[trinity] Epoch 42/200 - Loss: 0.4577, Val Acc: 44.24%, Head: 53.21%, Med: 8.35%, Tail: 0.00% | SO: 0/38, rho: nan, nu: 0.145, escape: 0, kfac_inv: 0/0, graft_scale: 1.000
[trinity] Epoch 43/200 - Loss: 0.4498, Val Acc: 44.70%, Head: 54.88%, Med: 4.00%, Tail: 0.00% | SO: 0/38, rho: nan, nu: 0.158, escape: 0, kfac_inv: 0/0, graft_scale: 1.000
[trinity] Epoch 44/200 - Loss: 0.4366, Val Acc: 43.10%, Head: 52.54%, Med: 5.35%, Tail: 0.00% | SO: 0/38, rho: nan, nu: 0.184, escape: 0, kfac_inv: 0/0, graft_scale: 1.000
[trinity] Epoch 45/200 - Loss: 0.4171, Val Acc: 41.70%, Head: 51.39%, Med: 2.95%, Tail: 0.00% | SO: 0/38, rho: nan, nu: 0.191, escape: 0, kfac_inv: 0/0, graft_scale: 1.000
[trinity] Epoch 46/200 - Loss: 0.4089, Val Acc: 43.37%, Head: 53.62%, Med: 2.35%, Tail: 0.00% | SO: 0/38, rho: nan, nu: 0.191, escape: 0, kfac_inv: 0/0, graft_scale: 1.000
[trinity] Epoch 47/200 - Loss: 0.3830, Val Acc: 45.27%, Head: 54.96%, Med: 6.50%, Tail: 0.00% | SO: 0/38, rho: nan, nu: 0.204, escape: 0, kfac_inv: 0/0, graft_scale: 1.000
[trinity] Epoch 48/200 - Loss: 0.3751, Val Acc: 46.68%, Head: 55.24%, Med: 12.45%, Tail: 0.00% | SO: 0/38, rho: nan, nu: 0.204, escape: 0, kfac_inv: 0/0, graft_scale: 1.000
[trinity] Epoch 49/200 - Loss: 0.3546, Val Acc: 48.77%, Head: 57.40%, Med: 14.25%, Tail: 0.00% | SO: 0/38, rho: nan, nu: 0.204, escape: 0, kfac_inv: 0/0, graft_scale: 1.000
[trinity] Epoch 50/200 - Loss: 0.3477, Val Acc: 47.79%, Head: 57.61%, Med: 8.50%, Tail: 0.00% | SO: 0/38, rho: nan, nu: 0.184, escape: 0, kfac_inv: 0/0, graft_scale: 1.000
[trinity] Epoch 51/200 - Loss: 0.3241, Val Acc: 46.78%, Head: 55.81%, Med: 10.65%, Tail: 0.00% | SO: 0/38, rho: nan, nu: 0.145, escape: 0, kfac_inv: 0/0, graft_scale: 1.000
[trinity] Epoch 52/200 - Loss: 0.3124, Val Acc: 47.06%, Head: 55.08%, Med: 15.00%, Tail: 0.00% | SO: 0/38, rho: nan, nu: 0.092, escape: 0, kfac_inv: 0/0, graft_scale: 1.000
[trinity] Epoch 53/200 - Loss: 0.3063, Val Acc: 42.48%, Head: 52.19%, Med: 3.65%, Tail: 0.00% | SO: 0/38, rho: nan, nu: 0.092, escape: 0, kfac_inv: 0/0, graft_scale: 1.000
[trinity] Epoch 54/200 - Loss: 0.2886, Val Acc: 50.00%, Head: 58.31%, Med: 16.75%, Tail: 0.00% | SO: 0/38, rho: nan, nu: 0.132, escape: 0, kfac_inv: 0/0, graft_scale: 1.000
[trinity] Epoch 55/200 - Loss: 0.2590, Val Acc: 47.03%, Head: 55.60%, Med: 12.75%, Tail: 0.00% | SO: 0/38, rho: nan, nu: 0.132, escape: 0, kfac_inv: 0/0, graft_scale: 1.000
[trinity] Epoch 56/200 - Loss: 0.2488, Val Acc: 48.11%, Head: 57.35%, Med: 11.15%, Tail: 0.00% | SO: 0/38, rho: nan, nu: 0.105, escape: 0, kfac_inv: 0/0, graft_scale: 1.000
[trinity] Epoch 57/200 - Loss: 0.2463, Val Acc: 48.07%, Head: 55.14%, Med: 19.80%, Tail: 0.00% | SO: 0/38, rho: nan, nu: 0.112, escape: 0, kfac_inv: 0/0, graft_scale: 1.000
[trinity] Epoch 58/200 - Loss: 0.2244, Val Acc: 47.73%, Head: 56.26%, Med: 13.60%, Tail: 0.00% | SO: 0/38, rho: nan, nu: 0.178, escape: 0, kfac_inv: 0/0, graft_scale: 1.000
[trinity] Epoch 59/200 - Loss: 0.2118, Val Acc: 45.97%, Head: 54.77%, Med: 10.75%, Tail: 0.00% | SO: 0/38, rho: nan, nu: 0.178, escape: 0, kfac_inv: 0/0, graft_scale: 1.000
[trinity] Epoch 60/200 - Loss: 0.2024, Val Acc: 47.70%, Head: 57.23%, Med: 9.60%, Tail: 0.00% | SO: 0/38, rho: nan, nu: 0.204, escape: 0, kfac_inv: 0/0, graft_scale: 1.000
[trinity] Epoch 61/200 - Loss: 0.1943, Val Acc: 46.23%, Head: 54.44%, Med: 13.40%, Tail: 0.00% | SO: 0/38, rho: nan, nu: 0.171, escape: 0, kfac_inv: 0/0, graft_scale: 1.000
[trinity] Epoch 62/200 - Loss: 0.1892, Val Acc: 47.16%, Head: 55.85%, Med: 12.40%, Tail: 0.00% | SO: 0/38, rho: nan, nu: 0.118, escape: 0, kfac_inv: 0/0, graft_scale: 1.000
[trinity] Epoch 63/200 - Loss: 0.1724, Val Acc: 45.63%, Head: 54.34%, Med: 10.80%, Tail: 0.00% | SO: 0/38, rho: nan, nu: 0.132, escape: 0, kfac_inv: 0/0, graft_scale: 1.000
[trinity] Epoch 64/200 - Loss: 0.1557, Val Acc: 46.85%, Head: 55.91%, Med: 10.60%, Tail: 0.00% | SO: 0/38, rho: nan, nu: 0.132, escape: 0, kfac_inv: 0/0, graft_scale: 1.000
[trinity] Epoch 65/200 - Loss: 0.1627, Val Acc: 46.18%, Head: 54.70%, Med: 12.10%, Tail: 0.00% | SO: 0/38, rho: nan, nu: 0.092, escape: 0, kfac_inv: 0/0, graft_scale: 1.000
[trinity] Epoch 66/200 - Loss: 0.1512, Val Acc: 44.65%, Head: 53.62%, Med: 8.75%, Tail: 0.00% | SO: 0/38, rho: nan, nu: 0.112, escape: 0, kfac_inv: 0/0, graft_scale: 1.000
[trinity] Epoch 67/200 - Loss: 0.1380, Val Acc: 46.22%, Head: 55.89%, Med: 7.55%, Tail: 0.00% | SO: 0/38, rho: nan, nu: 0.105, escape: 0, kfac_inv: 0/0, graft_scale: 1.000
[trinity] Epoch 68/200 - Loss: 0.1366, Val Acc: 46.20%, Head: 55.76%, Med: 7.95%, Tail: 0.00% | SO: 0/38, rho: nan, nu: 0.092, escape: 0, kfac_inv: 0/0, graft_scale: 1.000
[trinity] Epoch 69/200 - Loss: 0.1293, Val Acc: 47.77%, Head: 55.91%, Med: 15.20%, Tail: 0.00% | SO: 0/38, rho: nan, nu: 0.118, escape: 0, kfac_inv: 0/0, graft_scale: 1.000
[trinity] Epoch 70/200 - Loss: 0.1276, Val Acc: 44.55%, Head: 53.98%, Med: 6.85%, Tail: 0.00% | SO: 0/38, rho: nan, nu: 0.118, escape: 0, kfac_inv: 0/0, graft_scale: 1.000
[trinity] Epoch 71/200 - Loss: 0.1250, Val Acc: 48.79%, Head: 57.24%, Med: 15.00%, Tail: 0.00% | SO: 0/38, rho: nan, nu: 0.099, escape: 0, kfac_inv: 0/0, graft_scale: 1.000
[trinity] Epoch 72/200 - Loss: 0.1106, Val Acc: 47.65%, Head: 56.77%, Med: 11.15%, Tail: 0.00% | SO: 0/38, rho: nan, nu: 0.099, escape: 0, kfac_inv: 0/0, graft_scale: 1.000
[trinity] Epoch 73/200 - Loss: 0.1062, Val Acc: 47.65%, Head: 56.64%, Med: 11.70%, Tail: 0.00% | SO: 0/38, rho: nan, nu: 0.112, escape: 0, kfac_inv: 0/0, graft_scale: 1.000
[trinity] Epoch 74/200 - Loss: 0.0980, Val Acc: 47.59%, Head: 57.11%, Med: 9.50%, Tail: 0.00% | SO: 0/38, rho: nan, nu: 0.072, escape: 0, kfac_inv: 0/0, graft_scale: 1.000
[trinity] Epoch 75/200 - Loss: 0.1033, Val Acc: 48.47%, Head: 56.75%, Med: 15.35%, Tail: 0.00% | SO: 0/38, rho: nan, nu: 0.086, escape: 0, kfac_inv: 0/0, graft_scale: 1.000
[trinity] Epoch 76/200 - Loss: 0.0969, Val Acc: 46.69%, Head: 56.52%, Med: 7.35%, Tail: 0.00% | SO: 0/38, rho: nan, nu: 0.072, escape: 0, kfac_inv: 0/0, graft_scale: 1.000
[trinity] Epoch 77/200 - Loss: 0.0984, Val Acc: 47.49%, Head: 57.33%, Med: 8.15%, Tail: 0.00% | SO: 0/38, rho: nan, nu: 0.059, escape: 0, kfac_inv: 0/0, graft_scale: 1.000
[trinity] Epoch 78/200 - Loss: 0.0887, Val Acc: 48.16%, Head: 56.80%, Med: 13.60%, Tail: 0.00% | SO: 0/38, rho: nan, nu: 0.066, escape: 0, kfac_inv: 0/0, graft_scale: 1.000
[trinity] Epoch 79/200 - Loss: 0.0885, Val Acc: 46.62%, Head: 55.85%, Med: 9.70%, Tail: 0.00% | SO: 0/38, rho: nan, nu: 0.066, escape: 0, kfac_inv: 0/0, graft_scale: 1.000
[trinity] Epoch 80/200 - Loss: 0.0767, Val Acc: 46.55%, Head: 55.46%, Med: 10.90%, Tail: 0.00% | SO: 0/38, rho: nan, nu: 0.046, escape: 0, kfac_inv: 0/0, graft_scale: 1.000
[trinity] Epoch 81/200 - Loss: 0.0793, Val Acc: 48.03%, Head: 55.98%, Med: 16.25%, Tail: 0.00% | SO: 0/38, rho: nan, nu: 0.072, escape: 0, kfac_inv: 0/0, graft_scale: 1.000
[trinity] Epoch 82/200 - Loss: 0.0725, Val Acc: 48.76%, Head: 55.70%, Med: 21.00%, Tail: 0.00% | SO: 0/38, rho: nan, nu: 0.066, escape: 0, kfac_inv: 0/0, graft_scale: 1.000
[trinity] Epoch 83/200 - Loss: 0.0738, Val Acc: 48.28%, Head: 57.34%, Med: 12.05%, Tail: 0.00% | SO: 0/38, rho: nan, nu: 0.053, escape: 0, kfac_inv: 0/0, graft_scale: 1.000
[trinity] Epoch 84/200 - Loss: 0.0654, Val Acc: 47.06%, Head: 57.19%, Med: 6.55%, Tail: 0.00% | SO: 0/38, rho: nan, nu: 0.092, escape: 0, kfac_inv: 0/0, graft_scale: 1.000
[trinity] Epoch 85/200 - Loss: 0.0697, Val Acc: 47.45%, Head: 56.15%, Med: 12.65%, Tail: 0.00% | SO: 0/38, rho: nan, nu: 0.086, escape: 0, kfac_inv: 0/0, graft_scale: 1.000
[trinity] Epoch 86/200 - Loss: 0.0595, Val Acc: 47.08%, Head: 56.92%, Med: 7.70%, Tail: 0.00% | SO: 0/38, rho: nan, nu: 0.105, escape: 0, kfac_inv: 0/0, graft_scale: 1.000
[trinity] Epoch 87/200 - Loss: 0.0577, Val Acc: 46.11%, Head: 53.86%, Med: 15.10%, Tail: 0.00% | SO: 0/38, rho: nan, nu: 0.125, escape: 0, kfac_inv: 0/0, graft_scale: 1.000
[trinity] Epoch 88/200 - Loss: 0.0617, Val Acc: 44.15%, Head: 53.77%, Med: 5.65%, Tail: 0.00% | SO: 0/38, rho: nan, nu: 0.125, escape: 0, kfac_inv: 0/0, graft_scale: 1.000
[trinity] Epoch 89/200 - Loss: 0.0589, Val Acc: 45.71%, Head: 55.46%, Med: 6.70%, Tail: 0.00% | SO: 0/38, rho: nan, nu: 0.151, escape: 0, kfac_inv: 0/0, graft_scale: 1.000
[trinity] Epoch 90/200 - Loss: 0.0551, Val Acc: 46.44%, Head: 55.75%, Med: 9.20%, Tail: 0.00% | SO: 0/38, rho: nan, nu: 0.158, escape: 0, kfac_inv: 0/0, graft_scale: 1.000
[trinity] Epoch 91/200 - Loss: 0.0517, Val Acc: 48.16%, Head: 57.45%, Med: 11.00%, Tail: 0.00% | SO: 0/38, rho: nan, nu: 0.138, escape: 0, kfac_inv: 0/0, graft_scale: 1.000
[trinity] Epoch 92/200 - Loss: 0.0555, Val Acc: 46.42%, Head: 55.67%, Med: 9.40%, Tail: 0.00% | SO: 0/38, rho: nan, nu: 0.118, escape: 0, kfac_inv: 0/0, graft_scale: 1.000
[trinity] Epoch 93/200 - Loss: 0.0435, Val Acc: 47.72%, Head: 56.65%, Med: 12.00%, Tail: 0.00% | SO: 0/38, rho: nan, nu: 0.112, escape: 0, kfac_inv: 0/0, graft_scale: 1.000
[trinity] Epoch 94/200 - Loss: 0.0481, Val Acc: 47.61%, Head: 57.20%, Med: 9.25%, Tail: 0.00% | SO: 0/38, rho: nan, nu: 0.086, escape: 0, kfac_inv: 0/0, graft_scale: 1.000
[trinity] Epoch 95/200 - Loss: 0.0457, Val Acc: 47.57%, Head: 56.81%, Med: 10.60%, Tail: 0.00% | SO: 0/38, rho: nan, nu: 0.086, escape: 0, kfac_inv: 0/0, graft_scale: 1.000
[trinity] Epoch 96/200 - Loss: 0.0461, Val Acc: 46.24%, Head: 54.49%, Med: 13.25%, Tail: 0.00% | SO: 0/38, rho: nan, nu: 0.072, escape: 0, kfac_inv: 0/0, graft_scale: 1.000
[trinity] Epoch 97/200 - Loss: 0.0410, Val Acc: 45.40%, Head: 54.70%, Med: 8.20%, Tail: 0.00% | SO: 0/38, rho: nan, nu: 0.079, escape: 0, kfac_inv: 0/0, graft_scale: 1.000
[trinity] Epoch 98/200 - Loss: 0.0381, Val Acc: 46.56%, Head: 55.95%, Med: 9.00%, Tail: 0.00% | SO: 0/38, rho: nan, nu: 0.112, escape: 0, kfac_inv: 0/0, graft_scale: 1.000
[trinity] Epoch 99/200 - Loss: 0.0340, Val Acc: 47.45%, Head: 56.00%, Med: 13.25%, Tail: 0.00% | SO: 0/38, rho: nan, nu: 0.118, escape: 0, kfac_inv: 0/0, graft_scale: 1.000
[trinity] Epoch 100/200 - Loss: 0.0320, Val Acc: 48.53%, Head: 57.49%, Med: 12.70%, Tail: 0.00% | SO: 0/38, rho: nan, nu: 0.132, escape: 0, kfac_inv: 0/0, graft_scale: 1.000
[trinity] Epoch 101/200 - Loss: 0.0331, Val Acc: 48.57%, Head: 57.27%, Med: 13.75%, Tail: 0.00% | SO: 0/38, rho: nan, nu: 0.118, escape: 0, kfac_inv: 0/0, graft_scale: 1.000
[trinity] Epoch 102/200 - Loss: 0.0324, Val Acc: 48.09%, Head: 56.76%, Med: 13.40%, Tail: 0.00% | SO: 0/38, rho: nan, nu: 0.118, escape: 0, kfac_inv: 0/0, graft_scale: 1.000
[trinity] Epoch 103/200 - Loss: 0.0330, Val Acc: 47.84%, Head: 56.51%, Med: 13.15%, Tail: 0.00% | SO: 0/38, rho: nan, nu: 0.118, escape: 0, kfac_inv: 0/0, graft_scale: 1.000
[trinity] Epoch 104/200 - Loss: 0.0283, Val Acc: 45.17%, Head: 54.42%, Med: 8.15%, Tail: 0.00% | SO: 0/38, rho: nan, nu: 0.118, escape: 0, kfac_inv: 0/0, graft_scale: 1.000
[trinity] Epoch 105/200 - Loss: 0.0270, Val Acc: 45.68%, Head: 53.79%, Med: 13.25%, Tail: 0.00% | SO: 0/38, rho: nan, nu: 0.105, escape: 0, kfac_inv: 0/0, graft_scale: 1.000
[trinity] Epoch 106/200 - Loss: 0.0285, Val Acc: 47.10%, Head: 56.74%, Med: 8.55%, Tail: 0.00% | SO: 0/38, rho: nan, nu: 0.125, escape: 0, kfac_inv: 0/0, graft_scale: 1.000
[trinity] Epoch 107/200 - Loss: 0.0225, Val Acc: 46.28%, Head: 55.62%, Med: 8.90%, Tail: 0.00% | SO: 0/38, rho: nan, nu: 0.118, escape: 0, kfac_inv: 0/0, graft_scale: 1.000
[trinity] Epoch 108/200 - Loss: 0.0219, Val Acc: 47.04%, Head: 56.69%, Med: 8.45%, Tail: 0.00% | SO: 0/38, rho: nan, nu: 0.151, escape: 0, kfac_inv: 0/0, graft_scale: 1.000
[trinity] Epoch 109/200 - Loss: 0.0268, Val Acc: 46.51%, Head: 56.54%, Med: 6.40%, Tail: 0.00% | SO: 0/38, rho: nan, nu: 0.151, escape: 0, kfac_inv: 0/0, graft_scale: 1.000
[trinity] Epoch 110/200 - Loss: 0.0213, Val Acc: 46.56%, Head: 55.31%, Med: 11.55%, Tail: 0.00% | SO: 0/38, rho: nan, nu: 0.112, escape: 0, kfac_inv: 0/0, graft_scale: 1.000
[trinity] Epoch 111/200 - Loss: 0.0215, Val Acc: 47.79%, Head: 55.51%, Med: 16.90%, Tail: 0.00% | SO: 0/38, rho: nan, nu: 0.118, escape: 0, kfac_inv: 0/0, graft_scale: 1.000
[trinity] Epoch 112/200 - Loss: 0.0223, Val Acc: 46.06%, Head: 55.26%, Med: 9.25%, Tail: 0.00% | SO: 0/38, rho: nan, nu: 0.118, escape: 0, kfac_inv: 0/0, graft_scale: 1.000
[trinity] Epoch 113/200 - Loss: 0.0256, Val Acc: 45.80%, Head: 55.14%, Med: 8.45%, Tail: 0.00% | SO: 0/38, rho: nan, nu: 0.092, escape: 0, kfac_inv: 0/0, graft_scale: 1.000
[trinity] Epoch 114/200 - Loss: 0.0204, Val Acc: 47.59%, Head: 56.10%, Med: 13.55%, Tail: 0.00% | SO: 0/38, rho: nan, nu: 0.066, escape: 0, kfac_inv: 0/0, graft_scale: 1.000
[trinity] Epoch 115/200 - Loss: 0.0212, Val Acc: 46.67%, Head: 56.10%, Med: 8.95%, Tail: 0.00% | SO: 0/38, rho: nan, nu: 0.059, escape: 0, kfac_inv: 0/0, graft_scale: 1.000
[trinity] Epoch 116/200 - Loss: 0.0155, Val Acc: 45.75%, Head: 55.33%, Med: 7.45%, Tail: 0.00% | SO: 0/38, rho: nan, nu: 0.092, escape: 0, kfac_inv: 0/0, graft_scale: 1.000
[trinity] Epoch 117/200 - Loss: 0.0162, Val Acc: 47.00%, Head: 55.79%, Med: 11.85%, Tail: 0.00% | SO: 0/38, rho: nan, nu: 0.138, escape: 0, kfac_inv: 0/0, graft_scale: 1.000
[trinity] Epoch 118/200 - Loss: 0.0134, Val Acc: 46.61%, Head: 55.76%, Med: 10.00%, Tail: 0.00% | SO: 0/38, rho: nan, nu: 0.138, escape: 0, kfac_inv: 0/0, graft_scale: 1.000
[trinity] Epoch 119/200 - Loss: 0.0162, Val Acc: 46.43%, Head: 55.91%, Med: 8.50%, Tail: 0.00% | SO: 0/38, rho: nan, nu: 0.138, escape: 0, kfac_inv: 0/0, graft_scale: 1.000
[trinity] Epoch 120/200 - Loss: 0.0125, Val Acc: 45.94%, Head: 55.33%, Med: 8.40%, Tail: 0.00% | SO: 0/38, rho: nan, nu: 0.164, escape: 0, kfac_inv: 0/0, graft_scale: 1.000
[trinity] Epoch 121/200 - Loss: 0.0153, Val Acc: 45.94%, Head: 54.96%, Med: 9.85%, Tail: 0.00% | SO: 0/38, rho: nan, nu: 0.224, escape: 0, kfac_inv: 0/0, graft_scale: 1.000
[trinity] Epoch 122/200 - Loss: 0.0116, Val Acc: 47.25%, Head: 56.83%, Med: 8.95%, Tail: 0.00% | SO: 0/38, rho: nan, nu: 0.230, escape: 0, kfac_inv: 0/0, graft_scale: 1.000
[trinity] Epoch 123/200 - Loss: 0.0150, Val Acc: 46.71%, Head: 56.06%, Med: 9.30%, Tail: 0.00% | SO: 0/38, rho: nan, nu: 0.237, escape: 0, kfac_inv: 0/0, graft_scale: 1.000
[trinity] Epoch 124/200 - Loss: 0.0123, Val Acc: 45.66%, Head: 55.29%, Med: 7.15%, Tail: 0.00% | SO: 0/38, rho: nan, nu: 0.211, escape: 0, kfac_inv: 0/0, graft_scale: 1.000
[trinity] Epoch 125/200 - Loss: 0.0097, Val Acc: 47.54%, Head: 57.11%, Med: 9.25%, Tail: 0.00% | SO: 0/38, rho: nan, nu: 0.191, escape: 0, kfac_inv: 0/0, graft_scale: 1.000
[trinity] Epoch 126/200 - Loss: 0.0090, Val Acc: 48.00%, Head: 57.21%, Med: 11.15%, Tail: 0.00% | SO: 0/38, rho: nan, nu: 0.204, escape: 0, kfac_inv: 0/0, graft_scale: 1.000
[trinity] Epoch 127/200 - Loss: 0.0093, Val Acc: 47.04%, Head: 56.39%, Med: 9.65%, Tail: 0.00% | SO: 0/38, rho: nan, nu: 0.211, escape: 0, kfac_inv: 0/0, graft_scale: 1.000
[trinity] Epoch 128/200 - Loss: 0.0088, Val Acc: 46.68%, Head: 55.64%, Med: 10.85%, Tail: 0.00% | SO: 0/38, rho: nan, nu: 0.138, escape: 0, kfac_inv: 0/0, graft_scale: 1.000
[trinity] Epoch 129/200 - Loss: 0.0100, Val Acc: 47.38%, Head: 57.04%, Med: 8.75%, Tail: 0.00% | SO: 0/38, rho: nan, nu: 0.132, escape: 0, kfac_inv: 0/0, graft_scale: 1.000
[trinity] Epoch 130/200 - Loss: 0.0087, Val Acc: 47.60%, Head: 56.80%, Med: 10.80%, Tail: 0.00% | SO: 0/38, rho: nan, nu: 0.118, escape: 0, kfac_inv: 0/0, graft_scale: 1.000
[trinity] Epoch 131/200 - Loss: 0.0098, Val Acc: 45.45%, Head: 54.94%, Med: 7.50%, Tail: 0.00% | SO: 0/38, rho: nan, nu: 0.105, escape: 0, kfac_inv: 0/0, graft_scale: 1.000
[trinity] Epoch 132/200 - Loss: 0.0060, Val Acc: 46.88%, Head: 56.42%, Med: 8.70%, Tail: 0.00% | SO: 0/38, rho: nan, nu: 0.079, escape: 0, kfac_inv: 0/0, graft_scale: 1.000
[trinity] Epoch 133/200 - Loss: 0.0074, Val Acc: 47.76%, Head: 57.23%, Med: 9.90%, Tail: 0.00% | SO: 0/38, rho: nan, nu: 0.112, escape: 0, kfac_inv: 0/0, graft_scale: 1.000
[trinity] Epoch 134/200 - Loss: 0.0056, Val Acc: 47.45%, Head: 56.83%, Med: 9.95%, Tail: 0.00% | SO: 0/38, rho: nan, nu: 0.105, escape: 0, kfac_inv: 0/0, graft_scale: 1.000
[trinity] Epoch 135/200 - Loss: 0.0082, Val Acc: 47.92%, Head: 57.38%, Med: 10.10%, Tail: 0.00% | SO: 0/38, rho: nan, nu: 0.099, escape: 0, kfac_inv: 0/0, graft_scale: 1.000
[trinity] Epoch 136/200 - Loss: 0.0061, Val Acc: 47.48%, Head: 56.40%, Med: 11.80%, Tail: 0.00% | SO: 0/38, rho: nan, nu: 0.092, escape: 0, kfac_inv: 0/0, graft_scale: 1.000
[trinity] Epoch 137/200 - Loss: 0.0065, Val Acc: 46.34%, Head: 55.70%, Med: 8.90%, Tail: 0.00% | SO: 0/38, rho: nan, nu: 0.092, escape: 0, kfac_inv: 0/0, graft_scale: 1.000
[trinity] Epoch 138/200 - Loss: 0.0064, Val Acc: 47.30%, Head: 56.14%, Med: 11.95%, Tail: 0.00% | SO: 0/38, rho: nan, nu: 0.086, escape: 0, kfac_inv: 0/0, graft_scale: 1.000
[trinity] Epoch 139/200 - Loss: 0.0046, Val Acc: 48.63%, Head: 58.26%, Med: 10.10%, Tail: 0.00% | SO: 0/38, rho: nan, nu: 0.079, escape: 0, kfac_inv: 0/0, graft_scale: 1.000
[trinity] Epoch 140/200 - Loss: 0.0048, Val Acc: 47.17%, Head: 56.46%, Med: 10.00%, Tail: 0.00% | SO: 0/38, rho: nan, nu: 0.020, escape: 0, kfac_inv: 0/0, graft_scale: 1.000
[trinity] Epoch 141/200 - Loss: 0.0032, Val Acc: 47.73%, Head: 56.91%, Med: 11.00%, Tail: 0.00% | SO: 0/38, rho: nan, nu: 0.026, escape: 0, kfac_inv: 0/0, graft_scale: 1.000
[trinity] Epoch 142/200 - Loss: 0.0045, Val Acc: 47.88%, Head: 57.23%, Med: 10.50%, Tail: 0.00% | SO: 0/38, rho: nan, nu: 0.026, escape: 0, kfac_inv: 0/0, graft_scale: 1.000
[trinity] Epoch 143/200 - Loss: 0.0031, Val Acc: 46.86%, Head: 56.23%, Med: 9.40%, Tail: 0.00% | SO: 0/38, rho: nan, nu: 0.046, escape: 0, kfac_inv: 0/0, graft_scale: 1.000
[trinity] Epoch 144/200 - Loss: 0.0041, Val Acc: 47.72%, Head: 57.44%, Med: 8.85%, Tail: 0.00% | SO: 0/38, rho: nan, nu: 0.053, escape: 0, kfac_inv: 0/0, graft_scale: 1.000
[trinity] Epoch 145/200 - Loss: 0.0037, Val Acc: 46.93%, Head: 55.54%, Med: 12.50%, Tail: 0.00% | SO: 0/38, rho: nan, nu: 0.072, escape: 0, kfac_inv: 0/0, graft_scale: 1.000
[trinity] Epoch 146/200 - Loss: 0.0028, Val Acc: 47.38%, Head: 56.49%, Med: 10.95%, Tail: 0.00% | SO: 0/38, rho: nan, nu: 0.086, escape: 0, kfac_inv: 0/0, graft_scale: 1.000
[trinity] Epoch 147/200 - Loss: 0.0049, Val Acc: 48.63%, Head: 58.44%, Med: 9.40%, Tail: 0.00% | SO: 0/38, rho: nan, nu: 0.112, escape: 0, kfac_inv: 0/0, graft_scale: 1.000
[trinity] Epoch 148/200 - Loss: 0.0033, Val Acc: 46.97%, Head: 56.06%, Med: 10.60%, Tail: 0.00% | SO: 0/38, rho: nan, nu: 0.112, escape: 0, kfac_inv: 0/0, graft_scale: 1.000
[trinity] Epoch 149/200 - Loss: 0.0027, Val Acc: 47.50%, Head: 56.99%, Med: 9.55%, Tail: 0.00% | SO: 0/38, rho: nan, nu: 0.158, escape: 0, kfac_inv: 0/0, graft_scale: 1.000
[trinity] Epoch 150/200 - Loss: 0.0018, Val Acc: 47.39%, Head: 56.95%, Med: 9.15%, Tail: 0.00% | SO: 0/38, rho: nan, nu: 0.145, escape: 0, kfac_inv: 0/0, graft_scale: 1.000
[trinity] Epoch 151/200 - Loss: 0.0019, Val Acc: 46.49%, Head: 55.88%, Med: 8.95%, Tail: 0.00% | SO: 0/38, rho: nan, nu: 0.164, escape: 0, kfac_inv: 0/0, graft_scale: 1.000
[trinity] Epoch 152/200 - Loss: 0.0022, Val Acc: 46.61%, Head: 56.04%, Med: 8.90%, Tail: 0.00% | SO: 0/38, rho: nan, nu: 0.145, escape: 0, kfac_inv: 0/0, graft_scale: 1.000
[trinity] Epoch 153/200 - Loss: 0.0016, Val Acc: 47.68%, Head: 57.01%, Med: 10.35%, Tail: 0.00% | SO: 0/38, rho: nan, nu: 0.125, escape: 0, kfac_inv: 0/0, graft_scale: 1.000
[trinity] Epoch 154/200 - Loss: 0.0023, Val Acc: 47.91%, Head: 57.29%, Med: 10.40%, Tail: 0.00% | SO: 0/38, rho: nan, nu: 0.112, escape: 0, kfac_inv: 0/0, graft_scale: 1.000
[trinity] Epoch 155/200 - Loss: 0.0015, Val Acc: 47.88%, Head: 57.19%, Med: 10.65%, Tail: 0.00% | SO: 0/38, rho: nan, nu: 0.118, escape: 0, kfac_inv: 0/0, graft_scale: 1.000
[trinity] Epoch 156/200 - Loss: 0.0011, Val Acc: 48.40%, Head: 57.77%, Med: 10.90%, Tail: 0.00% | SO: 0/38, rho: nan, nu: 0.099, escape: 0, kfac_inv: 0/0, graft_scale: 1.000
[trinity] Epoch 157/200 - Loss: 0.0017, Val Acc: 47.62%, Head: 56.80%, Med: 10.90%, Tail: 0.00% | SO: 0/38, rho: nan, nu: 0.079, escape: 0, kfac_inv: 0/0, graft_scale: 1.000
[trinity] Epoch 158/200 - Loss: 0.0011, Val Acc: 47.59%, Head: 56.71%, Med: 11.10%, Tail: 0.00% | SO: 0/38, rho: nan, nu: 0.066, escape: 0, kfac_inv: 0/0, graft_scale: 1.000
[trinity] Epoch 159/200 - Loss: 0.0007, Val Acc: 47.54%, Head: 56.70%, Med: 10.90%, Tail: 0.00% | SO: 0/38, rho: nan, nu: 0.059, escape: 0, kfac_inv: 0/0, graft_scale: 1.000
[trinity] Epoch 160/200 - Loss: 0.0015, Val Acc: 47.97%, Head: 57.29%, Med: 10.70%, Tail: 0.00% | SO: 0/38, rho: nan, nu: 0.059, escape: 0, kfac_inv: 0/0, graft_scale: 1.000
[trinity] Epoch 161/200 - Loss: 0.0016, Val Acc: 48.09%, Head: 56.67%, Med: 13.75%, Tail: 0.00% | SO: 0/38, rho: nan, nu: 0.046, escape: 0, kfac_inv: 0/0, graft_scale: 1.000
[trinity] Epoch 162/200 - Loss: 0.0014, Val Acc: 46.87%, Head: 56.24%, Med: 9.40%, Tail: 0.00% | SO: 0/38, rho: nan, nu: 0.039, escape: 0, kfac_inv: 0/0, graft_scale: 1.000
[trinity] Epoch 163/200 - Loss: 0.0011, Val Acc: 47.17%, Head: 56.29%, Med: 10.70%, Tail: 0.00% | SO: 0/38, rho: nan, nu: 0.020, escape: 0, kfac_inv: 0/0, graft_scale: 1.000
[trinity] Epoch 164/200 - Loss: 0.0004, Val Acc: 47.48%, Head: 56.61%, Med: 10.95%, Tail: 0.00% | SO: 0/38, rho: nan, nu: 0.026, escape: 0, kfac_inv: 0/0, graft_scale: 1.000
[trinity] Epoch 165/200 - Loss: 0.0005, Val Acc: 48.07%, Head: 56.66%, Med: 13.70%, Tail: 0.00% | SO: 0/38, rho: nan, nu: 0.020, escape: 0, kfac_inv: 0/0, graft_scale: 1.000
[trinity] Epoch 166/200 - Loss: 0.0005, Val Acc: 47.67%, Head: 56.65%, Med: 11.75%, Tail: 0.00% | SO: 0/38, rho: nan, nu: 0.020, escape: 0, kfac_inv: 0/0, graft_scale: 1.000
[trinity] Epoch 167/200 - Loss: 0.0007, Val Acc: 47.86%, Head: 56.49%, Med: 13.35%, Tail: 0.00% | SO: 0/38, rho: nan, nu: 0.020, escape: 0, kfac_inv: 0/0, graft_scale: 1.000
[trinity] Epoch 168/200 - Loss: 0.0005, Val Acc: 47.74%, Head: 56.52%, Med: 12.60%, Tail: 0.00% | SO: 0/38, rho: nan, nu: 0.039, escape: 0, kfac_inv: 0/0, graft_scale: 1.000
[trinity] Epoch 169/200 - Loss: 0.0015, Val Acc: 46.92%, Head: 55.84%, Med: 11.25%, Tail: 0.00% | SO: 0/38, rho: nan, nu: 0.046, escape: 0, kfac_inv: 0/0, graft_scale: 1.000
[trinity] Epoch 170/200 - Loss: 0.0005, Val Acc: 46.71%, Head: 55.73%, Med: 10.65%, Tail: 0.00% | SO: 0/38, rho: nan, nu: 0.046, escape: 0, kfac_inv: 0/0, graft_scale: 1.000
[trinity] Epoch 171/200 - Loss: 0.0006, Val Acc: 46.46%, Head: 56.01%, Med: 8.25%, Tail: 0.00% | SO: 0/38, rho: nan, nu: 0.039, escape: 0, kfac_inv: 0/0, graft_scale: 1.000
[trinity] Epoch 172/200 - Loss: 0.0008, Val Acc: 46.70%, Head: 56.17%, Med: 8.80%, Tail: 0.00% | SO: 0/38, rho: nan, nu: 0.039, escape: 0, kfac_inv: 0/0, graft_scale: 1.000
[trinity] Epoch 173/200 - Loss: 0.0007, Val Acc: 46.89%, Head: 56.33%, Med: 9.15%, Tail: 0.00% | SO: 0/38, rho: nan, nu: 0.046, escape: 0, kfac_inv: 0/0, graft_scale: 1.000
[trinity] Epoch 174/200 - Loss: 0.0002, Val Acc: 47.22%, Head: 56.51%, Med: 10.05%, Tail: 0.00% | SO: 0/38, rho: nan, nu: 0.072, escape: 0, kfac_inv: 0/0, graft_scale: 1.000
[trinity] Epoch 175/200 - Loss: 0.0002, Val Acc: 47.24%, Head: 56.50%, Med: 10.20%, Tail: 0.00% | SO: 0/38, rho: nan, nu: 0.059, escape: 0, kfac_inv: 0/0, graft_scale: 1.000
[trinity] Epoch 176/200 - Loss: 0.0002, Val Acc: 47.61%, Head: 56.92%, Med: 10.35%, Tail: 0.00% | SO: 0/38, rho: nan, nu: 0.053, escape: 0, kfac_inv: 0/0, graft_scale: 1.000
[trinity] Epoch 177/200 - Loss: 0.0003, Val Acc: 47.65%, Head: 56.94%, Med: 10.50%, Tail: 0.00% | SO: 0/38, rho: nan, nu: 0.059, escape: 0, kfac_inv: 0/0, graft_scale: 1.000
[trinity] Epoch 178/200 - Loss: 0.0003, Val Acc: 47.72%, Head: 56.95%, Med: 10.80%, Tail: 0.00% | SO: 0/38, rho: nan, nu: 0.079, escape: 0, kfac_inv: 0/0, graft_scale: 1.000
[trinity] Epoch 179/200 - Loss: 0.0001, Val Acc: 47.66%, Head: 56.84%, Med: 10.95%, Tail: 0.00% | SO: 0/38, rho: nan, nu: 0.072, escape: 0, kfac_inv: 0/0, graft_scale: 1.000
[trinity] Epoch 180/200 - Loss: 0.0004, Val Acc: 47.39%, Head: 56.71%, Med: 10.10%, Tail: 0.00% | SO: 0/38, rho: nan, nu: 0.072, escape: 0, kfac_inv: 0/0, graft_scale: 1.000
[trinity] Epoch 181/200 - Loss: 0.0002, Val Acc: 47.34%, Head: 56.69%, Med: 9.95%, Tail: 0.00% | SO: 0/38, rho: nan, nu: 0.046, escape: 0, kfac_inv: 0/0, graft_scale: 1.000
[trinity] Epoch 182/200 - Loss: 0.0001, Val Acc: 47.42%, Head: 56.75%, Med: 10.10%, Tail: 0.00% | SO: 0/38, rho: nan, nu: 0.033, escape: 0, kfac_inv: 0/0, graft_scale: 1.000
[trinity] Epoch 183/200 - Loss: 0.0004, Val Acc: 47.39%, Head: 56.60%, Med: 10.55%, Tail: 0.00% | SO: 0/38, rho: nan, nu: 0.033, escape: 0, kfac_inv: 0/0, graft_scale: 1.000
[trinity] Epoch 184/200 - Loss: 0.0001, Val Acc: 47.47%, Head: 56.73%, Med: 10.45%, Tail: 0.00% | SO: 0/38, rho: nan, nu: 0.026, escape: 0, kfac_inv: 0/0, graft_scale: 1.000
[trinity] Epoch 185/200 - Loss: 0.0003, Val Acc: 47.32%, Head: 56.66%, Med: 9.95%, Tail: 0.00% | SO: 0/38, rho: nan, nu: 0.059, escape: 0, kfac_inv: 0/0, graft_scale: 1.000
[trinity] Epoch 186/200 - Loss: 0.0002, Val Acc: 47.29%, Head: 56.58%, Med: 10.15%, Tail: 0.00% | SO: 0/38, rho: nan, nu: 0.039, escape: 0, kfac_inv: 0/0, graft_scale: 1.000
[trinity] Epoch 187/200 - Loss: 0.0007, Val Acc: 47.17%, Head: 56.38%, Med: 10.35%, Tail: 0.00% | SO: 0/38, rho: nan, nu: 0.053, escape: 0, kfac_inv: 0/0, graft_scale: 1.000
[trinity] Epoch 188/200 - Loss: 0.0001, Val Acc: 47.25%, Head: 56.46%, Med: 10.40%, Tail: 0.00% | SO: 0/38, rho: nan, nu: 0.059, escape: 0, kfac_inv: 0/0, graft_scale: 1.000
[trinity] Epoch 189/200 - Loss: 0.0004, Val Acc: 47.35%, Head: 56.58%, Med: 10.45%, Tail: 0.00% | SO: 0/38, rho: nan, nu: 0.059, escape: 0, kfac_inv: 0/0, graft_scale: 1.000
[trinity] Epoch 190/200 - Loss: 0.0001, Val Acc: 47.41%, Head: 56.60%, Med: 10.65%, Tail: 0.00% | SO: 0/38, rho: nan, nu: 0.059, escape: 0, kfac_inv: 0/0, graft_scale: 1.000
[trinity] Epoch 191/200 - Loss: 0.0001, Val Acc: 47.41%, Head: 56.66%, Med: 10.40%, Tail: 0.00% | SO: 0/38, rho: nan, nu: 0.059, escape: 0, kfac_inv: 0/0, graft_scale: 1.000
[trinity] Epoch 192/200 - Loss: 0.0002, Val Acc: 47.38%, Head: 56.62%, Med: 10.40%, Tail: 0.00% | SO: 0/38, rho: nan, nu: 0.020, escape: 0, kfac_inv: 0/0, graft_scale: 1.000
[trinity] Epoch 193/200 - Loss: 0.0002, Val Acc: 47.29%, Head: 56.51%, Med: 10.40%, Tail: 0.00% | SO: 0/38, rho: nan, nu: 0.020, escape: 0, kfac_inv: 0/0, graft_scale: 1.000
[trinity] Epoch 194/200 - Loss: 0.0002, Val Acc: 47.32%, Head: 56.55%, Med: 10.40%, Tail: 0.00% | SO: 0/38, rho: nan, nu: 0.007, escape: 0, kfac_inv: 0/0, graft_scale: 1.000
[trinity] Epoch 195/200 - Loss: 0.0001, Val Acc: 47.28%, Head: 56.52%, Med: 10.30%, Tail: 0.00% | SO: 0/38, rho: nan, nu: 0.000, escape: 0, kfac_inv: 0/0, graft_scale: 1.000
[trinity] Epoch 196/200 - Loss: 0.0001, Val Acc: 47.32%, Head: 56.58%, Med: 10.30%, Tail: 0.00% | SO: 0/38, rho: nan, nu: 0.000, escape: 0, kfac_inv: 0/0, graft_scale: 1.000
[trinity] Epoch 197/200 - Loss: 0.0001, Val Acc: 47.38%, Head: 56.65%, Med: 10.30%, Tail: 0.00% | SO: 0/38, rho: nan, nu: 0.007, escape: 0, kfac_inv: 0/0, graft_scale: 1.000
[trinity] Epoch 198/200 - Loss: 0.0003, Val Acc: 47.48%, Head: 56.80%, Med: 10.20%, Tail: 0.00% | SO: 0/38, rho: nan, nu: 0.013, escape: 0, kfac_inv: 0/0, graft_scale: 1.000
[trinity] Epoch 199/200 - Loss: 0.0001, Val Acc: 47.43%, Head: 56.74%, Med: 10.20%, Tail: 0.00% | SO: 0/38, rho: nan, nu: 0.013, escape: 0, kfac_inv: 0/0, graft_scale: 1.000
wandb: updating run metadata
wandb: uploading output.log; uploading wandb-summary.json; uploading config.yaml
wandb: uploading output.log; uploading config.yaml
wandb: uploading history steps 197-199, summary, console lines 197-199
wandb: 
wandb: Run history:
wandb:                       epoch ▁▁▁▁▁▂▂▂▂▂▂▂▂▃▃▃▃▃▄▄▄▄▄▄▅▅▅▅▅▅▅▆▆▆▆▆▇▇██
wandb:                   train/acc ▁▁▃▃▃▄▅▆▆▆▇▇▇▇▇█████████████████████████
wandb:                  train/loss █▇▇▆▆▅▅▄▄▄▃▃▂▂▂▂▂▂▂▂▁▁▁▁▁▁▁▁▁▁▁▁▁▁▁▁▁▁▁▁
wandb:       trinity/blocks_probed █▁▁▁▁▁▁█▁▁█▁▁▁▁█▁▁▁▁▁██▁▁▁█▁▁▁▁▁▁█▁▁█▁▁█
wandb:        trinity/escape_fires ▁▁▁▁▁▁▁▁▁▁▁▁▁▁▁▁▁▁▁▁▁▁▁▁▁▁▁▁▁▁▁▁▁▁▁▁▁▁▁▁
wandb:  trinity/grafting_scale_max ▁▁▁▁▁▁▁▁▁▁▁▁▁▁▁▁▁▁▁▁▁▁▁▁▁▁▁▁▁▁▁▁▁▁▁▁▁▁▁▁
wandb: trinity/grafting_scale_mean ▁▁▁▁▁▁▁▁▁▁▁▁▁▁▁▁▁▁▁▁▁▁▁▁▁▁▁▁▁▁▁▁▁▁▁▁▁▁▁▁
wandb:  trinity/grafting_scale_min ▁▁▁▁▁▁▁▁▁▁▁▁▁▁▁▁▁▁▁▁▁▁▁▁▁▁▁▁▁▁▁▁▁▁▁▁▁▁▁▁
wandb:       trinity/kfac_inv_fail ▁▁▁▁▁▁▁▁▁▁▁▁▁▁▁▁▁▁▁▁▁▁▁▁▁▁▁▁▁▁▁▁▁▁▁▁▁▁▁▁
wandb:    trinity/kfac_inv_success ▁▁▁▁▁▁▁▁▁▁▁▁▁▁▁▁▁▁▁▁▁▁▁▁▁▁▁▁▁▁▁▁▁▁▁▁▁▁▁▁
wandb:                         +13 ...
wandb: 
wandb: Run summary:
wandb:                       epoch 200
wandb:                   train/acc 100
wandb:                  train/loss 9e-05
wandb:       trinity/blocks_probed 4
wandb:        trinity/escape_fires 0
wandb:  trinity/grafting_scale_max 1
wandb: trinity/grafting_scale_mean 1
wandb:  trinity/grafting_scale_min 1
wandb:       trinity/kfac_inv_fail 0
wandb:    trinity/kfac_inv_success 0
wandb:                         +13 ...
wandb: 
wandb: 🚀 View run trinity_without_kfac at: https://wandb.ai/dcll-iiitd/ablation-new-transformer/runs/5yxzimmd
wandb: ⭐️ View project at: https://wandb.ai/dcll-iiitd/ablation-new-transformer
wandb: Synced 5 W&B file(s), 0 media file(s), 0 artifact file(s) and 0 other file(s)
wandb: Find logs at: ./wandb/run-20260910_213521-5yxzimmd/logs
[trinity] Epoch 200/200 - Loss: 0.0001, Val Acc: 47.43%, Head: 56.73%, Med: 10.25%, Tail: 0.00% | SO: 0/38, rho: nan, nu: 0.020, escape: 0, kfac_inv: 0/0, graft_scale: 1.000

==================================================
Running transformer_small with ablation: adam
==================================================
Command: python train_transformer_small_dsaa.py --optimizer adam --config config_ablation_adam.yaml --output_dir ablation --run_name adam --wandb_project ablation-new-transformer


==================================================
Running transformer_small with ablation: kfac_always_on
==================================================
Command: python train_transformer_small_dsaa.py --optimizer trinity --config config_ablation_kfac_always_on.yaml --output_dir ablation --run_name kfac_always_on --wandb_project ablation-new-transformer


==================================================
Running transformer_small with ablation: trinity_full
==================================================
Command: python train_transformer_small_dsaa.py --optimizer trinity --config config_ablation_trinity_full.yaml --output_dir ablation --run_name trinity_full --wandb_project ablation-new-transformer


==================================================
Running transformer_small with ablation: trinity_no_escape
==================================================
Command: python train_transformer_small_dsaa.py --optimizer trinity --config config_ablation_trinity_no_escape.yaml --output_dir ablation --run_name trinity_no_escape --wandb_project ablation-new-transformer


==================================================
Running transformer_small with ablation: trinity_no_gc
==================================================
Command: python train_transformer_small_dsaa.py --optimizer trinity --config config_ablation_trinity_no_gc.yaml --output_dir ablation --run_name trinity_no_gc --wandb_project ablation-new-transformer


==================================================
Running transformer_small with ablation: trinity_no_grafting
==================================================
Command: python train_transformer_small_dsaa.py --optimizer trinity --config config_ablation_trinity_no_grafting.yaml --output_dir ablation --run_name trinity_no_grafting --wandb_project ablation-new-transformer


==================================================
Running transformer_small with ablation: trinity_without_kfac
==================================================
Command: python train_transformer_small_dsaa.py --optimizer trinity --config config_ablation_trinity_without_kfac.yaml --output_dir ablation --run_name trinity_without_kfac --wandb_project ablation-new-transformer

