nohup: ignoring input
Using device: cuda
/home/anant/miniconda3/envs/nemo_env/lib/python3.12/site-packages/torchvision/datasets/cifar.py:83: VisibleDeprecationWarning: dtype(): align should be passed as Python or NumPy boolean but got `align=0`. Did you mean to pass a tuple to create a subarray type? (Deprecated NumPy 2.4)
  entry = pickle.load(f, encoding="latin1")
[*] Generated Long-Tailed CIFAR-10. Total train samples: 12406
============================================================
  Hyperparameter Tuning
============================================================

  Tuning hybrid …
[I 2026-05-29 05:14:33,173] A new study created in memory with name: no-name-a44d4ad3-d5c6-427e-bd7d-d46187b64e0b
sys:1: UserWarning: Full backward hook is firing when gradients are computed with respect to module outputs since no inputs require gradients. See https://docs.pytorch.org/docs/main/generated/torch.nn.Module.html#torch.nn.Module.register_full_backward_hook for more details.
[I 2026-05-29 05:14:43,815] Trial 0 finished with value: 35.39 and parameters: {'lr': 0.0017036545078637389, 'weight_decay': 0.008563248274557022, 'damping': 0.027622530077621665, 'kfac_interval': 10, 'zo_scale': 0.39274922374622434}. Best is trial 0 with value: 35.39.
[I 2026-05-29 05:14:53,553] Trial 1 finished with value: 30.51 and parameters: {'lr': 0.00018252537807084143, 'weight_decay': 0.0006305914999389093, 'damping': 0.010102136099233572, 'kfac_interval': 10, 'zo_scale': 0.2729440201264199}. Best is trial 0 with value: 35.39.
[I 2026-05-29 05:15:03,433] Trial 2 finished with value: 26.98 and parameters: {'lr': 0.00014723724775618963, 'weight_decay': 6.792301668891322e-05, 'damping': 0.03918902419701227, 'kfac_interval': 10, 'zo_scale': 0.3746680698586872}. Best is trial 0 with value: 35.39.
[I 2026-05-29 05:15:14,019] Trial 3 finished with value: 30.74 and parameters: {'lr': 0.000307852089228807, 'weight_decay': 0.0004158957397486156, 'damping': 0.027791662191959107, 'kfac_interval': 10, 'zo_scale': 0.11420353202147997}. Best is trial 0 with value: 35.39.
[I 2026-05-29 05:15:28,162] Trial 4 finished with value: 33.48 and parameters: {'lr': 0.0005970622109420196, 'weight_decay': 0.005006703147936716, 'damping': 0.05011238327127043, 'kfac_interval': 5, 'zo_scale': 0.20990134066967842}. Best is trial 0 with value: 35.39.
[I 2026-05-29 05:15:32,885] Trial 5 pruned. 
[I 2026-05-29 05:15:46,764] Trial 6 finished with value: 39.55 and parameters: {'lr': 0.002449902704537937, 'weight_decay': 0.00015977636622577836, 'damping': 0.006743948637064873, 'kfac_interval': 5, 'zo_scale': 0.4615134931507786}. Best is trial 6 with value: 39.55.
[I 2026-05-29 05:15:58,678] Trial 7 finished with value: 33.14 and parameters: {'lr': 0.0005970923825480765, 'weight_decay': 0.0021028108895410668, 'damping': 0.0040273519477418505, 'kfac_interval': 10, 'zo_scale': 0.3114762360308975}. Best is trial 6 with value: 39.55.
[I 2026-05-29 05:16:13,099] Trial 8 finished with value: 38.97 and parameters: {'lr': 0.0009288176217990122, 'weight_decay': 1.5541861015164076e-05, 'damping': 0.017147319763209806, 'kfac_interval': 5, 'zo_scale': 0.26618021094021005}. Best is trial 6 with value: 39.55.
[I 2026-05-29 05:16:17,996] Trial 9 pruned. 
  Best hybrid: {'lr': 0.002449902704537937, 'weight_decay': 0.00015977636622577836, 'damping': 0.006743948637064873, 'kfac_interval': 5, 'zo_scale': 0.4615134931507786}

  Tuning sgd …
[I 2026-05-29 05:16:17,998] A new study created in memory with name: no-name-9c144477-e7ab-4be9-89eb-a53bc013dd64
[I 2026-05-29 05:16:25,373] Trial 0 finished with value: 10.92 and parameters: {'lr': 0.00012562756531383996, 'weight_decay': 0.003968177395364764}. Best is trial 0 with value: 10.92.
[I 2026-05-29 05:16:32,812] Trial 1 finished with value: 12.94 and parameters: {'lr': 0.00040053742490708333, 'weight_decay': 0.0007080090878606654}. Best is trial 1 with value: 12.94.
[I 2026-05-29 05:16:40,456] Trial 2 finished with value: 24.87 and parameters: {'lr': 0.008530374224456818, 'weight_decay': 0.0050265410949928094}. Best is trial 2 with value: 24.87.
[I 2026-05-29 05:16:45,416] Trial 3 pruned. 
[I 2026-05-29 05:16:52,666] Trial 4 finished with value: 13.44 and parameters: {'lr': 0.00027956940899043784, 'weight_decay': 0.008253648222640964}. Best is trial 2 with value: 24.87.
[I 2026-05-29 05:16:59,984] Trial 5 finished with value: 19.59 and parameters: {'lr': 0.001408794191690175, 'weight_decay': 0.00024092743601089402}. Best is trial 2 with value: 24.87.
[I 2026-05-29 05:17:02,287] Trial 6 pruned. 
[I 2026-05-29 05:17:04,832] Trial 7 pruned. 
[I 2026-05-29 05:17:12,212] Trial 8 finished with value: 20.78 and parameters: {'lr': 0.0027621925960550596, 'weight_decay': 0.00021566071323585398}. Best is trial 2 with value: 24.87.
[I 2026-05-29 05:17:14,904] Trial 9 pruned. 
  Best sgd: {'lr': 0.008530374224456818, 'weight_decay': 0.0050265410949928094}

  Tuning adam …
[I 2026-05-29 05:17:14,905] A new study created in memory with name: no-name-da4d2cc0-6ec2-496f-8790-27e2c71012ff
[I 2026-05-29 05:17:22,507] Trial 0 finished with value: 29.12 and parameters: {'lr': 0.00039755303233227274, 'weight_decay': 0.007927801091986892}. Best is trial 0 with value: 29.12.
[I 2026-05-29 05:17:30,084] Trial 1 finished with value: 28.82 and parameters: {'lr': 0.00010872749066926312, 'weight_decay': 0.0011576947055746704}. Best is trial 0 with value: 29.12.
[I 2026-05-29 05:17:37,685] Trial 2 finished with value: 31.79 and parameters: {'lr': 0.00021972136509273288, 'weight_decay': 0.0005022153984713275}. Best is trial 2 with value: 31.79.
[I 2026-05-29 05:17:42,861] Trial 3 pruned. 
[I 2026-05-29 05:17:45,439] Trial 4 pruned. 
[I 2026-05-29 05:17:48,037] Trial 5 pruned. 
[I 2026-05-29 05:17:50,667] Trial 6 pruned. 
[I 2026-05-29 05:17:58,402] Trial 7 finished with value: 29.35 and parameters: {'lr': 0.0019940455915493233, 'weight_decay': 4.305984811267777e-05}. Best is trial 2 with value: 31.79.
[I 2026-05-29 05:18:00,960] Trial 8 pruned. 
[I 2026-05-29 05:18:03,510] Trial 9 pruned. 
  Best adam: {'lr': 0.00021972136509273288, 'weight_decay': 0.0005022153984713275}

  Tuning rmsprop …
[I 2026-05-29 05:18:03,512] A new study created in memory with name: no-name-70feec42-c145-41c6-b5be-0310c0f3c174
[I 2026-05-29 05:18:11,171] Trial 0 finished with value: 29.39 and parameters: {'lr': 0.000983100338276842, 'weight_decay': 1.8532942830427827e-05}. Best is trial 0 with value: 29.39.
[I 2026-05-29 05:18:18,642] Trial 1 finished with value: 20.02 and parameters: {'lr': 0.0013020882573110848, 'weight_decay': 0.004102283562222415}. Best is trial 0 with value: 29.39.
[I 2026-05-29 05:18:26,293] Trial 2 finished with value: 36.77 and parameters: {'lr': 0.00029893621430010644, 'weight_decay': 2.0234659935535834e-05}. Best is trial 2 with value: 36.77.
[I 2026-05-29 05:18:33,907] Trial 3 finished with value: 32.84 and parameters: {'lr': 0.0004759666983544339, 'weight_decay': 4.319555384848551e-05}. Best is trial 2 with value: 36.77.
[I 2026-05-29 05:18:36,509] Trial 4 pruned. 
[I 2026-05-29 05:18:39,064] Trial 5 pruned. 
[I 2026-05-29 05:18:41,653] Trial 6 pruned. 
[I 2026-05-29 05:18:44,285] Trial 7 pruned. 
[I 2026-05-29 05:18:46,869] Trial 8 pruned. 
[I 2026-05-29 05:18:49,481] Trial 9 pruned. 
  Best rmsprop: {'lr': 0.00029893621430010644, 'weight_decay': 2.0234659935535834e-05}

============================================================
  Final Training
============================================================

── HYBRID ──
wandb: [wandb.login()] Loaded credentials for https://api.wandb.ai from /home/anant/.netrc.
wandb: Currently logged in as: anant-jain (dcll-iiitd) to https://api.wandb.ai. Use `wandb login --relogin` to force relogin
wandb: setting up run gyclbe1r
wandb: Tracking run with wandb version 0.26.0
wandb: Run data is saved locally in /home/anant/aomml/wandb/run-20260529_051849-gyclbe1r
wandb: Run `wandb offline` to turn off syncing.
wandb: Syncing run hybrid
wandb: ⭐️ View project at https://wandb.ai/dcll-iiitd/Hybrid-ZFS
wandb: 🚀 View run at https://wandb.ai/dcll-iiitd/Hybrid-ZFS/runs/gyclbe1r
sys:1: UserWarning: Full backward hook is firing when gradients are computed with respect to module outputs since no inputs require gradients. See https://docs.pytorch.org/docs/main/generated/torch.nn.Module.html#torch.nn.Module.register_full_backward_hook for more details.
sys:1: UserWarning: Full backward hook is firing when gradients are computed with respect to module outputs since no inputs require gradients. See https://docs.pytorch.org/docs/main/generated/torch.nn.Module.html#torch.nn.Module.register_full_backward_hook for more details.
  [hybrid  ] epoch   1  loss=1.1917  val_acc=27.35%  time=5.2s
  [hybrid  ] epoch   2  loss=0.9155  val_acc=34.48%  time=5.3s
  [hybrid  ] epoch   3  loss=0.8111  val_acc=39.52%  time=5.4s
  [hybrid  ] epoch   4  loss=0.7401  val_acc=40.91%  time=5.3s
  [hybrid  ] epoch   5  loss=0.6909  val_acc=43.20%  time=5.3s
  [hybrid  ] epoch   6  loss=0.6616  val_acc=46.22%  time=5.4s
  [hybrid  ] epoch   7  loss=0.6237  val_acc=47.05%  time=5.0s
  [hybrid  ] epoch   8  loss=0.5937  val_acc=48.23%  time=5.2s
  [hybrid  ] epoch   9  loss=0.5759  val_acc=46.99%  time=5.2s
  [hybrid  ] epoch  10  loss=0.5641  val_acc=50.89%  time=5.3s
  [hybrid  ] epoch  11  loss=0.5336  val_acc=51.74%  time=5.1s
  [hybrid  ] epoch  12  loss=0.5121  val_acc=52.83%  time=5.2s
  [hybrid  ] epoch  13  loss=0.4944  val_acc=50.00%  time=5.2s
  [hybrid  ] epoch  14  loss=0.4730  val_acc=50.94%  time=5.0s
  [hybrid  ] epoch  15  loss=0.4561  val_acc=54.83%  time=5.2s
  [hybrid  ] epoch  16  loss=0.4540  val_acc=52.80%  time=5.1s
  [hybrid  ] epoch  17  loss=0.4297  val_acc=52.57%  time=5.1s
  [hybrid  ] epoch  18  loss=0.4208  val_acc=51.74%  time=5.3s
  [hybrid  ] epoch  19  loss=0.4030  val_acc=51.34%  time=5.1s
  [hybrid  ] epoch  20  loss=0.3912  val_acc=53.48%  time=5.2s
  [hybrid  ] epoch  21  loss=0.3932  val_acc=54.55%  time=4.9s
  [hybrid  ] epoch  22  loss=0.3790  val_acc=57.28%  time=5.3s
  [hybrid  ] epoch  23  loss=0.3639  val_acc=55.14%  time=5.2s
  [hybrid  ] epoch  24  loss=0.3563  val_acc=54.51%  time=5.2s
  [hybrid  ] epoch  25  loss=0.3400  val_acc=55.23%  time=5.2s
  [hybrid  ] epoch  26  loss=0.3355  val_acc=55.97%  time=5.1s
  [hybrid  ] epoch  27  loss=0.3310  val_acc=55.42%  time=5.1s
  [hybrid  ] epoch  28  loss=0.3195  val_acc=58.26%  time=5.0s
  [hybrid  ] epoch  29  loss=0.3074  val_acc=54.37%  time=5.2s
  [hybrid  ] epoch  30  loss=0.3046  val_acc=57.14%  time=5.3s
  [hybrid  ] epoch  31  loss=0.2875  val_acc=55.80%  time=5.2s
  [hybrid  ] epoch  32  loss=0.2811  val_acc=57.52%  time=5.2s
  [hybrid  ] epoch  33  loss=0.2839  val_acc=56.24%  time=5.2s
  [hybrid  ] epoch  34  loss=0.2708  val_acc=55.45%  time=5.1s
  [hybrid  ] epoch  35  loss=0.2547  val_acc=58.22%  time=5.0s
  [hybrid  ] epoch  36  loss=0.2558  val_acc=57.28%  time=5.2s
  [hybrid  ] epoch  37  loss=0.2502  val_acc=53.55%  time=5.2s
  [hybrid  ] epoch  38  loss=0.2457  val_acc=55.73%  time=4.6s
  [hybrid  ] epoch  39  loss=0.2343  val_acc=58.27%  time=4.6s
  [hybrid  ] epoch  40  loss=0.2369  val_acc=57.70%  time=5.3s
  [hybrid  ] epoch  41  loss=0.2236  val_acc=57.05%  time=4.6s
  [hybrid  ] epoch  42  loss=0.2101  val_acc=57.20%  time=5.0s
  [hybrid  ] epoch  43  loss=0.2152  val_acc=57.49%  time=5.4s
  [hybrid  ] epoch  44  loss=0.2066  val_acc=60.35%  time=5.4s
  [hybrid  ] epoch  45  loss=0.2167  val_acc=57.79%  time=5.5s
  [hybrid  ] epoch  46  loss=0.2029  val_acc=58.28%  time=5.3s
  [hybrid  ] epoch  47  loss=0.1962  val_acc=58.26%  time=5.3s
  [hybrid  ] epoch  48  loss=0.1939  val_acc=57.44%  time=5.3s
  [hybrid  ] epoch  49  loss=0.1810  val_acc=61.33%  time=5.1s
  [hybrid  ] epoch  50  loss=0.1795  val_acc=58.52%  time=5.4s
  [hybrid  ] epoch  51  loss=0.1792  val_acc=58.92%  time=5.3s
  [hybrid  ] epoch  52  loss=0.1816  val_acc=60.14%  time=5.3s
  [hybrid  ] epoch  53  loss=0.1646  val_acc=58.65%  time=5.4s
  [hybrid  ] epoch  54  loss=0.1685  val_acc=60.89%  time=5.3s
  [hybrid  ] epoch  55  loss=0.1661  val_acc=60.80%  time=5.5s
  [hybrid  ] epoch  56  loss=0.1535  val_acc=58.49%  time=5.1s
  [hybrid  ] epoch  57  loss=0.1527  val_acc=59.62%  time=5.3s
  [hybrid  ] epoch  58  loss=0.1512  val_acc=59.41%  time=5.7s
  [hybrid  ] epoch  59  loss=0.1488  val_acc=59.68%  time=5.7s
  [hybrid  ] epoch  60  loss=0.1537  val_acc=59.70%  time=5.2s
  [hybrid  ] epoch  61  loss=0.1298  val_acc=59.87%  time=5.2s
  [hybrid  ] epoch  62  loss=0.1327  val_acc=58.54%  time=5.2s
  [hybrid  ] epoch  63  loss=0.1313  val_acc=60.07%  time=5.0s
  [hybrid  ] epoch  64  loss=0.1330  val_acc=60.36%  time=5.1s
  [hybrid  ] epoch  65  loss=0.1294  val_acc=60.27%  time=5.2s
  [hybrid  ] epoch  66  loss=0.1250  val_acc=57.34%  time=5.1s
  [hybrid  ] epoch  67  loss=0.1284  val_acc=58.40%  time=5.0s
  [hybrid  ] epoch  68  loss=0.1168  val_acc=60.44%  time=5.2s
  [hybrid  ] epoch  69  loss=0.1182  val_acc=59.80%  time=5.1s
  [hybrid  ] epoch  70  loss=0.1100  val_acc=56.09%  time=5.1s
  [hybrid  ] epoch  71  loss=0.1168  val_acc=55.84%  time=5.3s
  [hybrid  ] epoch  72  loss=0.1052  val_acc=58.68%  time=5.2s
  [hybrid  ] epoch  73  loss=0.1069  val_acc=59.66%  time=5.3s
  [hybrid  ] epoch  74  loss=0.1070  val_acc=60.15%  time=5.2s
  [hybrid  ] epoch  75  loss=0.0994  val_acc=59.88%  time=5.3s
  [hybrid  ] epoch  76  loss=0.1002  val_acc=59.16%  time=5.1s
  [hybrid  ] epoch  77  loss=0.0946  val_acc=59.69%  time=5.4s
  [hybrid  ] epoch  78  loss=0.0966  val_acc=58.10%  time=5.5s
  [hybrid  ] epoch  79  loss=0.0916  val_acc=59.17%  time=5.3s
  [hybrid  ] epoch  80  loss=0.0978  val_acc=60.05%  time=5.4s
  [hybrid  ] epoch  81  loss=0.0923  val_acc=61.71%  time=5.4s
  [hybrid  ] epoch  82  loss=0.0856  val_acc=58.17%  time=5.3s
  [hybrid  ] epoch  83  loss=0.0853  val_acc=60.23%  time=5.4s
  [hybrid  ] epoch  84  loss=0.0955  val_acc=61.15%  time=5.1s
  [hybrid  ] epoch  85  loss=0.0860  val_acc=58.47%  time=5.5s
  [hybrid  ] epoch  86  loss=0.0825  val_acc=58.66%  time=5.3s
  [hybrid  ] epoch  87  loss=0.0834  val_acc=58.12%  time=5.3s
  [hybrid  ] epoch  88  loss=0.0826  val_acc=57.62%  time=5.4s
  [hybrid  ] epoch  89  loss=0.0799  val_acc=61.21%  time=5.4s
  [hybrid  ] epoch  90  loss=0.0708  val_acc=59.30%  time=5.4s
  [hybrid  ] epoch  91  loss=0.0786  val_acc=59.86%  time=5.1s
  [hybrid  ] epoch  92  loss=0.0756  val_acc=58.40%  time=5.3s
  [hybrid  ] epoch  93  loss=0.0788  val_acc=59.21%  time=5.4s
  [hybrid  ] epoch  94  loss=0.0678  val_acc=59.09%  time=5.3s
  [hybrid  ] epoch  95  loss=0.0681  val_acc=62.03%  time=5.4s
  [hybrid  ] epoch  96  loss=0.0679  val_acc=60.16%  time=5.3s
  [hybrid  ] epoch  97  loss=0.0658  val_acc=57.62%  time=5.3s
  [hybrid  ] epoch  98  loss=0.0720  val_acc=62.19%  time=5.2s
  [hybrid  ] epoch  99  loss=0.0682  val_acc=61.23%  time=5.7s
  [hybrid  ] epoch 100  loss=0.0698  val_acc=59.93%  time=5.4s
  [hybrid  ] epoch 101  loss=0.0681  val_acc=62.11%  time=5.3s
  [hybrid  ] epoch 102  loss=0.0637  val_acc=60.49%  time=5.3s
  [hybrid  ] epoch 103  loss=0.0645  val_acc=59.94%  time=5.3s
  [hybrid  ] epoch 104  loss=0.0553  val_acc=60.63%  time=5.3s
  [hybrid  ] epoch 105  loss=0.0543  val_acc=59.51%  time=5.2s
  [hybrid  ] epoch 106  loss=0.0619  val_acc=61.40%  time=5.4s
  [hybrid  ] epoch 107  loss=0.0574  val_acc=58.80%  time=5.4s
  [hybrid  ] epoch 108  loss=0.0546  val_acc=59.78%  time=5.4s
  [hybrid  ] epoch 109  loss=0.0581  val_acc=60.42%  time=5.3s
  [hybrid  ] epoch 110  loss=0.0553  val_acc=60.43%  time=5.4s
  [hybrid  ] epoch 111  loss=0.0544  val_acc=58.59%  time=5.4s
  [hybrid  ] epoch 112  loss=0.0571  val_acc=60.86%  time=5.0s
  [hybrid  ] epoch 113  loss=0.0512  val_acc=60.12%  time=5.4s
  [hybrid  ] epoch 114  loss=0.0596  val_acc=58.26%  time=5.3s
  [hybrid  ] epoch 115  loss=0.0537  val_acc=59.04%  time=5.4s
  [hybrid  ] epoch 116  loss=0.0472  val_acc=59.12%  time=5.3s
  [hybrid  ] epoch 117  loss=0.0443  val_acc=59.29%  time=5.3s
  [hybrid  ] epoch 118  loss=0.0448  val_acc=60.27%  time=5.4s
  [hybrid  ] epoch 119  loss=0.0409  val_acc=61.35%  time=5.1s
  [hybrid  ] epoch 120  loss=0.0430  val_acc=58.90%  time=5.4s
  [hybrid  ] epoch 121  loss=0.0575  val_acc=56.40%  time=5.3s
  [hybrid  ] epoch 122  loss=0.0450  val_acc=59.81%  time=5.4s
  [hybrid  ] epoch 123  loss=0.0462  val_acc=59.38%  time=5.4s
  [hybrid  ] epoch 124  loss=0.0428  val_acc=57.06%  time=5.3s
  [hybrid  ] epoch 125  loss=0.0387  val_acc=61.14%  time=5.4s
  [hybrid  ] epoch 126  loss=0.0434  val_acc=60.97%  time=5.0s
  [hybrid  ] epoch 127  loss=0.0458  val_acc=61.90%  time=5.3s
  [hybrid  ] epoch 128  loss=0.0403  val_acc=60.48%  time=5.4s
  [hybrid  ] epoch 129  loss=0.0415  val_acc=61.39%  time=5.3s
  [hybrid  ] epoch 130  loss=0.0390  val_acc=61.38%  time=5.4s
  [hybrid  ] epoch 131  loss=0.0379  val_acc=61.66%  time=5.3s
  [hybrid  ] epoch 132  loss=0.0382  val_acc=60.92%  time=5.3s
  [hybrid  ] epoch 133  loss=0.0351  val_acc=60.44%  time=5.1s
  [hybrid  ] epoch 134  loss=0.0407  val_acc=59.09%  time=5.2s
  [hybrid  ] epoch 135  loss=0.0348  val_acc=59.20%  time=5.4s
  [hybrid  ] epoch 136  loss=0.0386  val_acc=59.81%  time=5.3s
  [hybrid  ] epoch 137  loss=0.0366  val_acc=61.15%  time=5.4s
  [hybrid  ] epoch 138  loss=0.0319  val_acc=60.57%  time=5.5s
  [hybrid  ] epoch 139  loss=0.0390  val_acc=60.49%  time=5.3s
  [hybrid  ] epoch 140  loss=0.0340  val_acc=61.73%  time=5.1s
  [hybrid  ] epoch 141  loss=0.0316  val_acc=61.88%  time=5.3s
  [hybrid  ] epoch 142  loss=0.0253  val_acc=62.82%  time=5.3s
  [hybrid  ] epoch 143  loss=0.0299  val_acc=61.49%  time=5.4s
  [hybrid  ] epoch 144  loss=0.0362  val_acc=60.24%  time=5.3s
  [hybrid  ] epoch 145  loss=0.0356  val_acc=60.88%  time=5.3s
  [hybrid  ] epoch 146  loss=0.0338  val_acc=60.71%  time=5.3s
  [hybrid  ] epoch 147  loss=0.0254  val_acc=61.86%  time=5.1s
  [hybrid  ] epoch 148  loss=0.0279  val_acc=59.68%  time=5.4s
  [hybrid  ] epoch 149  loss=0.0250  val_acc=59.55%  time=5.2s
  [hybrid  ] epoch 150  loss=0.0265  val_acc=61.26%  time=5.4s
  [hybrid  ] epoch 151  loss=0.0223  val_acc=61.12%  time=5.4s
  [hybrid  ] epoch 152  loss=0.0290  val_acc=60.87%  time=5.4s
  [hybrid  ] epoch 153  loss=0.0293  val_acc=61.41%  time=5.4s
  [hybrid  ] epoch 154  loss=0.0254  val_acc=61.25%  time=5.1s
  [hybrid  ] epoch 155  loss=0.0238  val_acc=61.46%  time=5.4s
  [hybrid  ] epoch 156  loss=0.0191  val_acc=59.92%  time=5.3s
  [hybrid  ] epoch 157  loss=0.0247  val_acc=59.07%  time=5.3s
  [hybrid  ] epoch 158  loss=0.0259  val_acc=61.10%  time=5.4s
  [hybrid  ] epoch 159  loss=0.0233  val_acc=60.95%  time=5.3s
  [hybrid  ] epoch 160  loss=0.0216  val_acc=61.28%  time=5.4s
  [hybrid  ] epoch 161  loss=0.0201  val_acc=60.45%  time=5.0s
  [hybrid  ] epoch 162  loss=0.0165  val_acc=61.89%  time=5.4s
  [hybrid  ] epoch 163  loss=0.0226  val_acc=61.35%  time=5.4s
  [hybrid  ] epoch 164  loss=0.0266  val_acc=60.01%  time=5.5s
  [hybrid  ] epoch 165  loss=0.0239  val_acc=61.13%  time=5.4s
  [hybrid  ] epoch 166  loss=0.0225  val_acc=61.46%  time=5.3s
  [hybrid  ] epoch 167  loss=0.0177  val_acc=61.78%  time=5.3s
  [hybrid  ] epoch 168  loss=0.0161  val_acc=60.29%  time=5.2s
  [hybrid  ] epoch 169  loss=0.0178  val_acc=60.95%  time=5.8s
  [hybrid  ] epoch 170  loss=0.0177  val_acc=61.02%  time=5.5s
  [hybrid  ] epoch 171  loss=0.0181  val_acc=62.96%  time=5.3s
  [hybrid  ] epoch 172  loss=0.0181  val_acc=61.01%  time=5.3s
  [hybrid  ] epoch 173  loss=0.0183  val_acc=61.32%  time=5.4s
  [hybrid  ] epoch 174  loss=0.0189  val_acc=60.37%  time=5.3s
  [hybrid  ] epoch 175  loss=0.0198  val_acc=58.74%  time=5.1s
  [hybrid  ] epoch 176  loss=0.0174  val_acc=61.26%  time=5.1s
  [hybrid  ] epoch 177  loss=0.0168  val_acc=60.31%  time=5.4s
  [hybrid  ] epoch 178  loss=0.0170  val_acc=60.45%  time=5.4s
  [hybrid  ] epoch 179  loss=0.0140  val_acc=61.40%  time=5.3s
  [hybrid  ] epoch 180  loss=0.0167  val_acc=60.80%  time=4.9s
  [hybrid  ] epoch 181  loss=0.0187  val_acc=60.39%  time=4.5s
  [hybrid  ] epoch 182  loss=0.0126  val_acc=61.70%  time=4.3s
  [hybrid  ] epoch 183  loss=0.0126  val_acc=60.71%  time=4.7s
  [hybrid  ] epoch 184  loss=0.0116  val_acc=61.16%  time=5.1s
  [hybrid  ] epoch 185  loss=0.0103  val_acc=60.63%  time=5.5s
  [hybrid  ] epoch 186  loss=0.0123  val_acc=61.28%  time=5.3s
  [hybrid  ] epoch 187  loss=0.0094  val_acc=61.15%  time=5.3s
  [hybrid  ] epoch 188  loss=0.0096  val_acc=60.30%  time=5.5s
  [hybrid  ] epoch 189  loss=0.0088  val_acc=60.55%  time=5.1s
  [hybrid  ] epoch 190  loss=0.0090  val_acc=62.38%  time=5.5s
  [hybrid  ] epoch 191  loss=0.0107  val_acc=62.32%  time=5.3s
  [hybrid  ] epoch 192  loss=0.0105  val_acc=61.50%  time=5.4s
  [hybrid  ] epoch 193  loss=0.0104  val_acc=61.44%  time=5.5s
  [hybrid  ] epoch 194  loss=0.0062  val_acc=61.90%  time=5.4s
  [hybrid  ] epoch 195  loss=0.0104  val_acc=60.39%  time=5.4s
  [hybrid  ] epoch 196  loss=0.0083  val_acc=61.91%  time=5.1s
  [hybrid  ] epoch 197  loss=0.0084  val_acc=60.20%  time=5.4s
  [hybrid  ] epoch 198  loss=0.0075  val_acc=60.84%  time=5.4s
  [hybrid  ] epoch 199  loss=0.0101  val_acc=59.57%  time=5.3s
  [hybrid  ] epoch 200  loss=0.0099  val_acc=60.31%  time=5.5s
  [hybrid  ] epoch 201  loss=0.0088  val_acc=62.10%  time=5.3s
  [hybrid  ] epoch 202  loss=0.0074  val_acc=60.82%  time=5.4s
  [hybrid  ] epoch 203  loss=0.0075  val_acc=60.71%  time=5.2s
  [hybrid  ] epoch 204  loss=0.0079  val_acc=60.62%  time=5.4s
  [hybrid  ] epoch 205  loss=0.0084  val_acc=61.96%  time=5.5s
  [hybrid  ] epoch 206  loss=0.0081  val_acc=62.55%  time=5.4s
  [hybrid  ] epoch 207  loss=0.0048  val_acc=61.48%  time=5.5s
  [hybrid  ] epoch 208  loss=0.0049  val_acc=61.04%  time=5.5s
  [hybrid  ] epoch 209  loss=0.0056  val_acc=60.30%  time=5.4s
  [hybrid  ] epoch 210  loss=0.0061  val_acc=61.61%  time=5.2s
  [hybrid  ] epoch 211  loss=0.0053  val_acc=61.42%  time=5.4s
  [hybrid  ] epoch 212  loss=0.0057  val_acc=61.18%  time=5.4s
  [hybrid  ] epoch 213  loss=0.0051  val_acc=61.12%  time=5.4s
  [hybrid  ] epoch 214  loss=0.0051  val_acc=60.52%  time=5.3s
  [hybrid  ] epoch 215  loss=0.0052  val_acc=60.58%  time=5.4s
  [hybrid  ] epoch 216  loss=0.0050  val_acc=59.41%  time=5.4s
  [hybrid  ] epoch 217  loss=0.0051  val_acc=61.55%  time=5.1s
  [hybrid  ] epoch 218  loss=0.0058  val_acc=61.04%  time=5.4s
  [hybrid  ] epoch 219  loss=0.0058  val_acc=60.14%  time=5.2s
  [hybrid  ] epoch 220  loss=0.0045  val_acc=60.04%  time=5.2s
  [hybrid  ] epoch 221  loss=0.0060  val_acc=60.94%  time=5.3s
  [hybrid  ] epoch 222  loss=0.0039  val_acc=61.04%  time=5.2s
  [hybrid  ] epoch 223  loss=0.0053  val_acc=61.54%  time=5.3s
  [hybrid  ] epoch 224  loss=0.0057  val_acc=60.77%  time=5.0s
  [hybrid  ] epoch 225  loss=0.0048  val_acc=60.82%  time=5.2s
  [hybrid  ] epoch 226  loss=0.0042  val_acc=60.46%  time=5.2s
  [hybrid  ] epoch 227  loss=0.0051  val_acc=61.21%  time=5.1s
  [hybrid  ] epoch 228  loss=0.0042  val_acc=60.94%  time=5.2s
  [hybrid  ] epoch 229  loss=0.0038  val_acc=61.23%  time=5.3s
  [hybrid  ] epoch 230  loss=0.0048  val_acc=61.40%  time=5.5s
  [hybrid  ] epoch 231  loss=0.0031  val_acc=61.62%  time=5.1s
  [hybrid  ] epoch 232  loss=0.0039  val_acc=61.18%  time=5.3s
  [hybrid  ] epoch 233  loss=0.0039  val_acc=61.15%  time=5.4s
  [hybrid  ] epoch 234  loss=0.0029  val_acc=60.99%  time=5.2s
  [hybrid  ] epoch 235  loss=0.0028  val_acc=61.31%  time=5.4s
  [hybrid  ] epoch 236  loss=0.0016  val_acc=61.74%  time=5.4s
  [hybrid  ] epoch 237  loss=0.0048  val_acc=61.89%  time=5.4s
  [hybrid  ] epoch 238  loss=0.0023  val_acc=61.82%  time=5.4s
  [hybrid  ] epoch 239  loss=0.0016  val_acc=61.48%  time=4.7s
  [hybrid  ] epoch 240  loss=0.0035  val_acc=61.51%  time=5.4s
  [hybrid  ] epoch 241  loss=0.0019  val_acc=60.99%  time=4.6s
  [hybrid  ] epoch 242  loss=0.0035  val_acc=61.14%  time=5.3s
  [hybrid  ] epoch 243  loss=0.0021  val_acc=60.53%  time=5.4s
  [hybrid  ] epoch 244  loss=0.0034  val_acc=61.59%  time=5.5s
  [hybrid  ] epoch 245  loss=0.0018  val_acc=61.65%  time=5.2s
  [hybrid  ] epoch 246  loss=0.0014  val_acc=61.92%  time=5.3s
  [hybrid  ] epoch 247  loss=0.0023  val_acc=61.28%  time=5.4s
  [hybrid  ] epoch 248  loss=0.0034  val_acc=60.77%  time=5.4s
  [hybrid  ] epoch 249  loss=0.0030  val_acc=61.34%  time=5.0s
  [hybrid  ] epoch 250  loss=0.0018  val_acc=61.47%  time=5.0s
  [hybrid  ] epoch 251  loss=0.0026  val_acc=61.01%  time=5.3s
  [hybrid  ] epoch 252  loss=0.0019  val_acc=61.23%  time=5.1s
  [hybrid  ] epoch 253  loss=0.0023  val_acc=60.92%  time=4.5s
  [hybrid  ] epoch 254  loss=0.0014  val_acc=61.23%  time=5.3s
  [hybrid  ] epoch 255  loss=0.0010  val_acc=61.62%  time=5.4s
  [hybrid  ] epoch 256  loss=0.0024  val_acc=61.73%  time=4.6s
  [hybrid  ] epoch 257  loss=0.0016  val_acc=62.12%  time=4.9s
  [hybrid  ] epoch 258  loss=0.0016  val_acc=61.61%  time=5.4s
  [hybrid  ] epoch 259  loss=0.0015  val_acc=61.30%  time=5.3s
  [hybrid  ] epoch 260  loss=0.0014  val_acc=61.74%  time=5.5s
  [hybrid  ] epoch 261  loss=0.0011  val_acc=61.46%  time=5.6s
  [hybrid  ] epoch 262  loss=0.0009  val_acc=61.50%  time=5.4s
  [hybrid  ] epoch 263  loss=0.0009  val_acc=61.56%  time=5.5s
  [hybrid  ] epoch 264  loss=0.0010  val_acc=61.44%  time=5.4s
  [hybrid  ] epoch 265  loss=0.0007  val_acc=60.73%  time=5.4s
  [hybrid  ] epoch 266  loss=0.0012  val_acc=61.24%  time=5.1s
  [hybrid  ] epoch 267  loss=0.0023  val_acc=61.18%  time=5.3s
  [hybrid  ] epoch 268  loss=0.0014  val_acc=62.30%  time=5.5s
  [hybrid  ] epoch 269  loss=0.0013  val_acc=61.95%  time=5.3s
  [hybrid  ] epoch 270  loss=0.0011  val_acc=61.57%  time=5.4s
  [hybrid  ] epoch 271  loss=0.0015  val_acc=61.96%  time=5.3s
  [hybrid  ] epoch 272  loss=0.0016  val_acc=61.91%  time=5.3s
  [hybrid  ] epoch 273  loss=0.0011  val_acc=61.80%  time=5.2s
  [hybrid  ] epoch 274  loss=0.0012  val_acc=61.45%  time=5.3s
  [hybrid  ] epoch 275  loss=0.0009  val_acc=61.32%  time=5.4s
  [hybrid  ] epoch 276  loss=0.0013  val_acc=61.55%  time=5.3s
  [hybrid  ] epoch 277  loss=0.0004  val_acc=61.29%  time=5.4s
  [hybrid  ] epoch 278  loss=0.0010  val_acc=61.73%  time=5.4s
  [hybrid  ] epoch 279  loss=0.0007  val_acc=61.30%  time=5.3s
  [hybrid  ] epoch 280  loss=0.0011  val_acc=61.51%  time=5.1s
  [hybrid  ] epoch 281  loss=0.0010  val_acc=60.86%  time=5.3s
  [hybrid  ] epoch 282  loss=0.0008  val_acc=61.51%  time=5.3s
  [hybrid  ] epoch 283  loss=0.0010  val_acc=61.97%  time=5.4s
  [hybrid  ] epoch 284  loss=0.0016  val_acc=62.68%  time=5.5s
  [hybrid  ] epoch 285  loss=0.0019  val_acc=62.16%  time=5.4s
  [hybrid  ] epoch 286  loss=0.0010  val_acc=61.97%  time=5.3s
  [hybrid  ] epoch 287  loss=0.0017  val_acc=62.13%  time=5.0s
  [hybrid  ] epoch 288  loss=0.0009  val_acc=61.88%  time=5.4s
  [hybrid  ] epoch 289  loss=0.0020  val_acc=61.82%  time=5.3s
  [hybrid  ] epoch 290  loss=0.0015  val_acc=61.43%  time=5.3s
  [hybrid  ] epoch 291  loss=0.0015  val_acc=62.06%  time=5.3s
  [hybrid  ] epoch 292  loss=0.0008  val_acc=61.71%  time=5.3s
  [hybrid  ] epoch 293  loss=0.0012  val_acc=61.88%  time=5.4s
  [hybrid  ] epoch 294  loss=0.0008  val_acc=62.05%  time=5.1s
  [hybrid  ] epoch 295  loss=0.0006  val_acc=62.00%  time=5.4s
  [hybrid  ] epoch 296  loss=0.0007  val_acc=62.18%  time=5.3s
  [hybrid  ] epoch 297  loss=0.0007  val_acc=61.92%  time=5.2s
  [hybrid  ] epoch 298  loss=0.0009  val_acc=61.98%  time=5.4s
  [hybrid  ] epoch 299  loss=0.0013  val_acc=62.15%  time=5.3s
  [hybrid  ] epoch 300  loss=0.0007  val_acc=62.01%  time=5.3s
wandb: uploading artifact run-gyclbe1r-hybridtraining_curve_table-Y3IK0g; updating run metadata
wandb: uploading artifact run-gyclbe1r-hybridtraining_curve_table-Y3IK0g
wandb: uploading config.yaml; uploading media/table/hybrid/training_curve_table_900_8605ac2d5c062c80a605.table.json; uploading output.log; uploading wandb-summary.json
wandb: uploading media/table/hybrid/training_curve_table_900_8605ac2d5c062c80a605.table.json; uploading output.log; uploading wandb-summary.json
wandb: uploading output.log; uploading wandb-summary.json
wandb: uploading wandb-summary.json; uploading history steps 896-900, summary, console lines 300-301
wandb: uploading data
wandb: 
wandb: Run history:
wandb:                      epoch ▁▁▁▁▁▂▂▂▂▂▂▃▃▃▃▃▃▃▄▄▄▄▅▅▅▅▅▅▅▆▆▇▇▇▇▇▇▇▇█
wandb:                global_step ▁▁▁▁▁▂▂▂▂▂▃▃▃▃▃▄▄▄▄▅▅▅▅▅▅▅▆▆▆▆▇▇▇▇▇▇████
wandb: hybrid/batch/grad_norm_raw █▅▅▄▆▄▅▄▂▄▃▂▃▂▃▂▃▂▃▂▃▁▂▂▂▁▂▃▁▃▂▃▁▃▁▁▁▁▁▁
wandb:     hybrid/batch/kfac_step ▁▁▁▁▁█▁▁█▁▁▁▁▁▁▁▁▁▁█▁▁▁▁▁▁▁▁█▁▁▁█▁▁█▁▁█▁
wandb:          hybrid/batch/loss ▇█▄▆▃▃▂▂▁▁▂▂▁▁▁▁▂▁▁▁▁▁▂▁▁▁▁▁▁▁▁▁▁▁▁▁▁▁▁▁
wandb:            hybrid/batch/lr ████▇▇▇▇▇▆▆▆▆▅▅▄▄▄▄▄▃▃▃▃▂▂▂▂▂▂▂▂▂▁▁▁▁▁▁▁
wandb:      hybrid/batch/opt_step ▁▁▁▁▁▂▂▂▂▂▃▃▃▃▃▃▃▄▄▄▄▄▄▄▄▅▅▅▆▆▆▆▆▇▇▇████
wandb:        hybrid/batch/time_s ▂▂▁▁▂▇▁▁▁▂▂▂█▂▁▁▁▂▂▂▂▇▁▁▁▁█▁▁▇▂█▁▂▂▇▁▁▇▂
wandb:       hybrid/batch/zo_step ▁▁▁▁▁▁█▁▁▁▁▁▁▁▁▁▁▁▁▁▁▁▁▁▁▁▁▁▁▁▁▁▁█▁▁▁▁▁▁
wandb:                  hybrid/lr ██████▇▇▇▇▇▇▇▇▇▆▆▆▆▆▄▄▄▄▃▃▃▃▃▃▂▂▂▁▁▁▁▁▁▁
wandb:                        +13 ...
wandb: 
wandb: Run summary:
wandb:               best_val_acc 62.96
wandb:                      epoch 300
wandb:           final_train_loss 0.00072
wandb:              final_val_acc 62.01
wandb:                global_step 29053
wandb: hybrid/batch/grad_norm_raw 0.00482
wandb:     hybrid/batch/kfac_step 0
wandb:          hybrid/batch/loss 0.0001
wandb:            hybrid/batch/lr 0.0
wandb:      hybrid/batch/opt_step 29054
wandb:                        +19 ...
wandb: 
wandb: 🚀 View run hybrid at: https://wandb.ai/dcll-iiitd/Hybrid-ZFS/runs/gyclbe1r
wandb: ⭐️ View project at: https://wandb.ai/dcll-iiitd/Hybrid-ZFS
wandb: Synced 5 W&B file(s), 1 media file(s), 2 artifact file(s) and 0 other file(s)
wandb: Find logs at: ./wandb/run-20260529_051849-gyclbe1r/logs

── SGD ──
wandb: setting up run p8tsq50b
wandb: Tracking run with wandb version 0.26.0
wandb: Run data is saved locally in /home/anant/aomml/wandb/run-20260529_054523-p8tsq50b
wandb: Run `wandb offline` to turn off syncing.
wandb: Syncing run sgd
wandb: ⭐️ View project at https://wandb.ai/dcll-iiitd/Hybrid-ZFS
wandb: 🚀 View run at https://wandb.ai/dcll-iiitd/Hybrid-ZFS/runs/p8tsq50b
  [sgd     ] epoch   1  loss=1.5266  val_acc=20.15%  time=2.8s
  [sgd     ] epoch   2  loss=1.2386  val_acc=23.15%  time=3.1s
  [sgd     ] epoch   3  loss=1.1320  val_acc=25.17%  time=3.3s
  [sgd     ] epoch   4  loss=1.0663  val_acc=27.68%  time=3.1s
  [sgd     ] epoch   5  loss=1.0148  val_acc=28.60%  time=3.3s
  [sgd     ] epoch   6  loss=0.9683  val_acc=28.66%  time=3.3s
  [sgd     ] epoch   7  loss=0.9420  val_acc=30.84%  time=3.3s
  [sgd     ] epoch   8  loss=0.9044  val_acc=31.22%  time=3.0s
  [sgd     ] epoch   9  loss=0.8824  val_acc=31.89%  time=3.4s
  [sgd     ] epoch  10  loss=0.8597  val_acc=32.21%  time=3.4s
  [sgd     ] epoch  11  loss=0.8311  val_acc=32.41%  time=3.3s
  [sgd     ] epoch  12  loss=0.8106  val_acc=36.69%  time=2.6s
  [sgd     ] epoch  13  loss=0.7871  val_acc=35.55%  time=2.6s
  [sgd     ] epoch  14  loss=0.7660  val_acc=39.46%  time=2.7s
  [sgd     ] epoch  15  loss=0.7459  val_acc=39.50%  time=2.7s
  [sgd     ] epoch  16  loss=0.7302  val_acc=37.61%  time=2.7s
  [sgd     ] epoch  17  loss=0.7140  val_acc=40.73%  time=3.1s
  [sgd     ] epoch  18  loss=0.6959  val_acc=39.79%  time=3.2s
  [sgd     ] epoch  19  loss=0.6815  val_acc=41.96%  time=3.1s
  [sgd     ] epoch  20  loss=0.6681  val_acc=42.12%  time=3.4s
  [sgd     ] epoch  21  loss=0.6538  val_acc=42.84%  time=3.6s
  [sgd     ] epoch  22  loss=0.6425  val_acc=43.07%  time=3.4s
  [sgd     ] epoch  23  loss=0.6258  val_acc=42.99%  time=4.0s
  [sgd     ] epoch  24  loss=0.6220  val_acc=43.95%  time=4.0s
  [sgd     ] epoch  25  loss=0.6004  val_acc=43.93%  time=3.5s
  [sgd     ] epoch  26  loss=0.5882  val_acc=44.84%  time=3.1s
  [sgd     ] epoch  27  loss=0.5867  val_acc=46.03%  time=3.3s
  [sgd     ] epoch  28  loss=0.5694  val_acc=44.80%  time=3.3s
  [sgd     ] epoch  29  loss=0.5656  val_acc=46.85%  time=3.4s
  [sgd     ] epoch  30  loss=0.5551  val_acc=46.09%  time=3.3s
  [sgd     ] epoch  31  loss=0.5614  val_acc=44.03%  time=3.3s
  [sgd     ] epoch  32  loss=0.5546  val_acc=44.73%  time=3.2s
  [sgd     ] epoch  33  loss=0.5348  val_acc=46.34%  time=3.3s
  [sgd     ] epoch  34  loss=0.5379  val_acc=45.14%  time=3.0s
  [sgd     ] epoch  35  loss=0.5198  val_acc=46.68%  time=3.3s
  [sgd     ] epoch  36  loss=0.5257  val_acc=47.58%  time=3.2s
  [sgd     ] epoch  37  loss=0.5152  val_acc=46.77%  time=3.1s
  [sgd     ] epoch  38  loss=0.5054  val_acc=46.64%  time=2.5s
  [sgd     ] epoch  39  loss=0.4961  val_acc=48.68%  time=2.6s
  [sgd     ] epoch  40  loss=0.5080  val_acc=42.71%  time=3.3s
  [sgd     ] epoch  41  loss=0.5071  val_acc=46.21%  time=2.5s
  [sgd     ] epoch  42  loss=0.4903  val_acc=48.36%  time=2.6s
  [sgd     ] epoch  43  loss=0.4881  val_acc=48.68%  time=2.6s
  [sgd     ] epoch  44  loss=0.4917  val_acc=43.31%  time=3.1s
  [sgd     ] epoch  45  loss=0.4955  val_acc=49.07%  time=3.2s
  [sgd     ] epoch  46  loss=0.4955  val_acc=45.97%  time=3.4s
  [sgd     ] epoch  47  loss=0.4844  val_acc=46.01%  time=3.3s
  [sgd     ] epoch  48  loss=0.4949  val_acc=48.21%  time=3.4s
  [sgd     ] epoch  49  loss=0.4752  val_acc=46.38%  time=3.2s
  [sgd     ] epoch  50  loss=0.4824  val_acc=49.82%  time=3.5s
  [sgd     ] epoch  51  loss=0.4781  val_acc=47.75%  time=3.4s
  [sgd     ] epoch  52  loss=0.4861  val_acc=43.56%  time=3.1s
  [sgd     ] epoch  53  loss=0.4764  val_acc=46.10%  time=3.5s
  [sgd     ] epoch  54  loss=0.4872  val_acc=47.67%  time=3.3s
  [sgd     ] epoch  55  loss=0.4845  val_acc=50.45%  time=3.3s
  [sgd     ] epoch  56  loss=0.4839  val_acc=49.46%  time=2.8s
  [sgd     ] epoch  57  loss=0.4794  val_acc=49.47%  time=3.3s
  [sgd     ] epoch  58  loss=0.4779  val_acc=46.95%  time=3.3s
  [sgd     ] epoch  59  loss=0.4919  val_acc=48.50%  time=3.4s
  [sgd     ] epoch  60  loss=0.4819  val_acc=49.74%  time=3.0s
  [sgd     ] epoch  61  loss=0.4939  val_acc=45.39%  time=3.2s
  [sgd     ] epoch  62  loss=0.4912  val_acc=48.39%  time=3.3s
  [sgd     ] epoch  63  loss=0.4809  val_acc=51.23%  time=3.0s
  [sgd     ] epoch  64  loss=0.4930  val_acc=45.44%  time=3.4s
  [sgd     ] epoch  65  loss=0.4977  val_acc=48.49%  time=3.2s
  [sgd     ] epoch  66  loss=0.4852  val_acc=49.53%  time=3.3s
  [sgd     ] epoch  67  loss=0.4894  val_acc=52.01%  time=3.0s
  [sgd     ] epoch  68  loss=0.4723  val_acc=44.29%  time=3.2s
  [sgd     ] epoch  69  loss=0.4818  val_acc=48.09%  time=3.3s
  [sgd     ] epoch  70  loss=0.4753  val_acc=51.51%  time=3.3s
  [sgd     ] epoch  71  loss=0.4776  val_acc=52.25%  time=3.1s
  [sgd     ] epoch  72  loss=0.4918  val_acc=51.01%  time=3.3s
  [sgd     ] epoch  73  loss=0.4809  val_acc=45.32%  time=3.2s
  [sgd     ] epoch  74  loss=0.4760  val_acc=47.78%  time=3.2s
  [sgd     ] epoch  75  loss=0.4802  val_acc=50.01%  time=3.0s
  [sgd     ] epoch  76  loss=0.4764  val_acc=49.82%  time=3.2s
  [sgd     ] epoch  77  loss=0.4818  val_acc=48.71%  time=3.3s
  [sgd     ] epoch  78  loss=0.4729  val_acc=50.90%  time=3.2s
  [sgd     ] epoch  79  loss=0.4732  val_acc=52.89%  time=3.3s
  [sgd     ] epoch  80  loss=0.4802  val_acc=48.87%  time=3.3s
  [sgd     ] epoch  81  loss=0.4841  val_acc=50.00%  time=3.4s
  [sgd     ] epoch  82  loss=0.4736  val_acc=50.09%  time=3.1s
  [sgd     ] epoch  83  loss=0.4748  val_acc=51.88%  time=3.2s
  [sgd     ] epoch  84  loss=0.4662  val_acc=49.56%  time=3.3s
  [sgd     ] epoch  85  loss=0.4657  val_acc=53.25%  time=3.4s
  [sgd     ] epoch  86  loss=0.4715  val_acc=50.96%  time=3.1s
  [sgd     ] epoch  87  loss=0.4537  val_acc=48.78%  time=3.4s
  [sgd     ] epoch  88  loss=0.4663  val_acc=50.73%  time=3.0s
  [sgd     ] epoch  89  loss=0.4529  val_acc=49.04%  time=3.0s
  [sgd     ] epoch  90  loss=0.4529  val_acc=48.87%  time=3.3s
  [sgd     ] epoch  91  loss=0.4546  val_acc=50.16%  time=3.4s
  [sgd     ] epoch  92  loss=0.4493  val_acc=51.40%  time=3.2s
  [sgd     ] epoch  93  loss=0.4479  val_acc=47.70%  time=3.1s
  [sgd     ] epoch  94  loss=0.4462  val_acc=50.63%  time=3.3s
  [sgd     ] epoch  95  loss=0.4392  val_acc=48.77%  time=3.2s
  [sgd     ] epoch  96  loss=0.4412  val_acc=47.32%  time=3.3s
  [sgd     ] epoch  97  loss=0.4311  val_acc=50.37%  time=3.0s
  [sgd     ] epoch  98  loss=0.4387  val_acc=50.47%  time=2.7s
  [sgd     ] epoch  99  loss=0.4238  val_acc=50.74%  time=2.9s
  [sgd     ] epoch 100  loss=0.4260  val_acc=49.64%  time=3.0s
  [sgd     ] epoch 101  loss=0.4140  val_acc=49.41%  time=2.9s
  [sgd     ] epoch 102  loss=0.4159  val_acc=51.79%  time=3.2s
  [sgd     ] epoch 103  loss=0.4104  val_acc=50.68%  time=3.1s
  [sgd     ] epoch 104  loss=0.4267  val_acc=53.96%  time=2.9s
  [sgd     ] epoch 105  loss=0.4058  val_acc=51.73%  time=3.2s
  [sgd     ] epoch 106  loss=0.4184  val_acc=49.55%  time=3.3s
  [sgd     ] epoch 107  loss=0.4097  val_acc=53.16%  time=3.3s
  [sgd     ] epoch 108  loss=0.4068  val_acc=47.60%  time=3.0s
  [sgd     ] epoch 109  loss=0.4055  val_acc=52.55%  time=3.3s
  [sgd     ] epoch 110  loss=0.3986  val_acc=51.39%  time=3.3s
  [sgd     ] epoch 111  loss=0.3921  val_acc=48.07%  time=3.1s
  [sgd     ] epoch 112  loss=0.3984  val_acc=46.96%  time=2.5s
  [sgd     ] epoch 113  loss=0.3961  val_acc=50.48%  time=3.0s
  [sgd     ] epoch 114  loss=0.3947  val_acc=52.88%  time=2.6s
  [sgd     ] epoch 115  loss=0.3930  val_acc=50.86%  time=2.5s
  [sgd     ] epoch 116  loss=0.3928  val_acc=51.00%  time=3.0s
  [sgd     ] epoch 117  loss=0.3780  val_acc=53.76%  time=3.2s
  [sgd     ] epoch 118  loss=0.3830  val_acc=50.75%  time=2.9s
  [sgd     ] epoch 119  loss=0.3820  val_acc=51.99%  time=2.5s
  [sgd     ] epoch 120  loss=0.3775  val_acc=49.80%  time=3.2s
  [sgd     ] epoch 121  loss=0.3761  val_acc=49.50%  time=3.2s
  [sgd     ] epoch 122  loss=0.3676  val_acc=50.66%  time=3.3s
  [sgd     ] epoch 123  loss=0.3738  val_acc=53.42%  time=3.0s
  [sgd     ] epoch 124  loss=0.3664  val_acc=52.92%  time=3.2s
  [sgd     ] epoch 125  loss=0.3580  val_acc=49.14%  time=3.2s
  [sgd     ] epoch 126  loss=0.3577  val_acc=53.05%  time=2.4s
  [sgd     ] epoch 127  loss=0.3550  val_acc=51.08%  time=2.6s
  [sgd     ] epoch 128  loss=0.3561  val_acc=52.52%  time=3.3s
  [sgd     ] epoch 129  loss=0.3531  val_acc=50.32%  time=3.0s
  [sgd     ] epoch 130  loss=0.3589  val_acc=54.57%  time=2.8s
  [sgd     ] epoch 131  loss=0.3507  val_acc=53.25%  time=3.2s
  [sgd     ] epoch 132  loss=0.3503  val_acc=51.67%  time=3.1s
  [sgd     ] epoch 133  loss=0.3468  val_acc=51.36%  time=3.2s
  [sgd     ] epoch 134  loss=0.3493  val_acc=53.45%  time=2.8s
  [sgd     ] epoch 135  loss=0.3502  val_acc=53.67%  time=3.2s
  [sgd     ] epoch 136  loss=0.3454  val_acc=53.05%  time=3.2s
  [sgd     ] epoch 137  loss=0.3518  val_acc=52.42%  time=3.4s
  [sgd     ] epoch 138  loss=0.3418  val_acc=52.09%  time=3.0s
  [sgd     ] epoch 139  loss=0.3366  val_acc=51.38%  time=2.9s
  [sgd     ] epoch 140  loss=0.3305  val_acc=50.94%  time=3.2s
  [sgd     ] epoch 141  loss=0.3396  val_acc=52.49%  time=2.5s
  [sgd     ] epoch 142  loss=0.3329  val_acc=53.92%  time=2.6s
  [sgd     ] epoch 143  loss=0.3330  val_acc=51.24%  time=2.6s
  [sgd     ] epoch 144  loss=0.3295  val_acc=53.55%  time=2.6s
  [sgd     ] epoch 145  loss=0.3251  val_acc=52.47%  time=2.4s
  [sgd     ] epoch 146  loss=0.3212  val_acc=53.24%  time=2.6s
  [sgd     ] epoch 147  loss=0.3224  val_acc=49.17%  time=2.6s
  [sgd     ] epoch 148  loss=0.3252  val_acc=51.82%  time=2.6s
  [sgd     ] epoch 149  loss=0.3194  val_acc=51.10%  time=2.5s
  [sgd     ] epoch 150  loss=0.3250  val_acc=52.32%  time=2.6s
  [sgd     ] epoch 151  loss=0.3204  val_acc=54.34%  time=2.7s
  [sgd     ] epoch 152  loss=0.3092  val_acc=52.64%  time=2.5s
  [sgd     ] epoch 153  loss=0.3109  val_acc=52.03%  time=2.6s
  [sgd     ] epoch 154  loss=0.3066  val_acc=54.57%  time=2.6s
  [sgd     ] epoch 155  loss=0.3047  val_acc=54.04%  time=2.7s
  [sgd     ] epoch 156  loss=0.3144  val_acc=52.67%  time=2.6s
  [sgd     ] epoch 157  loss=0.3055  val_acc=52.63%  time=2.7s
  [sgd     ] epoch 158  loss=0.3048  val_acc=52.73%  time=3.2s
  [sgd     ] epoch 159  loss=0.3055  val_acc=53.74%  time=3.1s
  [sgd     ] epoch 160  loss=0.3041  val_acc=52.60%  time=2.9s
  [sgd     ] epoch 161  loss=0.2972  val_acc=51.50%  time=2.8s
  [sgd     ] epoch 162  loss=0.2944  val_acc=51.84%  time=3.2s
  [sgd     ] epoch 163  loss=0.2970  val_acc=51.60%  time=3.0s
  [sgd     ] epoch 164  loss=0.2971  val_acc=53.18%  time=3.1s
  [sgd     ] epoch 165  loss=0.2885  val_acc=52.33%  time=3.2s
  [sgd     ] epoch 166  loss=0.2913  val_acc=49.77%  time=3.3s
  [sgd     ] epoch 167  loss=0.2962  val_acc=50.40%  time=2.9s
  [sgd     ] epoch 168  loss=0.2955  val_acc=52.74%  time=2.7s
  [sgd     ] epoch 169  loss=0.2870  val_acc=53.30%  time=2.9s
  [sgd     ] epoch 170  loss=0.2895  val_acc=51.60%  time=2.6s
  [sgd     ] epoch 171  loss=0.2814  val_acc=53.38%  time=2.5s
  [sgd     ] epoch 172  loss=0.2843  val_acc=53.98%  time=2.6s
  [sgd     ] epoch 173  loss=0.2832  val_acc=50.86%  time=2.7s
  [sgd     ] epoch 174  loss=0.2778  val_acc=54.03%  time=3.3s
  [sgd     ] epoch 175  loss=0.2759  val_acc=51.89%  time=2.6s
  [sgd     ] epoch 176  loss=0.2679  val_acc=50.42%  time=3.4s
  [sgd     ] epoch 177  loss=0.2745  val_acc=50.78%  time=3.4s
  [sgd     ] epoch 178  loss=0.2772  val_acc=50.44%  time=3.1s
  [sgd     ] epoch 179  loss=0.2753  val_acc=53.03%  time=3.3s
  [sgd     ] epoch 180  loss=0.2706  val_acc=51.58%  time=3.3s
  [sgd     ] epoch 181  loss=0.2666  val_acc=51.83%  time=3.2s
  [sgd     ] epoch 182  loss=0.2673  val_acc=53.79%  time=3.1s
  [sgd     ] epoch 183  loss=0.2626  val_acc=53.23%  time=3.3s
  [sgd     ] epoch 184  loss=0.2637  val_acc=52.34%  time=3.3s
  [sgd     ] epoch 185  loss=0.2609  val_acc=55.51%  time=3.2s
  [sgd     ] epoch 186  loss=0.2557  val_acc=53.37%  time=3.1s
  [sgd     ] epoch 187  loss=0.2577  val_acc=55.48%  time=3.3s
  [sgd     ] epoch 188  loss=0.2600  val_acc=55.27%  time=3.3s
  [sgd     ] epoch 189  loss=0.2576  val_acc=53.89%  time=3.1s
  [sgd     ] epoch 190  loss=0.2568  val_acc=53.45%  time=3.4s
  [sgd     ] epoch 191  loss=0.2551  val_acc=52.93%  time=3.2s
  [sgd     ] epoch 192  loss=0.2549  val_acc=51.99%  time=3.2s
  [sgd     ] epoch 193  loss=0.2494  val_acc=53.07%  time=2.9s
  [sgd     ] epoch 194  loss=0.2457  val_acc=54.20%  time=3.3s
  [sgd     ] epoch 195  loss=0.2460  val_acc=53.23%  time=3.2s
  [sgd     ] epoch 196  loss=0.2408  val_acc=53.20%  time=3.3s
  [sgd     ] epoch 197  loss=0.2389  val_acc=52.58%  time=3.1s
  [sgd     ] epoch 198  loss=0.2375  val_acc=53.44%  time=3.3s
  [sgd     ] epoch 199  loss=0.2381  val_acc=54.19%  time=3.4s
  [sgd     ] epoch 200  loss=0.2340  val_acc=53.21%  time=3.3s
  [sgd     ] epoch 201  loss=0.2298  val_acc=53.48%  time=3.1s
  [sgd     ] epoch 202  loss=0.2300  val_acc=53.32%  time=3.4s
  [sgd     ] epoch 203  loss=0.2262  val_acc=52.74%  time=3.4s
  [sgd     ] epoch 204  loss=0.2194  val_acc=54.87%  time=3.2s
  [sgd     ] epoch 205  loss=0.2232  val_acc=53.83%  time=3.4s
  [sgd     ] epoch 206  loss=0.2223  val_acc=54.79%  time=3.4s
  [sgd     ] epoch 207  loss=0.2174  val_acc=54.96%  time=3.3s
  [sgd     ] epoch 208  loss=0.2183  val_acc=52.92%  time=3.1s
  [sgd     ] epoch 209  loss=0.2193  val_acc=52.91%  time=3.2s
  [sgd     ] epoch 210  loss=0.2143  val_acc=52.97%  time=3.4s
  [sgd     ] epoch 211  loss=0.2138  val_acc=53.45%  time=3.3s
  [sgd     ] epoch 212  loss=0.2085  val_acc=54.63%  time=3.1s
  [sgd     ] epoch 213  loss=0.2138  val_acc=52.18%  time=3.3s
  [sgd     ] epoch 214  loss=0.2068  val_acc=53.22%  time=3.4s
  [sgd     ] epoch 215  loss=0.2048  val_acc=52.23%  time=3.1s
  [sgd     ] epoch 216  loss=0.2017  val_acc=54.15%  time=3.4s
  [sgd     ] epoch 217  loss=0.2064  val_acc=54.32%  time=3.4s
  [sgd     ] epoch 218  loss=0.2028  val_acc=55.28%  time=3.5s
  [sgd     ] epoch 219  loss=0.1988  val_acc=53.48%  time=3.1s
  [sgd     ] epoch 220  loss=0.1955  val_acc=52.21%  time=3.3s
  [sgd     ] epoch 221  loss=0.1957  val_acc=52.30%  time=3.4s
  [sgd     ] epoch 222  loss=0.1921  val_acc=53.62%  time=3.4s
  [sgd     ] epoch 223  loss=0.1937  val_acc=55.01%  time=3.1s
  [sgd     ] epoch 224  loss=0.1881  val_acc=54.13%  time=3.4s
  [sgd     ] epoch 225  loss=0.1903  val_acc=55.18%  time=3.4s
  [sgd     ] epoch 226  loss=0.1836  val_acc=54.81%  time=3.1s
  [sgd     ] epoch 227  loss=0.1849  val_acc=53.61%  time=3.4s
  [sgd     ] epoch 228  loss=0.1833  val_acc=54.55%  time=3.4s
  [sgd     ] epoch 229  loss=0.1812  val_acc=53.96%  time=3.4s
  [sgd     ] epoch 230  loss=0.1774  val_acc=54.28%  time=3.2s
  [sgd     ] epoch 231  loss=0.1771  val_acc=54.40%  time=3.4s
  [sgd     ] epoch 232  loss=0.1729  val_acc=54.09%  time=3.4s
  [sgd     ] epoch 233  loss=0.1743  val_acc=54.26%  time=3.3s
  [sgd     ] epoch 234  loss=0.1685  val_acc=54.88%  time=3.0s
  [sgd     ] epoch 235  loss=0.1669  val_acc=54.48%  time=3.2s
  [sgd     ] epoch 236  loss=0.1654  val_acc=53.96%  time=3.3s
  [sgd     ] epoch 237  loss=0.1638  val_acc=55.18%  time=3.5s
  [sgd     ] epoch 238  loss=0.1593  val_acc=55.41%  time=3.2s
  [sgd     ] epoch 239  loss=0.1586  val_acc=55.56%  time=3.3s
  [sgd     ] epoch 240  loss=0.1560  val_acc=54.87%  time=3.3s
  [sgd     ] epoch 241  loss=0.1498  val_acc=55.69%  time=3.2s
  [sgd     ] epoch 242  loss=0.1518  val_acc=55.94%  time=3.3s
  [sgd     ] epoch 243  loss=0.1487  val_acc=54.87%  time=3.3s
  [sgd     ] epoch 244  loss=0.1446  val_acc=55.41%  time=3.4s
  [sgd     ] epoch 245  loss=0.1413  val_acc=54.96%  time=3.2s
  [sgd     ] epoch 246  loss=0.1385  val_acc=55.28%  time=3.4s
  [sgd     ] epoch 247  loss=0.1381  val_acc=54.58%  time=3.4s
  [sgd     ] epoch 248  loss=0.1348  val_acc=54.01%  time=3.4s
  [sgd     ] epoch 249  loss=0.1319  val_acc=55.14%  time=3.2s
  [sgd     ] epoch 250  loss=0.1342  val_acc=55.05%  time=3.2s
  [sgd     ] epoch 251  loss=0.1317  val_acc=55.65%  time=2.7s
  [sgd     ] epoch 252  loss=0.1297  val_acc=54.89%  time=3.0s
  [sgd     ] epoch 253  loss=0.1250  val_acc=55.41%  time=3.2s
  [sgd     ] epoch 254  loss=0.1257  val_acc=54.85%  time=3.1s
  [sgd     ] epoch 255  loss=0.1239  val_acc=54.91%  time=3.2s
  [sgd     ] epoch 256  loss=0.1230  val_acc=54.70%  time=3.0s
  [sgd     ] epoch 257  loss=0.1210  val_acc=56.04%  time=3.3s
  [sgd     ] epoch 258  loss=0.1180  val_acc=55.17%  time=3.3s
  [sgd     ] epoch 259  loss=0.1171  val_acc=55.68%  time=3.2s
  [sgd     ] epoch 260  loss=0.1158  val_acc=56.52%  time=3.0s
  [sgd     ] epoch 261  loss=0.1118  val_acc=55.29%  time=3.3s
  [sgd     ] epoch 262  loss=0.1148  val_acc=55.79%  time=3.2s
  [sgd     ] epoch 263  loss=0.1113  val_acc=55.72%  time=3.3s
  [sgd     ] epoch 264  loss=0.1107  val_acc=55.44%  time=3.4s
  [sgd     ] epoch 265  loss=0.1085  val_acc=55.39%  time=3.3s
  [sgd     ] epoch 266  loss=0.1053  val_acc=55.70%  time=3.2s
  [sgd     ] epoch 267  loss=0.1059  val_acc=54.94%  time=3.0s
  [sgd     ] epoch 268  loss=0.1033  val_acc=55.67%  time=3.5s
  [sgd     ] epoch 269  loss=0.1027  val_acc=55.79%  time=3.4s
  [sgd     ] epoch 270  loss=0.1022  val_acc=55.51%  time=3.3s
  [sgd     ] epoch 271  loss=0.1001  val_acc=55.45%  time=3.2s
  [sgd     ] epoch 272  loss=0.0989  val_acc=55.48%  time=3.4s
  [sgd     ] epoch 273  loss=0.0996  val_acc=55.33%  time=3.3s
  [sgd     ] epoch 274  loss=0.0972  val_acc=55.02%  time=3.3s
  [sgd     ] epoch 275  loss=0.0982  val_acc=55.09%  time=3.1s
  [sgd     ] epoch 276  loss=0.0975  val_acc=55.14%  time=3.2s
  [sgd     ] epoch 277  loss=0.0978  val_acc=55.51%  time=3.4s
  [sgd     ] epoch 278  loss=0.0963  val_acc=55.63%  time=3.2s
  [sgd     ] epoch 279  loss=0.0950  val_acc=54.95%  time=3.4s
  [sgd     ] epoch 280  loss=0.0957  val_acc=55.47%  time=3.4s
  [sgd     ] epoch 281  loss=0.0931  val_acc=55.49%  time=3.4s
  [sgd     ] epoch 282  loss=0.0937  val_acc=55.43%  time=3.2s
  [sgd     ] epoch 283  loss=0.0933  val_acc=55.79%  time=3.5s
  [sgd     ] epoch 284  loss=0.0915  val_acc=55.95%  time=3.4s
  [sgd     ] epoch 285  loss=0.0912  val_acc=55.06%  time=3.4s
  [sgd     ] epoch 286  loss=0.0928  val_acc=55.18%  time=3.1s
  [sgd     ] epoch 287  loss=0.0915  val_acc=55.50%  time=3.4s
  [sgd     ] epoch 288  loss=0.0913  val_acc=55.95%  time=3.4s
  [sgd     ] epoch 289  loss=0.0905  val_acc=55.41%  time=3.1s
  [sgd     ] epoch 290  loss=0.0888  val_acc=56.17%  time=3.4s
  [sgd     ] epoch 291  loss=0.0906  val_acc=55.95%  time=3.4s
  [sgd     ] epoch 292  loss=0.0904  val_acc=55.79%  time=3.5s
  [sgd     ] epoch 293  loss=0.0915  val_acc=55.64%  time=3.1s
  [sgd     ] epoch 294  loss=0.0898  val_acc=55.71%  time=3.3s
  [sgd     ] epoch 295  loss=0.0906  val_acc=55.45%  time=3.3s
  [sgd     ] epoch 296  loss=0.0891  val_acc=55.72%  time=3.4s
  [sgd     ] epoch 297  loss=0.0905  val_acc=55.88%  time=3.1s
  [sgd     ] epoch 298  loss=0.0907  val_acc=55.85%  time=3.4s
  [sgd     ] epoch 299  loss=0.0906  val_acc=55.49%  time=3.3s
  [sgd     ] epoch 300  loss=0.0900  val_acc=55.90%  time=3.5s
wandb: uploading artifact run-p8tsq50b-sgdtraining_curve_table-RXwYwA; updating run metadata
wandb: uploading artifact run-p8tsq50b-sgdtraining_curve_table-RXwYwA
wandb: uploading media/table/sgd/training_curve_table_900_0bfa090c0cb2a43a40e5.table.json; uploading output.log; uploading wandb-summary.json; uploading config.yaml
wandb: uploading wandb-summary.json
wandb: uploading history steps 899-900, summary, console lines 299-299
wandb: 
wandb: Run history:
wandb:                        epoch ▁▁▁▁▁▁▂▂▂▂▃▃▃▃▃▄▄▄▄▄▅▅▅▅▅▆▆▆▆▆▆▆▆▇▇▇████
wandb:                  global_step ▁▁▁▁▁▂▂▂▂▃▃▃▃▃▄▄▄▄▄▅▅▅▅▅▆▆▆▆▆▆▆▆▇▇▇▇████
wandb:      sgd/batch/grad_norm_raw ▃▄▄▄▅▄▄▆▃▅▄▅▅▄▄▅▅▅▅▅▅▆▇█▅▄▆▆▂▄▆▂▂▂▂▃▂▁▂▁
wandb:               sgd/batch/loss █▆▄▄▅▃▃▃▄▄▃▃▄▃▃▂▃▂▃▂▃▂▂▂▂▃▂▂▂▂▂▂▂▂▂▁▁▁▁▁
wandb:                 sgd/batch/lr ██████████▇▇▇▇▆▆▅▅▅▅▅▄▄▄▄▃▃▃▃▃▂▂▂▂▁▁▁▁▁▁
wandb:             sgd/batch/time_s ▆▄▆▅▄▃▃▄▇█▅▇▄▆▆▃▆▅▄▄▇▁▄▆▄▂▅▅▆▄▄▄▄▄█▆▃▆▇▅
wandb:                       sgd/lr ██████▇▇▇▇▇▆▆▆▆▆▆▅▅▅▅▅▅▄▄▃▃▃▂▂▂▂▂▂▂▁▁▁▁▁
wandb: sgd/throughput/samples_per_s ▅▂▆▁▂▂▃▃▂▂▂▂▂▄▃▅█▂▂█▇▃▂▃▂▃▂▂▂▃▂▂▃▂▂▁▁▁▂▂
wandb:         sgd/time/avg_batch_s ▇▇▇▂█▇▁▇▇▅▇█▆▂▅▅▇▃▅▁▂▃▆▇▄▆▇▇▇█▇█▆██████▇
wandb:        sgd/time/cumulative_s ▁▁▁▁▂▂▂▂▂▃▃▃▃▃▃▃▃▃▃▃▄▄▄▄▄▅▅▅▅▅▆▇▇▇▇▇▇▇▇█
wandb:                          +10 ...
wandb: 
wandb: Run summary:
wandb:            best_val_acc 56.52
wandb:                   epoch 300
wandb:        final_train_loss 0.08995
wandb:           final_val_acc 55.9
wandb:             global_step 29053
wandb: sgd/batch/grad_norm_raw 0.8162
wandb:          sgd/batch/loss 0.08433
wandb:            sgd/batch/lr 0.0
wandb:        sgd/batch/time_s 0.01702
wandb:                  sgd/lr 0
wandb:                     +16 ...
wandb: 
wandb: 🚀 View run sgd at: https://wandb.ai/dcll-iiitd/Hybrid-ZFS/runs/p8tsq50b
wandb: ⭐️ View project at: https://wandb.ai/dcll-iiitd/Hybrid-ZFS
wandb: Synced 5 W&B file(s), 1 media file(s), 2 artifact file(s) and 0 other file(s)
wandb: Find logs at: ./wandb/run-20260529_054523-p8tsq50b/logs

── ADAM ──
wandb: setting up run 6hkwerwd
wandb: Tracking run with wandb version 0.26.0
wandb: Run data is saved locally in /home/anant/aomml/wandb/run-20260529_060119-6hkwerwd
wandb: Run `wandb offline` to turn off syncing.
wandb: Syncing run adam
wandb: ⭐️ View project at https://wandb.ai/dcll-iiitd/Hybrid-ZFS
wandb: 🚀 View run at https://wandb.ai/dcll-iiitd/Hybrid-ZFS/runs/6hkwerwd
  [adam    ] epoch   1  loss=1.3085  val_acc=24.36%  time=3.0s
  [adam    ] epoch   2  loss=1.0637  val_acc=32.76%  time=3.3s
  [adam    ] epoch   3  loss=0.9720  val_acc=30.19%  time=2.8s
  [adam    ] epoch   4  loss=0.9058  val_acc=33.63%  time=3.1s
  [adam    ] epoch   5  loss=0.8567  val_acc=32.93%  time=3.2s
  [adam    ] epoch   6  loss=0.8092  val_acc=37.06%  time=3.5s
  [adam    ] epoch   7  loss=0.7728  val_acc=35.55%  time=3.6s
  [adam    ] epoch   8  loss=0.7356  val_acc=39.58%  time=3.2s
  [adam    ] epoch   9  loss=0.7064  val_acc=40.68%  time=3.4s
  [adam    ] epoch  10  loss=0.6924  val_acc=40.14%  time=3.4s
  [adam    ] epoch  11  loss=0.6667  val_acc=44.53%  time=3.5s
  [adam    ] epoch  12  loss=0.6466  val_acc=41.21%  time=3.2s
  [adam    ] epoch  13  loss=0.6253  val_acc=43.60%  time=3.4s
  [adam    ] epoch  14  loss=0.6194  val_acc=45.55%  time=3.5s
  [adam    ] epoch  15  loss=0.5897  val_acc=43.34%  time=3.2s
  [adam    ] epoch  16  loss=0.5815  val_acc=47.27%  time=3.5s
  [adam    ] epoch  17  loss=0.5573  val_acc=44.03%  time=3.3s
  [adam    ] epoch  18  loss=0.5463  val_acc=47.10%  time=3.3s
  [adam    ] epoch  19  loss=0.5389  val_acc=44.43%  time=3.1s
  [adam    ] epoch  20  loss=0.5283  val_acc=48.42%  time=3.3s
  [adam    ] epoch  21  loss=0.5127  val_acc=48.72%  time=3.2s
  [adam    ] epoch  22  loss=0.5036  val_acc=48.51%  time=3.3s
  [adam    ] epoch  23  loss=0.4832  val_acc=46.42%  time=3.0s
  [adam    ] epoch  24  loss=0.4922  val_acc=49.91%  time=3.3s
  [adam    ] epoch  25  loss=0.4728  val_acc=48.50%  time=3.4s
  [adam    ] epoch  26  loss=0.4538  val_acc=46.39%  time=3.1s
  [adam    ] epoch  27  loss=0.4402  val_acc=52.54%  time=3.3s
  [adam    ] epoch  28  loss=0.4466  val_acc=49.53%  time=3.4s
  [adam    ] epoch  29  loss=0.4336  val_acc=50.46%  time=3.3s
  [adam    ] epoch  30  loss=0.4334  val_acc=50.59%  time=3.1s
  [adam    ] epoch  31  loss=0.4199  val_acc=52.43%  time=2.7s
  [adam    ] epoch  32  loss=0.4051  val_acc=52.36%  time=3.3s
  [adam    ] epoch  33  loss=0.4056  val_acc=52.41%  time=3.4s
  [adam    ] epoch  34  loss=0.4049  val_acc=51.50%  time=3.1s
  [adam    ] epoch  35  loss=0.3892  val_acc=54.57%  time=2.7s
  [adam    ] epoch  36  loss=0.3841  val_acc=52.41%  time=3.2s
  [adam    ] epoch  37  loss=0.3763  val_acc=50.60%  time=3.1s
  [adam    ] epoch  38  loss=0.3712  val_acc=51.36%  time=2.5s
  [adam    ] epoch  39  loss=0.3684  val_acc=54.01%  time=2.7s
  [adam    ] epoch  40  loss=0.3612  val_acc=49.95%  time=3.3s
  [adam    ] epoch  41  loss=0.3650  val_acc=55.14%  time=3.1s
  [adam    ] epoch  42  loss=0.3604  val_acc=55.39%  time=3.3s
  [adam    ] epoch  43  loss=0.3506  val_acc=50.60%  time=3.3s
  [adam    ] epoch  44  loss=0.3401  val_acc=52.85%  time=3.3s
  [adam    ] epoch  45  loss=0.3380  val_acc=52.88%  time=3.1s
  [adam    ] epoch  46  loss=0.3262  val_acc=54.68%  time=3.3s
  [adam    ] epoch  47  loss=0.3339  val_acc=52.68%  time=3.3s
  [adam    ] epoch  48  loss=0.3165  val_acc=55.26%  time=3.3s
  [adam    ] epoch  49  loss=0.3199  val_acc=54.65%  time=3.0s
  [adam    ] epoch  50  loss=0.3135  val_acc=54.80%  time=3.2s
  [adam    ] epoch  51  loss=0.3085  val_acc=56.12%  time=3.2s
  [adam    ] epoch  52  loss=0.2988  val_acc=56.64%  time=3.1s
  [adam    ] epoch  53  loss=0.2876  val_acc=53.26%  time=3.2s
  [adam    ] epoch  54  loss=0.2899  val_acc=55.11%  time=3.3s
  [adam    ] epoch  55  loss=0.2753  val_acc=55.92%  time=3.3s
  [adam    ] epoch  56  loss=0.2847  val_acc=52.92%  time=3.1s
  [adam    ] epoch  57  loss=0.2796  val_acc=55.62%  time=3.3s
  [adam    ] epoch  58  loss=0.2803  val_acc=53.98%  time=3.2s
  [adam    ] epoch  59  loss=0.2694  val_acc=57.77%  time=3.2s
  [adam    ] epoch  60  loss=0.2649  val_acc=54.83%  time=3.1s
  [adam    ] epoch  61  loss=0.2582  val_acc=55.14%  time=3.4s
  [adam    ] epoch  62  loss=0.2592  val_acc=54.70%  time=3.3s
  [adam    ] epoch  63  loss=0.2526  val_acc=52.68%  time=3.2s
  [adam    ] epoch  64  loss=0.2485  val_acc=55.92%  time=3.3s
  [adam    ] epoch  65  loss=0.2455  val_acc=54.34%  time=3.3s
  [adam    ] epoch  66  loss=0.2422  val_acc=53.63%  time=3.3s
  [adam    ] epoch  67  loss=0.2386  val_acc=57.18%  time=3.0s
  [adam    ] epoch  68  loss=0.2402  val_acc=56.67%  time=3.3s
  [adam    ] epoch  69  loss=0.2329  val_acc=55.92%  time=3.3s
  [adam    ] epoch  70  loss=0.2272  val_acc=52.97%  time=3.4s
  [adam    ] epoch  71  loss=0.2227  val_acc=56.40%  time=3.1s
  [adam    ] epoch  72  loss=0.2295  val_acc=57.81%  time=3.3s
  [adam    ] epoch  73  loss=0.2147  val_acc=53.96%  time=2.7s
  [adam    ] epoch  74  loss=0.2180  val_acc=57.02%  time=3.3s
  [adam    ] epoch  75  loss=0.2132  val_acc=55.98%  time=2.5s
  [adam    ] epoch  76  loss=0.2052  val_acc=55.59%  time=3.2s
  [adam    ] epoch  77  loss=0.1982  val_acc=55.03%  time=3.3s
  [adam    ] epoch  78  loss=0.2004  val_acc=57.45%  time=3.0s
  [adam    ] epoch  79  loss=0.1982  val_acc=54.05%  time=3.4s
  [adam    ] epoch  80  loss=0.1951  val_acc=55.98%  time=3.4s
  [adam    ] epoch  81  loss=0.1913  val_acc=55.11%  time=3.4s
  [adam    ] epoch  82  loss=0.1891  val_acc=55.60%  time=3.1s
  [adam    ] epoch  83  loss=0.1819  val_acc=57.13%  time=3.4s
  [adam    ] epoch  84  loss=0.1770  val_acc=56.88%  time=3.3s
  [adam    ] epoch  85  loss=0.1781  val_acc=57.16%  time=3.4s
  [adam    ] epoch  86  loss=0.1799  val_acc=55.77%  time=3.2s
  [adam    ] epoch  87  loss=0.1690  val_acc=55.15%  time=3.3s
  [adam    ] epoch  88  loss=0.1762  val_acc=55.47%  time=3.3s
  [adam    ] epoch  89  loss=0.1686  val_acc=56.48%  time=3.3s
  [adam    ] epoch  90  loss=0.1637  val_acc=53.91%  time=3.5s
  [adam    ] epoch  91  loss=0.1638  val_acc=54.55%  time=3.4s
  [adam    ] epoch  92  loss=0.1661  val_acc=57.30%  time=3.4s
  [adam    ] epoch  93  loss=0.1539  val_acc=54.94%  time=3.1s
  [adam    ] epoch  94  loss=0.1552  val_acc=54.56%  time=3.4s
  [adam    ] epoch  95  loss=0.1563  val_acc=54.87%  time=3.4s
  [adam    ] epoch  96  loss=0.1531  val_acc=55.57%  time=2.9s
  [adam    ] epoch  97  loss=0.1525  val_acc=56.13%  time=2.5s
  [adam    ] epoch  98  loss=0.1486  val_acc=57.56%  time=2.6s
  [adam    ] epoch  99  loss=0.1369  val_acc=58.91%  time=3.2s
  [adam    ] epoch 100  loss=0.1464  val_acc=55.01%  time=3.4s
  [adam    ] epoch 101  loss=0.1460  val_acc=55.59%  time=2.4s
  [adam    ] epoch 102  loss=0.1401  val_acc=56.35%  time=2.7s
  [adam    ] epoch 103  loss=0.1395  val_acc=54.95%  time=3.2s
  [adam    ] epoch 104  loss=0.1326  val_acc=53.85%  time=2.4s
  [adam    ] epoch 105  loss=0.1361  val_acc=56.66%  time=2.6s
  [adam    ] epoch 106  loss=0.1327  val_acc=53.09%  time=3.3s
  [adam    ] epoch 107  loss=0.1326  val_acc=55.27%  time=3.4s
  [adam    ] epoch 108  loss=0.1267  val_acc=55.71%  time=3.2s
  [adam    ] epoch 109  loss=0.1239  val_acc=57.16%  time=3.3s
  [adam    ] epoch 110  loss=0.1233  val_acc=57.10%  time=3.4s
  [adam    ] epoch 111  loss=0.1206  val_acc=58.62%  time=3.3s
  [adam    ] epoch 112  loss=0.1241  val_acc=56.65%  time=3.3s
  [adam    ] epoch 113  loss=0.1163  val_acc=57.69%  time=3.4s
  [adam    ] epoch 114  loss=0.1171  val_acc=56.73%  time=3.3s
  [adam    ] epoch 115  loss=0.1134  val_acc=56.06%  time=3.2s
  [adam    ] epoch 116  loss=0.1065  val_acc=56.34%  time=3.5s
  [adam    ] epoch 117  loss=0.1165  val_acc=55.19%  time=3.3s
  [adam    ] epoch 118  loss=0.1100  val_acc=56.52%  time=3.3s
  [adam    ] epoch 119  loss=0.1117  val_acc=57.52%  time=3.2s
  [adam    ] epoch 120  loss=0.1078  val_acc=57.83%  time=3.4s
  [adam    ] epoch 121  loss=0.1067  val_acc=56.77%  time=3.4s
  [adam    ] epoch 122  loss=0.1054  val_acc=55.31%  time=3.5s
  [adam    ] epoch 123  loss=0.1039  val_acc=56.35%  time=3.2s
  [adam    ] epoch 124  loss=0.0967  val_acc=56.04%  time=3.4s
  [adam    ] epoch 125  loss=0.1052  val_acc=57.65%  time=3.5s
  [adam    ] epoch 126  loss=0.1017  val_acc=58.37%  time=3.1s
  [adam    ] epoch 127  loss=0.0932  val_acc=55.84%  time=3.4s
  [adam    ] epoch 128  loss=0.1060  val_acc=56.29%  time=3.5s
  [adam    ] epoch 129  loss=0.1035  val_acc=55.53%  time=3.3s
  [adam    ] epoch 130  loss=0.1002  val_acc=56.94%  time=3.0s
  [adam    ] epoch 131  loss=0.0907  val_acc=57.55%  time=3.1s
  [adam    ] epoch 132  loss=0.0921  val_acc=55.93%  time=3.3s
  [adam    ] epoch 133  loss=0.0882  val_acc=57.63%  time=3.2s
  [adam    ] epoch 134  loss=0.0882  val_acc=55.89%  time=2.6s
  [adam    ] epoch 135  loss=0.0919  val_acc=53.55%  time=3.3s
  [adam    ] epoch 136  loss=0.0837  val_acc=56.55%  time=3.3s
  [adam    ] epoch 137  loss=0.0853  val_acc=57.42%  time=3.3s
  [adam    ] epoch 138  loss=0.0827  val_acc=55.52%  time=2.9s
  [adam    ] epoch 139  loss=0.0861  val_acc=54.98%  time=3.4s
  [adam    ] epoch 140  loss=0.0815  val_acc=56.77%  time=3.4s
  [adam    ] epoch 141  loss=0.0798  val_acc=57.82%  time=3.2s
  [adam    ] epoch 142  loss=0.0761  val_acc=57.78%  time=3.5s
  [adam    ] epoch 143  loss=0.0816  val_acc=58.09%  time=3.5s
  [adam    ] epoch 144  loss=0.0763  val_acc=56.90%  time=3.4s
  [adam    ] epoch 145  loss=0.0742  val_acc=56.07%  time=2.9s
  [adam    ] epoch 146  loss=0.0758  val_acc=55.39%  time=3.6s
  [adam    ] epoch 147  loss=0.0708  val_acc=56.21%  time=3.0s
  [adam    ] epoch 148  loss=0.0745  val_acc=56.18%  time=2.7s
  [adam    ] epoch 149  loss=0.0733  val_acc=55.75%  time=2.7s
  [adam    ] epoch 150  loss=0.0711  val_acc=55.30%  time=3.2s
  [adam    ] epoch 151  loss=0.0736  val_acc=56.10%  time=3.4s
  [adam    ] epoch 152  loss=0.0670  val_acc=59.01%  time=3.2s
  [adam    ] epoch 153  loss=0.0658  val_acc=59.11%  time=3.4s
  [adam    ] epoch 154  loss=0.0632  val_acc=56.48%  time=3.4s
  [adam    ] epoch 155  loss=0.0637  val_acc=56.20%  time=3.3s
  [adam    ] epoch 156  loss=0.0600  val_acc=55.75%  time=3.1s
  [adam    ] epoch 157  loss=0.0648  val_acc=56.02%  time=3.4s
  [adam    ] epoch 158  loss=0.0592  val_acc=56.46%  time=2.9s
  [adam    ] epoch 159  loss=0.0579  val_acc=57.46%  time=3.4s
  [adam    ] epoch 160  loss=0.0553  val_acc=57.98%  time=3.2s
  [adam    ] epoch 161  loss=0.0548  val_acc=56.04%  time=3.5s
  [adam    ] epoch 162  loss=0.0572  val_acc=58.13%  time=3.4s
  [adam    ] epoch 163  loss=0.0556  val_acc=56.14%  time=3.2s
  [adam    ] epoch 164  loss=0.0594  val_acc=56.88%  time=3.4s
  [adam    ] epoch 165  loss=0.0551  val_acc=56.98%  time=3.5s
  [adam    ] epoch 166  loss=0.0547  val_acc=57.35%  time=3.3s
  [adam    ] epoch 167  loss=0.0546  val_acc=55.43%  time=3.0s
  [adam    ] epoch 168  loss=0.0575  val_acc=54.09%  time=3.3s
  [adam    ] epoch 169  loss=0.0548  val_acc=57.43%  time=3.3s
  [adam    ] epoch 170  loss=0.0481  val_acc=56.89%  time=3.3s
  [adam    ] epoch 171  loss=0.0489  val_acc=55.93%  time=3.0s
  [adam    ] epoch 172  loss=0.0483  val_acc=55.30%  time=3.3s
  [adam    ] epoch 173  loss=0.0488  val_acc=55.78%  time=3.3s
  [adam    ] epoch 174  loss=0.0496  val_acc=56.01%  time=3.4s
  [adam    ] epoch 175  loss=0.0436  val_acc=56.71%  time=3.3s
  [adam    ] epoch 176  loss=0.0435  val_acc=57.36%  time=3.4s
  [adam    ] epoch 177  loss=0.0418  val_acc=55.90%  time=3.3s
  [adam    ] epoch 178  loss=0.0425  val_acc=56.82%  time=3.2s
  [adam    ] epoch 179  loss=0.0423  val_acc=56.83%  time=3.5s
  [adam    ] epoch 180  loss=0.0431  val_acc=58.89%  time=3.4s
  [adam    ] epoch 181  loss=0.0437  val_acc=56.28%  time=3.4s
  [adam    ] epoch 182  loss=0.0400  val_acc=55.71%  time=3.1s
  [adam    ] epoch 183  loss=0.0342  val_acc=57.30%  time=3.2s
  [adam    ] epoch 184  loss=0.0404  val_acc=56.59%  time=3.3s
  [adam    ] epoch 185  loss=0.0375  val_acc=57.61%  time=3.3s
  [adam    ] epoch 186  loss=0.0382  val_acc=56.78%  time=3.1s
  [adam    ] epoch 187  loss=0.0372  val_acc=57.15%  time=3.4s
  [adam    ] epoch 188  loss=0.0380  val_acc=55.95%  time=3.4s
  [adam    ] epoch 189  loss=0.0374  val_acc=57.87%  time=3.0s
  [adam    ] epoch 190  loss=0.0362  val_acc=57.25%  time=3.4s
  [adam    ] epoch 191  loss=0.0389  val_acc=56.44%  time=3.3s
  [adam    ] epoch 192  loss=0.0317  val_acc=57.32%  time=3.3s
  [adam    ] epoch 193  loss=0.0301  val_acc=55.96%  time=3.1s
  [adam    ] epoch 194  loss=0.0299  val_acc=56.48%  time=3.4s
  [adam    ] epoch 195  loss=0.0292  val_acc=56.44%  time=3.1s
  [adam    ] epoch 196  loss=0.0315  val_acc=56.69%  time=3.1s
  [adam    ] epoch 197  loss=0.0291  val_acc=56.19%  time=2.8s
  [adam    ] epoch 198  loss=0.0316  val_acc=59.02%  time=2.7s
  [adam    ] epoch 199  loss=0.0251  val_acc=57.26%  time=2.8s
  [adam    ] epoch 200  loss=0.0305  val_acc=56.52%  time=3.5s
  [adam    ] epoch 201  loss=0.0258  val_acc=56.87%  time=3.0s
  [adam    ] epoch 202  loss=0.0215  val_acc=56.25%  time=3.4s
  [adam    ] epoch 203  loss=0.0240  val_acc=57.60%  time=3.3s
  [adam    ] epoch 204  loss=0.0282  val_acc=56.04%  time=3.2s
  [adam    ] epoch 205  loss=0.0210  val_acc=56.65%  time=3.5s
  [adam    ] epoch 206  loss=0.0216  val_acc=56.46%  time=3.3s
  [adam    ] epoch 207  loss=0.0201  val_acc=57.21%  time=3.4s
  [adam    ] epoch 208  loss=0.0223  val_acc=57.81%  time=3.2s
  [adam    ] epoch 209  loss=0.0210  val_acc=57.47%  time=3.3s
  [adam    ] epoch 210  loss=0.0175  val_acc=57.42%  time=3.4s
  [adam    ] epoch 211  loss=0.0223  val_acc=57.44%  time=3.5s
  [adam    ] epoch 212  loss=0.0181  val_acc=56.61%  time=3.2s
  [adam    ] epoch 213  loss=0.0175  val_acc=57.67%  time=2.8s
  [adam    ] epoch 214  loss=0.0163  val_acc=56.76%  time=3.2s
  [adam    ] epoch 215  loss=0.0153  val_acc=57.27%  time=2.6s
  [adam    ] epoch 216  loss=0.0189  val_acc=56.53%  time=3.4s
  [adam    ] epoch 217  loss=0.0146  val_acc=57.71%  time=2.7s
  [adam    ] epoch 218  loss=0.0150  val_acc=57.46%  time=3.4s
  [adam    ] epoch 219  loss=0.0161  val_acc=55.45%  time=2.5s
  [adam    ] epoch 220  loss=0.0150  val_acc=59.25%  time=2.9s
  [adam    ] epoch 221  loss=0.0146  val_acc=56.60%  time=3.4s
  [adam    ] epoch 222  loss=0.0113  val_acc=57.87%  time=3.3s
  [adam    ] epoch 223  loss=0.0123  val_acc=57.27%  time=2.5s
  [adam    ] epoch 224  loss=0.0131  val_acc=58.43%  time=2.7s
  [adam    ] epoch 225  loss=0.0122  val_acc=57.03%  time=2.7s
  [adam    ] epoch 226  loss=0.0118  val_acc=58.29%  time=2.6s
  [adam    ] epoch 227  loss=0.0099  val_acc=57.79%  time=3.4s
  [adam    ] epoch 228  loss=0.0151  val_acc=57.90%  time=2.8s
  [adam    ] epoch 229  loss=0.0098  val_acc=57.43%  time=3.4s
  [adam    ] epoch 230  loss=0.0078  val_acc=57.52%  time=3.1s
  [adam    ] epoch 231  loss=0.0094  val_acc=57.69%  time=3.4s
  [adam    ] epoch 232  loss=0.0116  val_acc=56.71%  time=3.4s
  [adam    ] epoch 233  loss=0.0066  val_acc=56.80%  time=2.8s
  [adam    ] epoch 234  loss=0.0094  val_acc=57.18%  time=3.2s
  [adam    ] epoch 235  loss=0.0074  val_acc=57.90%  time=3.4s
  [adam    ] epoch 236  loss=0.0104  val_acc=58.26%  time=3.4s
  [adam    ] epoch 237  loss=0.0066  val_acc=58.16%  time=3.4s
  [adam    ] epoch 238  loss=0.0087  val_acc=58.00%  time=3.2s
  [adam    ] epoch 239  loss=0.0059  val_acc=57.83%  time=3.2s
  [adam    ] epoch 240  loss=0.0079  val_acc=57.97%  time=3.4s
  [adam    ] epoch 241  loss=0.0080  val_acc=56.53%  time=3.2s
  [adam    ] epoch 242  loss=0.0060  val_acc=58.37%  time=3.5s
  [adam    ] epoch 243  loss=0.0053  val_acc=56.81%  time=3.3s
  [adam    ] epoch 244  loss=0.0055  val_acc=58.75%  time=3.4s
  [adam    ] epoch 245  loss=0.0068  val_acc=57.85%  time=3.2s
  [adam    ] epoch 246  loss=0.0045  val_acc=57.96%  time=3.4s
  [adam    ] epoch 247  loss=0.0051  val_acc=57.51%  time=3.4s
  [adam    ] epoch 248  loss=0.0066  val_acc=56.95%  time=3.2s
  [adam    ] epoch 249  loss=0.0068  val_acc=57.76%  time=3.1s
  [adam    ] epoch 250  loss=0.0048  val_acc=58.31%  time=3.5s
  [adam    ] epoch 251  loss=0.0032  val_acc=57.03%  time=3.5s
  [adam    ] epoch 252  loss=0.0042  val_acc=58.63%  time=3.2s
  [adam    ] epoch 253  loss=0.0046  val_acc=58.49%  time=3.4s
  [adam    ] epoch 254  loss=0.0032  val_acc=57.60%  time=3.1s
  [adam    ] epoch 255  loss=0.0035  val_acc=57.94%  time=3.4s
  [adam    ] epoch 256  loss=0.0044  val_acc=57.31%  time=3.2s
  [adam    ] epoch 257  loss=0.0041  val_acc=58.18%  time=3.4s
  [adam    ] epoch 258  loss=0.0036  val_acc=57.93%  time=3.4s
  [adam    ] epoch 259  loss=0.0034  val_acc=58.26%  time=3.4s
  [adam    ] epoch 260  loss=0.0041  val_acc=58.54%  time=3.2s
  [adam    ] epoch 261  loss=0.0039  val_acc=58.06%  time=3.5s
  [adam    ] epoch 262  loss=0.0033  val_acc=58.04%  time=3.4s
  [adam    ] epoch 263  loss=0.0037  val_acc=57.22%  time=3.2s
  [adam    ] epoch 264  loss=0.0022  val_acc=57.02%  time=3.4s
  [adam    ] epoch 265  loss=0.0041  val_acc=58.30%  time=3.4s
  [adam    ] epoch 266  loss=0.0039  val_acc=58.56%  time=3.4s
  [adam    ] epoch 267  loss=0.0029  val_acc=58.18%  time=3.1s
  [adam    ] epoch 268  loss=0.0032  val_acc=57.48%  time=3.4s
  [adam    ] epoch 269  loss=0.0026  val_acc=57.92%  time=3.4s
  [adam    ] epoch 270  loss=0.0028  val_acc=57.72%  time=3.3s
  [adam    ] epoch 271  loss=0.0022  val_acc=57.93%  time=3.1s
  [adam    ] epoch 272  loss=0.0037  val_acc=58.10%  time=3.4s
  [adam    ] epoch 273  loss=0.0023  val_acc=58.55%  time=3.5s
  [adam    ] epoch 274  loss=0.0026  val_acc=57.93%  time=3.4s
  [adam    ] epoch 275  loss=0.0017  val_acc=57.91%  time=3.1s
  [adam    ] epoch 276  loss=0.0032  val_acc=58.45%  time=3.4s
  [adam    ] epoch 277  loss=0.0031  val_acc=57.99%  time=3.4s
  [adam    ] epoch 278  loss=0.0018  val_acc=57.88%  time=3.1s
  [adam    ] epoch 279  loss=0.0027  val_acc=58.15%  time=3.4s
  [adam    ] epoch 280  loss=0.0019  val_acc=57.83%  time=3.5s
  [adam    ] epoch 281  loss=0.0021  val_acc=58.32%  time=3.4s
  [adam    ] epoch 282  loss=0.0019  val_acc=58.16%  time=3.2s
  [adam    ] epoch 283  loss=0.0014  val_acc=58.23%  time=3.5s
  [adam    ] epoch 284  loss=0.0020  val_acc=58.10%  time=3.3s
  [adam    ] epoch 285  loss=0.0017  val_acc=57.97%  time=3.4s
  [adam    ] epoch 286  loss=0.0017  val_acc=58.39%  time=3.2s
  [adam    ] epoch 287  loss=0.0031  val_acc=58.36%  time=3.4s
  [adam    ] epoch 288  loss=0.0022  val_acc=57.41%  time=3.3s
  [adam    ] epoch 289  loss=0.0020  val_acc=58.25%  time=3.1s
  [adam    ] epoch 290  loss=0.0033  val_acc=58.50%  time=3.2s
  [adam    ] epoch 291  loss=0.0019  val_acc=58.58%  time=3.3s
  [adam    ] epoch 292  loss=0.0022  val_acc=58.55%  time=3.5s
  [adam    ] epoch 293  loss=0.0019  val_acc=58.66%  time=3.1s
  [adam    ] epoch 294  loss=0.0019  val_acc=58.47%  time=3.3s
  [adam    ] epoch 295  loss=0.0020  val_acc=57.91%  time=2.8s
  [adam    ] epoch 296  loss=0.0019  val_acc=58.74%  time=3.1s
  [adam    ] epoch 297  loss=0.0017  val_acc=57.86%  time=2.6s
  [adam    ] epoch 298  loss=0.0016  val_acc=58.19%  time=3.2s
  [adam    ] epoch 299  loss=0.0025  val_acc=58.02%  time=3.2s
  [adam    ] epoch 300  loss=0.0026  val_acc=58.09%  time=3.3s
wandb: uploading artifact run-6hkwerwd-adamtraining_curve_table-Hpn-Cw; updating run metadata
wandb: uploading artifact run-6hkwerwd-adamtraining_curve_table-Hpn-Cw
wandb: uploading output.log; uploading wandb-summary.json; uploading config.yaml; uploading media/table/adam/training_curve_table_900_232463dad0858960396e.table.json
wandb: uploading wandb-summary.json; uploading media/table/adam/training_curve_table_900_232463dad0858960396e.table.json; uploading history steps 892-900, summary, console lines 297-299
wandb: uploading media/table/adam/training_curve_table_900_232463dad0858960396e.table.json; uploading history steps 892-900, summary, console lines 297-299
wandb: 
wandb: Run history:
wandb:      adam/batch/grad_norm_raw ▅▄▅▄▅▄▄▄▅▅▅▅▄▄▅▃▅▃▄▃▄▆▂▅▅▂▁▁▁▁▁▆█▁▁▃▁▁▁▂
wandb:               adam/batch/loss █▅▃▄▂▂▂▂▂▂▂▂▂▂▂▂▁▁▁▁▂▁▂▁▁▂▁▁▁▁▁▁▁▁▁▁▁▁▁▁
wandb:                 adam/batch/lr ███████▇▇▇▇▆▆▆▆▆▅▅▅▅▄▄▄▄▃▃▃▃▃▃▂▂▂▂▂▁▁▁▁▁
wandb:             adam/batch/time_s ▂▁▁▁▁▁▁▁▁▁▁▁▁▃▁▁▁▁▁▁▁▁▁▁▁▂▁▁█▁▁▁▁▁▁▁▃▂▁▁
wandb:                       adam/lr █████████▇▇▇▆▆▆▆▆▅▅▅▅▅▅▅▄▄▄▃▃▃▃▃▃▃▂▂▁▁▁▁
wandb: adam/throughput/samples_per_s ▁▂▂▁▂▂▂▆▂▁▂▂▂█▂▁▂▆▂▁▃▂▃▁▂▂▁▇▅▇▃▃▂▁▂▂▂▁▂▂
wandb:         adam/time/avg_batch_s █▇▇▇▇▇▆▇▇▇▇▇▂▇▇▂▂▇▁▇█▆▄▇▄█▄▇█▃█████▇▇▇▆▅
wandb:        adam/time/cumulative_s ▁▁▁▁▂▂▂▂▂▂▂▂▂▃▃▃▄▄▄▄▄▄▅▅▅▅▆▆▆▆▆▆▇▇▇▇████
wandb:             adam/time/epoch_s ▃▆██▅▆▅▆▇▄▆▅▇▅█▇▅█▇▆█▇▇▇▆▆▇▆▇▆█▇▂▁▆▆▇▅▇▅
wandb:           adam/train/accuracy ▁▃▃▄▄▅▆▆▇▇▇▇▇▇▇▇████████████████████████
wandb:                           +10 ...
wandb: 
wandb: Run summary:
wandb:      adam/batch/grad_norm_raw 0.06432
wandb:               adam/batch/loss 0.00148
wandb:                 adam/batch/lr 0.0
wandb:             adam/batch/time_s 0.01856
wandb:                       adam/lr 0
wandb: adam/throughput/samples_per_s 3747.72264
wandb:         adam/time/avg_batch_s 0.02214
wandb:        adam/time/cumulative_s 967.94198
wandb:             adam/time/epoch_s 3.31028
wandb:           adam/train/accuracy 99.94358
wandb:                           +16 ...
wandb: 
wandb: 🚀 View run adam at: https://wandb.ai/dcll-iiitd/Hybrid-ZFS/runs/6hkwerwd
wandb: ⭐️ View project at: https://wandb.ai/dcll-iiitd/Hybrid-ZFS
wandb: Synced 5 W&B file(s), 1 media file(s), 2 artifact file(s) and 0 other file(s)
wandb: Find logs at: ./wandb/run-20260529_060119-6hkwerwd/logs

── RMSPROP ──
wandb: setting up run 5zsq3i4g
wandb: Tracking run with wandb version 0.26.0
wandb: Run data is saved locally in /home/anant/aomml/wandb/run-20260529_061737-5zsq3i4g
wandb: Run `wandb offline` to turn off syncing.
wandb: Syncing run rmsprop
wandb: ⭐️ View project at https://wandb.ai/dcll-iiitd/Hybrid-ZFS
wandb: 🚀 View run at https://wandb.ai/dcll-iiitd/Hybrid-ZFS/runs/5zsq3i4g
  [rmsprop ] epoch   1  loss=1.2695  val_acc=24.44%  time=3.0s
  [rmsprop ] epoch   2  loss=0.9673  val_acc=29.25%  time=3.4s
  [rmsprop ] epoch   3  loss=0.8786  val_acc=34.73%  time=3.5s
  [rmsprop ] epoch   4  loss=0.8255  val_acc=37.51%  time=3.2s
  [rmsprop ] epoch   5  loss=0.7780  val_acc=38.58%  time=3.5s
  [rmsprop ] epoch   6  loss=0.7393  val_acc=41.32%  time=3.3s
  [rmsprop ] epoch   7  loss=0.7052  val_acc=40.95%  time=3.3s
  [rmsprop ] epoch   8  loss=0.6712  val_acc=45.55%  time=3.1s
  [rmsprop ] epoch   9  loss=0.6529  val_acc=42.31%  time=3.2s
  [rmsprop ] epoch  10  loss=0.6242  val_acc=43.41%  time=3.3s
  [rmsprop ] epoch  11  loss=0.6046  val_acc=43.83%  time=3.3s
  [rmsprop ] epoch  12  loss=0.5862  val_acc=47.34%  time=3.0s
  [rmsprop ] epoch  13  loss=0.5679  val_acc=44.88%  time=3.2s
  [rmsprop ] epoch  14  loss=0.5511  val_acc=46.44%  time=3.4s
  [rmsprop ] epoch  15  loss=0.5297  val_acc=46.94%  time=3.1s
  [rmsprop ] epoch  16  loss=0.5138  val_acc=49.32%  time=3.4s
  [rmsprop ] epoch  17  loss=0.4991  val_acc=49.23%  time=3.3s
  [rmsprop ] epoch  18  loss=0.4866  val_acc=49.61%  time=3.4s
  [rmsprop ] epoch  19  loss=0.4715  val_acc=46.31%  time=3.1s
  [rmsprop ] epoch  20  loss=0.4553  val_acc=50.49%  time=3.5s
  [rmsprop ] epoch  21  loss=0.4444  val_acc=48.99%  time=3.4s
  [rmsprop ] epoch  22  loss=0.4296  val_acc=50.98%  time=2.7s
  [rmsprop ] epoch  23  loss=0.4223  val_acc=49.96%  time=3.0s
  [rmsprop ] epoch  24  loss=0.4122  val_acc=50.48%  time=2.7s
  [rmsprop ] epoch  25  loss=0.3884  val_acc=50.56%  time=3.3s
  [rmsprop ] epoch  26  loss=0.3789  val_acc=53.09%  time=2.8s
  [rmsprop ] epoch  27  loss=0.3790  val_acc=50.80%  time=3.2s
  [rmsprop ] epoch  28  loss=0.3609  val_acc=49.35%  time=2.9s
  [rmsprop ] epoch  29  loss=0.3470  val_acc=50.42%  time=3.3s
  [rmsprop ] epoch  30  loss=0.3481  val_acc=52.17%  time=2.8s
  [rmsprop ] epoch  31  loss=0.3364  val_acc=53.54%  time=2.7s
  [rmsprop ] epoch  32  loss=0.3181  val_acc=52.71%  time=2.7s
  [rmsprop ] epoch  33  loss=0.3105  val_acc=53.35%  time=2.9s
  [rmsprop ] epoch  34  loss=0.3096  val_acc=50.11%  time=3.0s
  [rmsprop ] epoch  35  loss=0.2919  val_acc=52.64%  time=3.2s
  [rmsprop ] epoch  36  loss=0.2781  val_acc=54.49%  time=3.2s
  [rmsprop ] epoch  37  loss=0.2892  val_acc=52.30%  time=3.4s
  [rmsprop ] epoch  38  loss=0.2737  val_acc=53.70%  time=3.1s
  [rmsprop ] epoch  39  loss=0.2712  val_acc=53.94%  time=3.3s
  [rmsprop ] epoch  40  loss=0.2583  val_acc=52.85%  time=3.3s
  [rmsprop ] epoch  41  loss=0.2560  val_acc=54.06%  time=3.0s
  [rmsprop ] epoch  42  loss=0.2527  val_acc=54.45%  time=3.3s
  [rmsprop ] epoch  43  loss=0.2319  val_acc=53.49%  time=3.3s
  [rmsprop ] epoch  44  loss=0.2352  val_acc=54.82%  time=3.3s
  [rmsprop ] epoch  45  loss=0.2228  val_acc=53.12%  time=2.8s
  [rmsprop ] epoch  46  loss=0.2225  val_acc=54.41%  time=3.2s
  [rmsprop ] epoch  47  loss=0.2157  val_acc=54.34%  time=3.2s
  [rmsprop ] epoch  48  loss=0.2100  val_acc=55.40%  time=3.3s
  [rmsprop ] epoch  49  loss=0.2071  val_acc=56.63%  time=3.2s
  [rmsprop ] epoch  50  loss=0.2003  val_acc=52.75%  time=3.5s
  [rmsprop ] epoch  51  loss=0.2038  val_acc=54.29%  time=3.4s
  [rmsprop ] epoch  52  loss=0.1979  val_acc=53.64%  time=3.1s
  [rmsprop ] epoch  53  loss=0.1863  val_acc=56.10%  time=3.4s
  [rmsprop ] epoch  54  loss=0.1829  val_acc=53.16%  time=3.3s
  [rmsprop ] epoch  55  loss=0.1822  val_acc=53.96%  time=3.3s
  [rmsprop ] epoch  56  loss=0.1749  val_acc=53.44%  time=3.1s
  [rmsprop ] epoch  57  loss=0.1768  val_acc=53.23%  time=3.4s
  [rmsprop ] epoch  58  loss=0.1601  val_acc=54.75%  time=3.3s
  [rmsprop ] epoch  59  loss=0.1632  val_acc=52.24%  time=3.4s
  [rmsprop ] epoch  60  loss=0.1648  val_acc=54.23%  time=3.0s
  [rmsprop ] epoch  61  loss=0.1611  val_acc=55.12%  time=3.3s
  [rmsprop ] epoch  62  loss=0.1550  val_acc=54.34%  time=3.3s
  [rmsprop ] epoch  63  loss=0.1487  val_acc=55.04%  time=3.0s
  [rmsprop ] epoch  64  loss=0.1441  val_acc=52.55%  time=3.3s
  [rmsprop ] epoch  65  loss=0.1397  val_acc=55.22%  time=3.4s
  [rmsprop ] epoch  66  loss=0.1381  val_acc=53.86%  time=3.2s
  [rmsprop ] epoch  67  loss=0.1359  val_acc=57.46%  time=3.0s
  [rmsprop ] epoch  68  loss=0.1278  val_acc=53.53%  time=3.3s
  [rmsprop ] epoch  69  loss=0.1293  val_acc=55.26%  time=3.3s
  [rmsprop ] epoch  70  loss=0.1310  val_acc=55.70%  time=3.3s
  [rmsprop ] epoch  71  loss=0.1253  val_acc=51.74%  time=3.1s
  [rmsprop ] epoch  72  loss=0.1181  val_acc=53.79%  time=3.3s
  [rmsprop ] epoch  73  loss=0.1197  val_acc=53.27%  time=3.3s
  [rmsprop ] epoch  74  loss=0.1226  val_acc=53.42%  time=3.4s
  [rmsprop ] epoch  75  loss=0.1136  val_acc=55.77%  time=3.0s
  [rmsprop ] epoch  76  loss=0.1098  val_acc=53.08%  time=3.3s
  [rmsprop ] epoch  77  loss=0.1173  val_acc=54.30%  time=2.9s
  [rmsprop ] epoch  78  loss=0.1106  val_acc=53.17%  time=2.9s
  [rmsprop ] epoch  79  loss=0.1089  val_acc=52.63%  time=3.2s
  [rmsprop ] epoch  80  loss=0.1027  val_acc=51.29%  time=3.2s
  [rmsprop ] epoch  81  loss=0.0990  val_acc=54.81%  time=3.2s
  [rmsprop ] epoch  82  loss=0.0987  val_acc=52.17%  time=3.1s
  [rmsprop ] epoch  83  loss=0.0985  val_acc=52.58%  time=3.4s
  [rmsprop ] epoch  84  loss=0.1001  val_acc=53.55%  time=3.5s
  [rmsprop ] epoch  85  loss=0.0953  val_acc=54.16%  time=3.2s
  [rmsprop ] epoch  86  loss=0.0937  val_acc=54.38%  time=3.1s
  [rmsprop ] epoch  87  loss=0.0912  val_acc=54.87%  time=3.4s
  [rmsprop ] epoch  88  loss=0.0947  val_acc=51.75%  time=3.3s
  [rmsprop ] epoch  89  loss=0.0888  val_acc=53.61%  time=3.1s
  [rmsprop ] epoch  90  loss=0.0877  val_acc=54.30%  time=3.2s
  [rmsprop ] epoch  91  loss=0.0917  val_acc=54.62%  time=2.6s
  [rmsprop ] epoch  92  loss=0.0831  val_acc=54.93%  time=3.2s
  [rmsprop ] epoch  93  loss=0.0820  val_acc=55.38%  time=3.0s
  [rmsprop ] epoch  94  loss=0.0755  val_acc=54.94%  time=3.2s
  [rmsprop ] epoch  95  loss=0.0848  val_acc=55.18%  time=3.3s
  [rmsprop ] epoch  96  loss=0.0735  val_acc=52.87%  time=3.2s
  [rmsprop ] epoch  97  loss=0.0751  val_acc=55.21%  time=3.0s
  [rmsprop ] epoch  98  loss=0.0750  val_acc=54.14%  time=3.2s
  [rmsprop ] epoch  99  loss=0.0766  val_acc=53.92%  time=3.1s
  [rmsprop ] epoch 100  loss=0.0766  val_acc=53.86%  time=3.3s
  [rmsprop ] epoch 101  loss=0.0633  val_acc=54.70%  time=3.1s
  [rmsprop ] epoch 102  loss=0.0749  val_acc=54.76%  time=3.4s
  [rmsprop ] epoch 103  loss=0.0728  val_acc=53.82%  time=3.5s
  [rmsprop ] epoch 104  loss=0.0681  val_acc=54.78%  time=3.1s
  [rmsprop ] epoch 105  loss=0.0663  val_acc=53.03%  time=2.9s
  [rmsprop ] epoch 106  loss=0.0635  val_acc=55.62%  time=3.0s
  [rmsprop ] epoch 107  loss=0.0648  val_acc=55.67%  time=3.4s
  [rmsprop ] epoch 108  loss=0.0692  val_acc=53.41%  time=3.1s
  [rmsprop ] epoch 109  loss=0.0615  val_acc=53.45%  time=3.4s
  [rmsprop ] epoch 110  loss=0.0615  val_acc=56.46%  time=3.3s
  [rmsprop ] epoch 111  loss=0.0608  val_acc=52.57%  time=2.8s
  [rmsprop ] epoch 112  loss=0.0602  val_acc=54.47%  time=3.1s
  [rmsprop ] epoch 113  loss=0.0564  val_acc=53.98%  time=2.8s
  [rmsprop ] epoch 114  loss=0.0560  val_acc=55.72%  time=3.3s
  [rmsprop ] epoch 115  loss=0.0556  val_acc=56.35%  time=2.5s
  [rmsprop ] epoch 116  loss=0.0592  val_acc=54.28%  time=3.3s
  [rmsprop ] epoch 117  loss=0.0551  val_acc=54.39%  time=3.0s
  [rmsprop ] epoch 118  loss=0.0583  val_acc=53.26%  time=2.9s
  [rmsprop ] epoch 119  loss=0.0531  val_acc=55.53%  time=3.1s
  [rmsprop ] epoch 120  loss=0.0518  val_acc=54.30%  time=3.4s
  [rmsprop ] epoch 121  loss=0.0465  val_acc=54.00%  time=3.3s
  [rmsprop ] epoch 122  loss=0.0430  val_acc=54.27%  time=3.5s
  [rmsprop ] epoch 123  loss=0.0512  val_acc=53.70%  time=3.2s
  [rmsprop ] epoch 124  loss=0.0486  val_acc=55.73%  time=3.4s
  [rmsprop ] epoch 125  loss=0.0474  val_acc=55.02%  time=3.4s
  [rmsprop ] epoch 126  loss=0.0523  val_acc=53.83%  time=3.1s
  [rmsprop ] epoch 127  loss=0.0508  val_acc=55.13%  time=3.4s
  [rmsprop ] epoch 128  loss=0.0484  val_acc=54.62%  time=3.4s
  [rmsprop ] epoch 129  loss=0.0409  val_acc=53.39%  time=3.2s
  [rmsprop ] epoch 130  loss=0.0458  val_acc=55.07%  time=3.1s
  [rmsprop ] epoch 131  loss=0.0424  val_acc=54.20%  time=3.3s
  [rmsprop ] epoch 132  loss=0.0411  val_acc=55.45%  time=2.9s
  [rmsprop ] epoch 133  loss=0.0365  val_acc=55.19%  time=2.9s
  [rmsprop ] epoch 134  loss=0.0430  val_acc=55.12%  time=2.4s
  [rmsprop ] epoch 135  loss=0.0414  val_acc=55.42%  time=2.8s
  [rmsprop ] epoch 136  loss=0.0424  val_acc=54.95%  time=3.2s
  [rmsprop ] epoch 137  loss=0.0434  val_acc=55.06%  time=2.7s
  [rmsprop ] epoch 138  loss=0.0366  val_acc=54.49%  time=2.6s
  [rmsprop ] epoch 139  loss=0.0383  val_acc=53.54%  time=2.7s
  [rmsprop ] epoch 140  loss=0.0354  val_acc=53.60%  time=2.7s
  [rmsprop ] epoch 141  loss=0.0324  val_acc=54.54%  time=2.9s
  [rmsprop ] epoch 142  loss=0.0356  val_acc=56.02%  time=2.9s
  [rmsprop ] epoch 143  loss=0.0331  val_acc=55.72%  time=2.7s
  [rmsprop ] epoch 144  loss=0.0304  val_acc=55.79%  time=3.5s
  [rmsprop ] epoch 145  loss=0.0292  val_acc=54.78%  time=3.1s
  [rmsprop ] epoch 146  loss=0.0338  val_acc=55.30%  time=3.4s
  [rmsprop ] epoch 147  loss=0.0336  val_acc=54.63%  time=3.4s
  [rmsprop ] epoch 148  loss=0.0326  val_acc=55.75%  time=3.4s
  [rmsprop ] epoch 149  loss=0.0313  val_acc=53.80%  time=3.2s
  [rmsprop ] epoch 150  loss=0.0317  val_acc=54.79%  time=3.4s
  [rmsprop ] epoch 151  loss=0.0296  val_acc=54.91%  time=3.3s
  [rmsprop ] epoch 152  loss=0.0305  val_acc=54.75%  time=3.1s
  [rmsprop ] epoch 153  loss=0.0309  val_acc=53.58%  time=3.4s
  [rmsprop ] epoch 154  loss=0.0308  val_acc=53.15%  time=3.4s
  [rmsprop ] epoch 155  loss=0.0230  val_acc=54.50%  time=3.4s
  [rmsprop ] epoch 156  loss=0.0300  val_acc=55.11%  time=3.2s
  [rmsprop ] epoch 157  loss=0.0287  val_acc=53.16%  time=3.4s
  [rmsprop ] epoch 158  loss=0.0267  val_acc=56.18%  time=3.4s
  [rmsprop ] epoch 159  loss=0.0234  val_acc=54.19%  time=3.3s
  [rmsprop ] epoch 160  loss=0.0265  val_acc=55.09%  time=3.0s
  [rmsprop ] epoch 161  loss=0.0224  val_acc=55.41%  time=3.3s
  [rmsprop ] epoch 162  loss=0.0223  val_acc=54.98%  time=3.5s
  [rmsprop ] epoch 163  loss=0.0187  val_acc=55.00%  time=3.1s
  [rmsprop ] epoch 164  loss=0.0244  val_acc=55.24%  time=3.3s
  [rmsprop ] epoch 165  loss=0.0215  val_acc=56.05%  time=3.2s
  [rmsprop ] epoch 166  loss=0.0199  val_acc=55.76%  time=3.2s
  [rmsprop ] epoch 167  loss=0.0206  val_acc=55.03%  time=3.0s
  [rmsprop ] epoch 168  loss=0.0173  val_acc=55.50%  time=3.3s
  [rmsprop ] epoch 169  loss=0.0192  val_acc=55.41%  time=3.3s
  [rmsprop ] epoch 170  loss=0.0194  val_acc=54.94%  time=3.2s
  [rmsprop ] epoch 171  loss=0.0207  val_acc=53.98%  time=3.1s
  [rmsprop ] epoch 172  loss=0.0182  val_acc=56.06%  time=3.3s
  [rmsprop ] epoch 173  loss=0.0179  val_acc=55.38%  time=3.4s
  [rmsprop ] epoch 174  loss=0.0160  val_acc=55.84%  time=3.3s
  [rmsprop ] epoch 175  loss=0.0181  val_acc=56.67%  time=3.1s
  [rmsprop ] epoch 176  loss=0.0193  val_acc=55.11%  time=3.1s
  [rmsprop ] epoch 177  loss=0.0168  val_acc=54.58%  time=3.4s
  [rmsprop ] epoch 178  loss=0.0163  val_acc=54.93%  time=3.0s
  [rmsprop ] epoch 179  loss=0.0199  val_acc=54.77%  time=3.3s
  [rmsprop ] epoch 180  loss=0.0154  val_acc=54.31%  time=3.3s
  [rmsprop ] epoch 181  loss=0.0172  val_acc=54.80%  time=3.4s
  [rmsprop ] epoch 182  loss=0.0147  val_acc=55.36%  time=3.1s
  [rmsprop ] epoch 183  loss=0.0139  val_acc=55.02%  time=3.4s
  [rmsprop ] epoch 184  loss=0.0125  val_acc=55.04%  time=3.3s
  [rmsprop ] epoch 185  loss=0.0144  val_acc=54.64%  time=3.2s
  [rmsprop ] epoch 186  loss=0.0172  val_acc=54.50%  time=3.0s
  [rmsprop ] epoch 187  loss=0.0111  val_acc=54.08%  time=3.2s
  [rmsprop ] epoch 188  loss=0.0145  val_acc=53.96%  time=3.2s
  [rmsprop ] epoch 189  loss=0.0106  val_acc=55.71%  time=3.0s
  [rmsprop ] epoch 190  loss=0.0132  val_acc=55.38%  time=3.3s
  [rmsprop ] epoch 191  loss=0.0147  val_acc=55.69%  time=3.3s
  [rmsprop ] epoch 192  loss=0.0131  val_acc=55.00%  time=3.4s
  [rmsprop ] epoch 193  loss=0.0126  val_acc=53.66%  time=3.1s
  [rmsprop ] epoch 194  loss=0.0100  val_acc=53.49%  time=3.1s
  [rmsprop ] epoch 195  loss=0.0135  val_acc=54.95%  time=3.0s
  [rmsprop ] epoch 196  loss=0.0130  val_acc=54.83%  time=3.0s
  [rmsprop ] epoch 197  loss=0.0084  val_acc=54.04%  time=3.1s
  [rmsprop ] epoch 198  loss=0.0096  val_acc=54.38%  time=3.4s
  [rmsprop ] epoch 199  loss=0.0121  val_acc=55.41%  time=3.3s
  [rmsprop ] epoch 200  loss=0.0100  val_acc=54.83%  time=3.4s
  [rmsprop ] epoch 201  loss=0.0107  val_acc=54.59%  time=3.1s
  [rmsprop ] epoch 202  loss=0.0078  val_acc=55.23%  time=3.4s
  [rmsprop ] epoch 203  loss=0.0096  val_acc=54.99%  time=3.3s
  [rmsprop ] epoch 204  loss=0.0086  val_acc=54.08%  time=3.1s
  [rmsprop ] epoch 205  loss=0.0061  val_acc=55.10%  time=3.3s
  [rmsprop ] epoch 206  loss=0.0088  val_acc=54.71%  time=2.6s
  [rmsprop ] epoch 207  loss=0.0082  val_acc=54.99%  time=2.7s
  [rmsprop ] epoch 208  loss=0.0103  val_acc=54.48%  time=2.7s
  [rmsprop ] epoch 209  loss=0.0053  val_acc=54.41%  time=3.4s
  [rmsprop ] epoch 210  loss=0.0063  val_acc=54.80%  time=3.4s
  [rmsprop ] epoch 211  loss=0.0075  val_acc=54.96%  time=3.4s
  [rmsprop ] epoch 212  loss=0.0076  val_acc=54.73%  time=3.2s
  [rmsprop ] epoch 213  loss=0.0076  val_acc=54.96%  time=3.3s
  [rmsprop ] epoch 214  loss=0.0061  val_acc=54.45%  time=3.3s
  [rmsprop ] epoch 215  loss=0.0052  val_acc=54.62%  time=3.1s
  [rmsprop ] epoch 216  loss=0.0064  val_acc=54.57%  time=3.4s
  [rmsprop ] epoch 217  loss=0.0065  val_acc=54.50%  time=3.3s
  [rmsprop ] epoch 218  loss=0.0078  val_acc=54.68%  time=3.4s
  [rmsprop ] epoch 219  loss=0.0051  val_acc=55.21%  time=3.0s
  [rmsprop ] epoch 220  loss=0.0059  val_acc=55.62%  time=3.3s
  [rmsprop ] epoch 221  loss=0.0055  val_acc=54.68%  time=3.3s
  [rmsprop ] epoch 222  loss=0.0063  val_acc=55.28%  time=3.2s
  [rmsprop ] epoch 223  loss=0.0035  val_acc=54.85%  time=3.1s
  [rmsprop ] epoch 224  loss=0.0061  val_acc=54.28%  time=3.3s
  [rmsprop ] epoch 225  loss=0.0044  val_acc=54.86%  time=3.2s
  [rmsprop ] epoch 226  loss=0.0043  val_acc=55.76%  time=2.9s
  [rmsprop ] epoch 227  loss=0.0033  val_acc=54.95%  time=3.4s
  [rmsprop ] epoch 228  loss=0.0033  val_acc=53.24%  time=3.4s
  [rmsprop ] epoch 229  loss=0.0039  val_acc=54.54%  time=3.4s
  [rmsprop ] epoch 230  loss=0.0032  val_acc=54.51%  time=3.2s
  [rmsprop ] epoch 231  loss=0.0042  val_acc=54.52%  time=3.4s
  [rmsprop ] epoch 232  loss=0.0037  val_acc=54.72%  time=3.5s
  [rmsprop ] epoch 233  loss=0.0047  val_acc=54.67%  time=3.5s
  [rmsprop ] epoch 234  loss=0.0017  val_acc=55.31%  time=3.1s
  [rmsprop ] epoch 235  loss=0.0022  val_acc=54.69%  time=2.9s
  [rmsprop ] epoch 236  loss=0.0028  val_acc=54.91%  time=3.1s
  [rmsprop ] epoch 237  loss=0.0023  val_acc=55.06%  time=3.3s
  [rmsprop ] epoch 238  loss=0.0015  val_acc=54.25%  time=2.8s
  [rmsprop ] epoch 239  loss=0.0032  val_acc=54.44%  time=3.0s
  [rmsprop ] epoch 240  loss=0.0024  val_acc=54.87%  time=3.3s
  [rmsprop ] epoch 241  loss=0.0022  val_acc=54.36%  time=3.2s
  [rmsprop ] epoch 242  loss=0.0032  val_acc=55.35%  time=3.4s
  [rmsprop ] epoch 243  loss=0.0026  val_acc=54.89%  time=3.5s
  [rmsprop ] epoch 244  loss=0.0032  val_acc=53.97%  time=3.5s
  [rmsprop ] epoch 245  loss=0.0032  val_acc=54.95%  time=3.3s
  [rmsprop ] epoch 246  loss=0.0028  val_acc=54.69%  time=3.4s
  [rmsprop ] epoch 247  loss=0.0034  val_acc=55.21%  time=3.4s
  [rmsprop ] epoch 248  loss=0.0022  val_acc=55.00%  time=3.4s
  [rmsprop ] epoch 249  loss=0.0019  val_acc=54.76%  time=3.1s
  [rmsprop ] epoch 250  loss=0.0024  val_acc=55.32%  time=3.4s
  [rmsprop ] epoch 251  loss=0.0018  val_acc=55.20%  time=3.5s
  [rmsprop ] epoch 252  loss=0.0018  val_acc=55.00%  time=3.1s
  [rmsprop ] epoch 253  loss=0.0016  val_acc=54.37%  time=3.4s
  [rmsprop ] epoch 254  loss=0.0031  val_acc=54.77%  time=3.4s
  [rmsprop ] epoch 255  loss=0.0021  val_acc=54.69%  time=3.4s
  [rmsprop ] epoch 256  loss=0.0023  val_acc=54.02%  time=3.1s
  [rmsprop ] epoch 257  loss=0.0009  val_acc=54.32%  time=3.3s
  [rmsprop ] epoch 258  loss=0.0027  val_acc=54.69%  time=3.4s
  [rmsprop ] epoch 259  loss=0.0017  val_acc=54.95%  time=3.4s
  [rmsprop ] epoch 260  loss=0.0024  val_acc=54.69%  time=3.2s
  [rmsprop ] epoch 261  loss=0.0011  val_acc=54.56%  time=3.4s
  [rmsprop ] epoch 262  loss=0.0009  val_acc=54.20%  time=3.3s
  [rmsprop ] epoch 263  loss=0.0009  val_acc=54.20%  time=3.2s
  [rmsprop ] epoch 264  loss=0.0014  val_acc=54.57%  time=3.3s
  [rmsprop ] epoch 265  loss=0.0017  val_acc=55.00%  time=3.4s
  [rmsprop ] epoch 266  loss=0.0015  val_acc=54.41%  time=3.4s
  [rmsprop ] epoch 267  loss=0.0010  val_acc=54.88%  time=3.1s
  [rmsprop ] epoch 268  loss=0.0011  val_acc=54.64%  time=3.6s
  [rmsprop ] epoch 269  loss=0.0018  val_acc=55.12%  time=3.4s
  [rmsprop ] epoch 270  loss=0.0021  val_acc=54.94%  time=3.4s
  [rmsprop ] epoch 271  loss=0.0013  val_acc=54.30%  time=3.2s
  [rmsprop ] epoch 272  loss=0.0010  val_acc=54.82%  time=3.4s
  [rmsprop ] epoch 273  loss=0.0011  val_acc=54.69%  time=3.5s
  [rmsprop ] epoch 274  loss=0.0012  val_acc=54.71%  time=3.4s
  [rmsprop ] epoch 275  loss=0.0012  val_acc=54.76%  time=3.1s
  [rmsprop ] epoch 276  loss=0.0009  val_acc=55.57%  time=3.4s
  [rmsprop ] epoch 277  loss=0.0013  val_acc=54.33%  time=3.4s
  [rmsprop ] epoch 278  loss=0.0010  val_acc=55.03%  time=3.1s
  [rmsprop ] epoch 279  loss=0.0012  val_acc=54.70%  time=3.4s
  [rmsprop ] epoch 280  loss=0.0009  val_acc=54.64%  time=3.5s
  [rmsprop ] epoch 281  loss=0.0007  val_acc=54.85%  time=3.4s
  [rmsprop ] epoch 282  loss=0.0008  val_acc=54.91%  time=3.1s
  [rmsprop ] epoch 283  loss=0.0008  val_acc=54.88%  time=3.4s
  [rmsprop ] epoch 284  loss=0.0008  val_acc=54.69%  time=3.3s
  [rmsprop ] epoch 285  loss=0.0009  val_acc=54.91%  time=3.4s
  [rmsprop ] epoch 286  loss=0.0012  val_acc=55.35%  time=3.2s
  [rmsprop ] epoch 287  loss=0.0008  val_acc=54.65%  time=3.4s
  [rmsprop ] epoch 288  loss=0.0009  val_acc=55.07%  time=3.2s
  [rmsprop ] epoch 289  loss=0.0004  val_acc=54.99%  time=3.0s
  [rmsprop ] epoch 290  loss=0.0013  val_acc=54.28%  time=3.3s
  [rmsprop ] epoch 291  loss=0.0009  val_acc=54.61%  time=3.2s
  [rmsprop ] epoch 292  loss=0.0006  val_acc=54.52%  time=3.3s
  [rmsprop ] epoch 293  loss=0.0020  val_acc=54.73%  time=3.2s
  [rmsprop ] epoch 294  loss=0.0014  val_acc=55.05%  time=3.4s
  [rmsprop ] epoch 295  loss=0.0009  val_acc=54.22%  time=3.3s
  [rmsprop ] epoch 296  loss=0.0006  val_acc=54.86%  time=3.3s
  [rmsprop ] epoch 297  loss=0.0006  val_acc=55.17%  time=3.2s
  [rmsprop ] epoch 298  loss=0.0006  val_acc=54.45%  time=3.4s
  [rmsprop ] epoch 299  loss=0.0005  val_acc=54.56%  time=3.3s
  [rmsprop ] epoch 300  loss=0.0011  val_acc=54.99%  time=3.4s
wandb: uploading artifact run-5zsq3i4g-rmsproptraining_curve_table-qa-uGA; updating run metadata
wandb: uploading artifact run-5zsq3i4g-rmsproptraining_curve_table-qa-uGA
wandb: uploading media/table/rmsprop/training_curve_table_900_e10d9a5e6f6be236d329.table.json; uploading output.log; uploading wandb-summary.json; uploading config.yaml
wandb: uploading output.log; uploading wandb-summary.json; uploading config.yaml
wandb: uploading wandb-summary.json
wandb: uploading history steps 896-900, summary, console lines 298-299
wandb: 
wandb: Run history:
wandb:                            epoch ▁▁▁▂▂▂▂▂▂▂▃▃▃▃▃▄▄▅▅▅▅▅▆▆▆▆▆▆▆▆▇▇▇▇▇█████
wandb:                      global_step ▁▁▁▁▁▂▂▂▂▂▂▂▃▃▃▃▃▄▄▄▄▄▅▅▅▅▆▆▆▆▆▆▆▇▇▇▇███
wandb:      rmsprop/batch/grad_norm_raw ▆▇▇▆▇▆▆▅█▅▃▆▄▄▆▅▅▅▄▃▂▅▄▁▃▂▁▂▁▂▁▁▁▂▁▁▁▃▁▁
wandb:               rmsprop/batch/loss █▆▇▇▄▄▄▃▂▂▂▃▂▂▂▂▁▁▁▁▁▂▁▁▁▁▂▁▁▁▁▁▁▁▁▁▁▁▁▁
wandb:                 rmsprop/batch/lr ███████████▇▇▇▆▆▆▆▆▆▆▆▅▅▅▄▄▄▄▃▃▃▃▂▂▂▂▁▁▁
wandb:             rmsprop/batch/time_s ▂▂▃▁▂▂▂▃▂▁▂▂▂▂▁▁▂▂▂▂▂▃▂▂▂▂▂▂▂▂▁▂▃█▂▂▂▂▂▂
wandb:                       rmsprop/lr █████████▇▇▆▆▆▆▅▅▅▅▄▄▄▄▃▃▃▃▃▃▂▂▂▂▁▁▁▁▁▁▁
wandb: rmsprop/throughput/samples_per_s ▁▃▅▂▂▆▅▃▆▂▄▅▃▆▄▃▄▅▄▅▄▂▂▂▃▂▂▃█▇▂▃▄▃▄▁▂▂▂▃
wandb:         rmsprop/time/avg_batch_s ▇▆▆▇▁▆▇▆▆▆▆▆▆▇▄▇▇▁▂██▆▇▅▇▄▇▅▇▆▆█▇▇█▇██▇▇
wandb:        rmsprop/time/cumulative_s ▁▁▂▂▂▂▂▂▂▃▃▃▃▄▄▄▄▄▅▅▅▅▅▅▅▆▆▆▆▆▇▇▇▇▇▇▇▇██
wandb:                              +10 ...
wandb: 
wandb: Run summary:
wandb:                best_val_acc 57.46
wandb:                       epoch 300
wandb:            final_train_loss 0.00108
wandb:               final_val_acc 54.99
wandb:                 global_step 29053
wandb: rmsprop/batch/grad_norm_raw 0.04547
wandb:          rmsprop/batch/loss 0.00026
wandb:            rmsprop/batch/lr 0.0
wandb:        rmsprop/batch/time_s 0.01886
wandb:                  rmsprop/lr 0
wandb:                         +16 ...
wandb: 
wandb: 🚀 View run rmsprop at: https://wandb.ai/dcll-iiitd/Hybrid-ZFS/runs/5zsq3i4g
wandb: ⭐️ View project at: https://wandb.ai/dcll-iiitd/Hybrid-ZFS
wandb: Synced 5 W&B file(s), 1 media file(s), 2 artifact file(s) and 0 other file(s)
wandb: Find logs at: ./wandb/run-20260529_061737-5zsq3i4g/logs
wandb: WARNING Using a boolean value for 'reinit' is deprecated. Use 'return_previous' or 'finish_previous' instead.
wandb: setting up run f24h2id6
wandb: Tracking run with wandb version 0.26.0
wandb: Run data is saved locally in /home/anant/aomml/wandb/run-20260529_063353-f24h2id6
wandb: Run `wandb offline` to turn off syncing.
wandb: Syncing run optimizer_comparison_summary
wandb: ⭐️ View project at https://wandb.ai/dcll-iiitd/Hybrid-ZFS
wandb: 🚀 View run at https://wandb.ai/dcll-iiitd/Hybrid-ZFS/runs/f24h2id6
wandb: updating run metadata; uploading artifact run-f24h2id6-comparisonoptimizer_table-cAnkrg; uploading artifact run-f24h2id6-comparisontrain_loss_curves-BytbHw; uploading artifact run-f24h2id6-comparisonval_acc_curves-WoHa5A; uploading artifact run-f24h2id6-comparisonfinal_val_acc_bar_table-85as0Q (+ 1 more)
wandb: uploading artifact run-f24h2id6-comparisonoptimizer_table-cAnkrg; uploading artifact run-f24h2id6-comparisontrain_loss_curves-BytbHw; uploading artifact run-f24h2id6-comparisonval_acc_curves-WoHa5A; uploading artifact run-f24h2id6-comparisonfinal_val_acc_bar_table-85as0Q; uploading artifact run-f24h2id6-comparisontotal_time_bar_table-E1aBJQ
wandb: uploading artifact run-f24h2id6-comparisontrain_loss_curves-BytbHw; uploading artifact run-f24h2id6-comparisonval_acc_curves-WoHa5A; uploading artifact run-f24h2id6-comparisonfinal_val_acc_bar_table-85as0Q; uploading artifact run-f24h2id6-comparisontotal_time_bar_table-E1aBJQ; uploading media/table/comparison/val_acc_curves_0_a69f21a4fb117026911e.table.json (+ 8 more)
wandb: uploading artifact run-f24h2id6-comparisonfinal_val_acc_bar_table-85as0Q; uploading artifact run-f24h2id6-comparisontotal_time_bar_table-E1aBJQ; uploading media/table/comparison/final_val_acc_bar_table_1_2249ba2d5682ac2843c6.table.json; uploading wandb-summary.json; uploading requirements.txt (+ 2 more)
wandb: uploading artifact run-f24h2id6-comparisontotal_time_bar_table-E1aBJQ; uploading media/table/comparison/final_val_acc_bar_table_1_2249ba2d5682ac2843c6.table.json; uploading wandb-summary.json; uploading requirements.txt; uploading media/table/comparison/optimizer_table_0_25143dde94d3164be548.table.json (+ 1 more)
wandb: uploading artifact run-f24h2id6-comparisontotal_time_bar_table-E1aBJQ
wandb: uploading history steps 0-1, summary
wandb: 🚀 View run optimizer_comparison_summary at: https://wandb.ai/dcll-iiitd/Hybrid-ZFS/runs/f24h2id6
wandb: ⭐️ View project at: https://wandb.ai/dcll-iiitd/Hybrid-ZFS
wandb: Synced 4 W&B file(s), 5 media file(s), 10 artifact file(s) and 0 other file(s)
wandb: Find logs at: ./wandb/run-20260529_063353-f24h2id6/logs
Saved: comparison.png

============================================================
  hybrid    : val_acc=62.01%  time=1583s
  sgd       : val_acc=55.90%  time=946s
  adam      : val_acc=58.09%  time=969s
  rmsprop   : val_acc=54.99%  time=965s

============================================================
  Ablation Studies
============================================================

── Ablation: Hybrid (full) ──
wandb: setting up run 6or753yj
wandb: Tracking run with wandb version 0.26.0
wandb: Run data is saved locally in /home/anant/aomml/wandb/run-20260529_063402-6or753yj
wandb: Run `wandb offline` to turn off syncing.
wandb: Syncing run ablation_Hybrid_(full)
wandb: ⭐️ View project at https://wandb.ai/dcll-iiitd/Hybrid-ZFS
wandb: 🚀 View run at https://wandb.ai/dcll-iiitd/Hybrid-ZFS/runs/6or753yj
sys:1: UserWarning: Full backward hook is firing when gradients are computed with respect to module outputs since no inputs require gradients. See https://docs.pytorch.org/docs/main/generated/torch.nn.Module.html#torch.nn.Module.register_full_backward_hook for more details.
  Epoch   1: val_acc=31.73%
  Epoch   2: val_acc=35.78%
  Epoch   3: val_acc=41.84%
  Epoch   4: val_acc=41.19%
  Epoch   5: val_acc=47.05%
  Epoch   6: val_acc=46.47%
  Epoch   7: val_acc=46.40%
  Epoch   8: val_acc=47.34%
  Epoch   9: val_acc=48.61%
  Epoch  10: val_acc=52.41%
  Epoch  11: val_acc=53.53%
  Epoch  12: val_acc=54.23%
  Epoch  13: val_acc=55.59%
  Epoch  14: val_acc=56.07%
  Epoch  15: val_acc=55.18%
  Epoch  16: val_acc=57.24%
  Epoch  17: val_acc=57.77%
  Epoch  18: val_acc=57.02%
  Epoch  19: val_acc=57.10%
  Epoch  20: val_acc=57.79%
wandb: updating run metadata
wandb: uploading output.log; uploading wandb-summary.json; uploading config.yaml
wandb: uploading output.log; uploading wandb-summary.json
wandb: uploading history steps 56-59, summary, console lines 19-20
wandb: 
wandb: Run history:
wandb:   Hybrid (full)/batch/grad_norm_raw █▂▂▁▁▁▂▁▁▂▂▂▁▁▁▂▁▁▁▁▁▁▁▁▂▁▁▁▂▁▂▁▁▁▁▁▁▁▂▁
wandb:       Hybrid (full)/batch/kfac_step ▁▁▁▁▁▁▁▁▁▁▁▁▁▁██▁▁▁▁▁▁▁▁▁▁▁▁▁▁▁▁▁▁██▁▁▁▁
wandb:            Hybrid (full)/batch/loss █▃▃▃▃▂▃▂▂▃▂▂▂▂▂▂▂▂▂▁▂▂▁▁▂▁▁▁▁▁▂▁▁▁▁▁▁▁▁▁
wandb:              Hybrid (full)/batch/lr ████████▇▇▇▇▇▇▆▆▆▆▅▅▄▄▄▄▃▃▃▃▂▂▂▂▂▂▁▁▁▁▁▁
wandb:        Hybrid (full)/batch/opt_step ▁▁▁▂▂▂▂▂▂▃▃▃▃▃▄▄▄▄▄▄▅▅▅▅▅▅▆▆▆▆▆▇▇▇▇▇▇███
wandb:          Hybrid (full)/batch/time_s ▂▁▂▁▂▁▂▁▂▁▂▁▂▁█▆▂▁▂▁▂▁▂▁▂▁▂▁▂▁▂▁▂▁▇▇▃▁▂▁
wandb:         Hybrid (full)/batch/zo_step ▁▁▁▁▁▁▁▁▁▁▁▁▁▁█▁▁▁▁▁▁▁▁▁▁▁▁▁▁▁▁▁▁▁▁█▁▁▁▁
wandb: ablation/Hybrid (full)/epoch_time_s ▂▃▄▂▄▄█▄▂▅▁▃▃▄▄▅▃▄▅▄
wandb:   ablation/Hybrid (full)/train_loss █▆▅▅▄▄▃▃▃▃▂▂▂▂▁▁▁▁▁▁
wandb: ablation/Hybrid (full)/val_accuracy ▁▂▄▄▅▅▅▅▆▇▇▇▇█▇█████
wandb:                                  +3 ...
wandb: 
wandb: Run summary:
wandb:   Hybrid (full)/batch/grad_norm_raw 2.48453
wandb:       Hybrid (full)/batch/kfac_step 0
wandb:            Hybrid (full)/batch/loss 0.21179
wandb:              Hybrid (full)/batch/lr 1e-05
wandb:        Hybrid (full)/batch/opt_step 1894
wandb:          Hybrid (full)/batch/time_s 0.02492
wandb:         Hybrid (full)/batch/zo_step 0
wandb: ablation/Hybrid (full)/epoch_time_s 4.0246
wandb:   ablation/Hybrid (full)/train_loss 0.2481
wandb: ablation/Hybrid (full)/val_accuracy 57.79
wandb:                                  +5 ...
wandb: 
wandb: 🚀 View run ablation_Hybrid_(full) at: https://wandb.ai/dcll-iiitd/Hybrid-ZFS/runs/6or753yj
wandb: ⭐️ View project at: https://wandb.ai/dcll-iiitd/Hybrid-ZFS
wandb: Synced 5 W&B file(s), 0 media file(s), 0 artifact file(s) and 0 other file(s)
wandb: Find logs at: ./wandb/run-20260529_063402-6or753yj/logs

── Ablation: Hybrid – no K-FAC ──
wandb: setting up run 6vzfvu3w
wandb: Tracking run with wandb version 0.26.0
wandb: Run data is saved locally in /home/anant/aomml/wandb/run-20260529_063527-6vzfvu3w
wandb: Run `wandb offline` to turn off syncing.
wandb: Syncing run ablation_Hybrid_no_no_K-FAC
wandb: ⭐️ View project at https://wandb.ai/dcll-iiitd/Hybrid-ZFS
wandb: 🚀 View run at https://wandb.ai/dcll-iiitd/Hybrid-ZFS/runs/6vzfvu3w
sys:1: UserWarning: Full backward hook is firing when gradients are computed with respect to module outputs since no inputs require gradients. See https://docs.pytorch.org/docs/main/generated/torch.nn.Module.html#torch.nn.Module.register_full_backward_hook for more details.
  Epoch   1: val_acc=27.68%
  Epoch   2: val_acc=28.90%
  Epoch   3: val_acc=33.52%
  Epoch   4: val_acc=35.83%
  Epoch   5: val_acc=35.25%
  Epoch   6: val_acc=33.34%
  Epoch   7: val_acc=35.88%
  Epoch   8: val_acc=45.02%
  Epoch   9: val_acc=44.76%
  Epoch  10: val_acc=47.34%
  Epoch  11: val_acc=49.16%
  Epoch  12: val_acc=48.05%
  Epoch  13: val_acc=48.36%
  Epoch  14: val_acc=50.25%
  Epoch  15: val_acc=52.54%
  Epoch  16: val_acc=53.40%
  Epoch  17: val_acc=53.59%
  Epoch  18: val_acc=52.98%
  Epoch  19: val_acc=54.10%
  Epoch  20: val_acc=53.92%
wandb: updating run metadata
wandb: uploading output.log; uploading wandb-summary.json; uploading config.yaml
wandb: uploading config.yaml
wandb: uploading history steps 59-59, summary, console lines 20-20
wandb: 
wandb: Run history:
wandb:   Hybrid – no K-FAC/batch/grad_norm_raw █▂▂▁▂▁▁▁▁▁▁▂▂▂▁▁▁▁▁▁▁▁▁▁▁▁▁▂▁▁▁▂▁▁▂▁▁▂▁▁
wandb:       Hybrid – no K-FAC/batch/kfac_step ▁▁▁▁▁▁▁▁▁▁▁▁▁▁██▁▁▁▁▁▁▁▁▁▁▁▁▁▁▁▁▁▁██▁▁▁▁
wandb:            Hybrid – no K-FAC/batch/loss █▃▃▃▃▃▃▃▂▂▃▃▃▂▂▂▂▂▁▂▂▂▂▂▂▁▁▂▁▂▁▂▁▁▁▂▂▁▁▁
wandb:              Hybrid – no K-FAC/batch/lr ████████▇▇▇▇▇▇▆▆▆▆▅▅▄▄▄▄▃▃▃▃▂▂▂▂▂▂▁▁▁▁▁▁
wandb:        Hybrid – no K-FAC/batch/opt_step ▁▁▁▂▂▂▂▂▂▃▃▃▃▃▄▄▄▄▄▄▅▅▅▅▅▅▆▆▆▆▆▇▇▇▇▇▇███
wandb:          Hybrid – no K-FAC/batch/time_s ▂▁▂▁▂▁▂▁▂▁▂▁▂▁█▇▂▁▂▁▂▁▂▁▂▁▂▁▂▁▂▁▂▁▇▇▂▁▂▁
wandb:         Hybrid – no K-FAC/batch/zo_step ▁▁▁▁▁▁▁▁▁▁▁▁▁▁█▁▁▁▁▁▁▁▁▁▁▁▁▁▁▁▁▁▁▁▁█▁▁▁▁
wandb: ablation/Hybrid – no K-FAC/epoch_time_s ▆█▆▅▅▄▂▅▃▄▁▄▄▂▄▃▁▃▂▄
wandb:   ablation/Hybrid – no K-FAC/train_loss █▆▆▅▅▄▄▄▃▃▃▂▂▂▂▁▁▁▁▁
wandb: ablation/Hybrid – no K-FAC/val_accuracy ▁▁▃▃▃▂▃▆▆▆▇▆▆▇██████
wandb:                                      +3 ...
wandb: 
wandb: Run summary:
wandb:   Hybrid – no K-FAC/batch/grad_norm_raw 2.83032
wandb:       Hybrid – no K-FAC/batch/kfac_step 0
wandb:            Hybrid – no K-FAC/batch/loss 0.26906
wandb:              Hybrid – no K-FAC/batch/lr 1e-05
wandb:        Hybrid – no K-FAC/batch/opt_step 1894
wandb:          Hybrid – no K-FAC/batch/time_s 0.02092
wandb:         Hybrid – no K-FAC/batch/zo_step 0
wandb: ablation/Hybrid – no K-FAC/epoch_time_s 3.82393
wandb:   ablation/Hybrid – no K-FAC/train_loss 0.33948
wandb: ablation/Hybrid – no K-FAC/val_accuracy 53.92
wandb:                                      +5 ...
wandb: 
wandb: 🚀 View run ablation_Hybrid_no_no_K-FAC at: https://wandb.ai/dcll-iiitd/Hybrid-ZFS/runs/6vzfvu3w
wandb: ⭐️ View project at: https://wandb.ai/dcll-iiitd/Hybrid-ZFS
wandb: Synced 5 W&B file(s), 0 media file(s), 0 artifact file(s) and 0 other file(s)
wandb: Find logs at: ./wandb/run-20260529_063527-6vzfvu3w/logs

── Ablation: Hybrid – no ZO ──
wandb: setting up run obda6klb
wandb: Tracking run with wandb version 0.26.0
wandb: Run data is saved locally in /home/anant/aomml/wandb/run-20260529_063648-obda6klb
wandb: Run `wandb offline` to turn off syncing.
wandb: Syncing run ablation_Hybrid_no_no_ZO
wandb: ⭐️ View project at https://wandb.ai/dcll-iiitd/Hybrid-ZFS
wandb: 🚀 View run at https://wandb.ai/dcll-iiitd/Hybrid-ZFS/runs/obda6klb
sys:1: UserWarning: Full backward hook is firing when gradients are computed with respect to module outputs since no inputs require gradients. See https://docs.pytorch.org/docs/main/generated/torch.nn.Module.html#torch.nn.Module.register_full_backward_hook for more details.
  Epoch   1: val_acc=27.73%
  Epoch   2: val_acc=31.38%
  Epoch   3: val_acc=37.93%
  Epoch   4: val_acc=42.97%
  Epoch   5: val_acc=43.44%
  Epoch   6: val_acc=44.56%
  Epoch   7: val_acc=48.04%
  Epoch   8: val_acc=50.25%
  Epoch   9: val_acc=49.59%
  Epoch  10: val_acc=50.38%
  Epoch  11: val_acc=52.45%
  Epoch  12: val_acc=55.14%
  Epoch  13: val_acc=55.36%
  Epoch  14: val_acc=57.26%
  Epoch  15: val_acc=55.47%
  Epoch  16: val_acc=56.69%
  Epoch  17: val_acc=57.34%
  Epoch  18: val_acc=57.17%
  Epoch  19: val_acc=57.35%
  Epoch  20: val_acc=57.57%
wandb: updating run metadata
wandb: uploading config.yaml; uploading output.log; uploading wandb-summary.json
wandb: uploading history steps 58-59, summary, console lines 20-20
wandb: 
wandb: Run history:
wandb:   Hybrid – no ZO/batch/grad_norm_raw █▂▁▁▁▁▂▂▁▁▁▁▁▁▁▁▂▁▁▁▁▁▁▁▁▁▁▁▁▂▁▁▁▁▁▁▁▁▁▂
wandb:       Hybrid – no ZO/batch/kfac_step ▁▁▁▁▁▁▁▁▁▁▁▁▁▁██▁▁▁▁▁▁▁▁▁▁▁▁▁▁▁▁▁▁██▁▁▁▁
wandb:            Hybrid – no ZO/batch/loss █▃▃▃▂▃▃▂▂▂▂▃▂▂▂▂▂▂▂▂▁▂▁▂▁▂▁▁▂▁▁▁▁▁▁▁▁▁▁▁
wandb:              Hybrid – no ZO/batch/lr ████████▇▇▇▇▇▇▆▆▆▆▅▅▄▄▄▄▃▃▃▃▂▂▂▂▂▂▁▁▁▁▁▁
wandb:        Hybrid – no ZO/batch/opt_step ▁▁▁▂▂▂▂▂▂▃▃▃▃▃▄▄▄▄▄▄▅▅▅▅▅▅▆▆▆▆▆▇▇▇▇▇▇███
wandb:          Hybrid – no ZO/batch/time_s ▂▁▂▁▂▁▂▁▂▁▂▁▂▁█▇▂▁▂▁▂▁▂▁▂▁▂▁▂▁▂▁▂▁▇▇▂▁▂▁
wandb:         Hybrid – no ZO/batch/zo_step ▁▁▁▁▁▁▁▁▁▁▁▁▁▁█▁▁▁▁▁▁▁▁▁▁▁▁▁▁▁▁▁▁▁▁█▁▁▁▁
wandb: ablation/Hybrid – no ZO/epoch_time_s ▂▃▆▃▆▆▄█▂▂▁▃▂▂▂▄▁▄▃▄
wandb:   ablation/Hybrid – no ZO/train_loss █▆▅▅▄▄▄▃▃▃▃▂▂▂▂▁▁▁▁▁
wandb: ablation/Hybrid – no ZO/val_accuracy ▁▂▃▅▅▅▆▆▆▆▇▇▇███████
wandb:                                   +3 ...
wandb: 
wandb: Run summary:
wandb:   Hybrid – no ZO/batch/grad_norm_raw 3.07395
wandb:       Hybrid – no ZO/batch/kfac_step 0
wandb:            Hybrid – no ZO/batch/loss 0.36093
wandb:              Hybrid – no ZO/batch/lr 1e-05
wandb:        Hybrid – no ZO/batch/opt_step 1894
wandb:          Hybrid – no ZO/batch/time_s 0.02144
wandb:         Hybrid – no ZO/batch/zo_step 0
wandb: ablation/Hybrid – no ZO/epoch_time_s 3.93538
wandb:   ablation/Hybrid – no ZO/train_loss 0.22912
wandb: ablation/Hybrid – no ZO/val_accuracy 57.57
wandb:                                   +5 ...
wandb: 
wandb: 🚀 View run ablation_Hybrid_no_no_ZO at: https://wandb.ai/dcll-iiitd/Hybrid-ZFS/runs/obda6klb
wandb: ⭐️ View project at: https://wandb.ai/dcll-iiitd/Hybrid-ZFS
wandb: Synced 5 W&B file(s), 0 media file(s), 0 artifact file(s) and 0 other file(s)
wandb: Find logs at: ./wandb/run-20260529_063648-obda6klb/logs
Saved: ablation.png
